robot_id,source,alias
RBT-0001,WMS,BOT-COLLISION-00
RBT-0001,FLEET,BOT-COLLISION-00
RBT-0001,CMMS,BOT-COLLISION-01
RBT-0002,WMS,BOT-COLLISION-01
RBT-0002,FLEET,BOT-COLLISION-02
RBT-0002,CMMS,BOT-COLLISION-02
RBT-0003,WMS,BOT-COLLISION-03
RBT-0003,FLEET,BOT-COLLISION-03
RBT-0003,CMMS,BOT-COLLISION-04
RBT-0004,WMS,BOT-COLLISION-04
RBT-0004,FLEET,BOT-COLLISION-05
RBT-0004,CMMS,BOT-COLLISION-05
RBT-0005,WMS,BOT-COLLISION-4
RBT-0005,FLEET,DC-01-AMR-005
RBT-0005,CMMS,ASSET-100005
RBT-0006,WMS,BOT-COLLISION-5
RBT-0006,FLEET,DC-01-CASE_PICKER-006
RBT-0006,CMMS,ASSET-100006
RBT-0007,WMS,BOT0007
RBT-0007,FLEET,DC-01-FORK_AMR-007
RBT-0007,CMMS,ASSET-100007
RBT-0008,WMS,BOT0008
RBT-0008,FLEET,DC-01-PALLET_MOVER-008
RBT-0008,CMMS,ASSET-100008
RBT-0009,WMS,BOT0009
RBT-0009,FLEET,DC-01-FORK_AMR-009
RBT-0009,CMMS,ASSET-100009
RBT-0010,WMS,BOT0010
RBT-0010,FLEET,DC-01-TUGGER-010
RBT-0010,CMMS,ASSET-100010
RBT-0011,WMS,BOT0011
RBT-0011,FLEET,DC-01-FORK_AMR-011
RBT-0011,CMMS,ASSET-100011
RBT-0012,WMS,BOT0012
RBT-0012,FLEET,DC-01-PALLET_MOVER-012
RBT-0012,CMMS,ASSET-100012
RBT-0013,WMS,BOT0013
RBT-0013,FLEET,DC-01-AGV-013
RBT-0013,CMMS,ASSET-100013
RBT-0014,WMS,BOT0014
RBT-0014,FLEET,DC-01-PALLET_MOVER-014
RBT-0014,CMMS,ASSET-100014
RBT-0015,WMS,BOT0015
RBT-0015,FLEET,DC-01-FORK_AMR-015
RBT-0015,CMMS,ASSET-100015
RBT-0016,WMS,BOT0016
RBT-0016,FLEET,DC-01-FORK_AMR-016
RBT-0016,CMMS,ASSET-100016
RBT-0017,WMS,BOT0017
RBT-0017,FLEET,DC-01-PALLET_MOVER-017
RBT-0017,CMMS,ASSET-100017
RBT-0018,WMS,BOT0018
RBT-0018,FLEET,DC-01-CASE_PICKER-018
RBT-0018,CMMS,ASSET-100018
RBT-0019,WMS,BOT0019
RBT-0019,FLEET,DC-01-FORK_AMR-019
RBT-0019,CMMS,ASSET-100019
RBT-0020,WMS,BOT0020
RBT-0020,FLEET,DC-01-TUGGER-020
RBT-0020,CMMS,ASSET-100020
RBT-0021,WMS,BOT0021
RBT-0021,FLEET,DC-01-FORK_AMR-021
RBT-0021,CMMS,ASSET-100021
RBT-0022,WMS,BOT0022
RBT-0022,FLEET,DC-01-CASE_PICKER-022
RBT-0022,CMMS,ASSET-100022
RBT-0023,WMS,BOT0023
RBT-0023,FLEET,DC-01-TUGGER-023
RBT-0023,CMMS,ASSET-100023
RBT-0024,WMS,BOT0024
RBT-0024,FLEET,DC-01-PALLET_MOVER-024
RBT-0024,CMMS,ASSET-100024
RBT-0025,WMS,BOT0025
RBT-0025,FLEET,DC-01-FORK_AMR-025
RBT-0025,CMMS,ASSET-100025
RBT-0026,WMS,BOT0026
RBT-0026,FLEET,DC-01-AGV-026
RBT-0026,CMMS,ASSET-100026
RBT-0027,WMS,BOT0027
RBT-0027,FLEET,DC-01-AMR-027
RBT-0027,CMMS,ASSET-100027
RBT-0028,WMS,BOT0028
RBT-0028,FLEET,DC-01-FORK_AMR-028
RBT-0028,CMMS,ASSET-100028
RBT-0029,WMS,BOT0029
RBT-0029,FLEET,DC-01-FORK_AMR-029
RBT-0029,CMMS,ASSET-100029
RBT-0030,WMS,BOT0030
RBT-0030,FLEET,DC-01-TUGGER-030
RBT-0030,CMMS,ASSET-100030
RBT-0031,WMS,BOT0031
RBT-0031,FLEET,DC-01-CASE_PICKER-031
RBT-0031,CMMS,ASSET-100031
RBT-0032,WMS,BOT0032
RBT-0032,FLEET,DC-01-AGV-032
RBT-0032,CMMS,ASSET-100032
RBT-0033,WMS,BOT0033
RBT-0033,FLEET,DC-01-CASE_PICKER-033
RBT-0033,CMMS,ASSET-100033
RBT-0034,WMS,BOT0034
RBT-0034,FLEET,DC-01-CASE_PICKER-034
RBT-0034,CMMS,ASSET-100034
RBT-0035,WMS,BOT0035
RBT-0035,FLEET,DC-01-FORK_AMR-035
RBT-0035,CMMS,ASSET-100035
RBT-0036,WMS,BOT0036
RBT-0036,FLEET,DC-01-CASE_PICKER-036
RBT-0036,CMMS,ASSET-100036
RBT-0037,WMS,BOT0037
RBT-0037,FLEET,DC-01-TUGGER-037
RBT-0037,CMMS,ASSET-100037
RBT-0038,WMS,BOT0038
RBT-0038,FLEET,DC-01-TUGGER-038
RBT-0038,CMMS,ASSET-100038
RBT-0039,WMS,BOT0039
RBT-0039,FLEET,DC-01-PALLET_MOVER-039
RBT-0039,CMMS,ASSET-100039
RBT-0040,WMS,BOT0040
RBT-0040,FLEET,DC-01-TUGGER-040
RBT-0040,CMMS,ASSET-100040
RBT-0041,WMS,BOT0041
RBT-0041,FLEET,DC-01-PALLET_MOVER-041
RBT-0041,CMMS,ASSET-100041
RBT-0042,WMS,BOT0042
RBT-0042,FLEET,DC-01-AMR-042
RBT-0042,CMMS,ASSET-100042
RBT-0043,WMS,BOT0043
RBT-0043,FLEET,DC-02-TUGGER-001
RBT-0043,CMMS,ASSET-100043
RBT-0044,WMS,BOT0044
RBT-0044,FLEET,DC-02-AGV-002
RBT-0044,CMMS,ASSET-100044
RBT-0045,WMS,BOT0045
RBT-0045,FLEET,DC-02-TUGGER-003
RBT-0045,CMMS,ASSET-100045
RBT-0046,WMS,BOT0046
RBT-0046,FLEET,DC-02-AMR-004
RBT-0046,CMMS,ASSET-100046
RBT-0047,WMS,BOT0047
RBT-0047,FLEET,DC-02-FORK_AMR-005
RBT-0047,CMMS,ASSET-100047
RBT-0048,WMS,BOT0048
RBT-0048,FLEET,DC-02-CASE_PICKER-006
RBT-0048,CMMS,ASSET-100048
RBT-0049,WMS,BOT0049
RBT-0049,FLEET,DC-02-FORK_AMR-007
RBT-0049,CMMS,ASSET-100049
RBT-0050,WMS,BOT0050
RBT-0050,FLEET,DC-02-FORK_AMR-008
RBT-0050,CMMS,ASSET-100050
RBT-0051,WMS,BOT0051
RBT-0051,FLEET,DC-02-FORK_AMR-009
RBT-0051,CMMS,ASSET-100051
RBT-0052,WMS,BOT0052
RBT-0052,FLEET,DC-02-PALLET_MOVER-010
RBT-0052,CMMS,ASSET-100052
RBT-0053,WMS,BOT0053
RBT-0053,FLEET,DC-02-CASE_PICKER-011
RBT-0053,CMMS,ASSET-100053
RBT-0054,WMS,BOT0054
RBT-0054,FLEET,DC-02-FORK_AMR-012
RBT-0054,CMMS,ASSET-100054
RBT-0055,WMS,BOT0055
RBT-0055,FLEET,DC-02-PALLET_MOVER-013
RBT-0055,CMMS,ASSET-100055
RBT-0056,WMS,BOT0056
RBT-0056,FLEET,DC-02-AGV-014
RBT-0056,CMMS,ASSET-100056
RBT-0057,WMS,BOT0057
RBT-0057,FLEET,DC-02-AGV-015
RBT-0057,CMMS,ASSET-100057
RBT-0058,WMS,BOT0058
RBT-0058,FLEET,DC-02-TUGGER-016
RBT-0058,CMMS,ASSET-100058
RBT-0059,WMS,BOT0059
RBT-0059,FLEET,DC-02-CASE_PICKER-017
RBT-0059,CMMS,ASSET-100059
RBT-0060,WMS,BOT0060
RBT-0060,FLEET,DC-02-AMR-018
RBT-0060,CMMS,ASSET-100060
RBT-0061,WMS,BOT0061
RBT-0061,FLEET,DC-02-CASE_PICKER-019
RBT-0061,CMMS,ASSET-100061
RBT-0062,WMS,BOT0062
RBT-0062,FLEET,DC-02-AGV-020
RBT-0062,CMMS,ASSET-100062
RBT-0063,WMS,BOT0063
RBT-0063,FLEET,DC-02-AGV-021
RBT-0063,CMMS,ASSET-100063
RBT-0064,WMS,BOT0064
RBT-0064,FLEET,DC-02-FORK_AMR-022
RBT-0064,CMMS,ASSET-100064
RBT-0065,WMS,BOT0065
RBT-0065,FLEET,DC-02-PALLET_MOVER-023
RBT-0065,CMMS,ASSET-100065
RBT-0066,WMS,BOT0066
RBT-0066,FLEET,DC-02-TUGGER-024
RBT-0066,CMMS,ASSET-100066
RBT-0067,WMS,BOT0067
RBT-0067,FLEET,DC-02-AGV-025
RBT-0067,CMMS,ASSET-100067
RBT-0068,WMS,BOT0068
RBT-0068,FLEET,DC-02-FORK_AMR-026
RBT-0068,CMMS,ASSET-100068
RBT-0069,WMS,BOT0069
RBT-0069,FLEET,DC-02-PALLET_MOVER-027
RBT-0069,CMMS,ASSET-100069
RBT-0070,WMS,BOT0070
RBT-0070,FLEET,DC-02-AMR-028
RBT-0070,CMMS,ASSET-100070
RBT-0071,WMS,BOT0071
RBT-0071,FLEET,DC-02-CASE_PICKER-029
RBT-0071,CMMS,ASSET-100071
RBT-0072,WMS,BOT0072
RBT-0072,FLEET,DC-02-AGV-030
RBT-0072,CMMS,ASSET-100072
RBT-0073,WMS,BOT0073
RBT-0073,FLEET,DC-02-FORK_AMR-031
RBT-0073,CMMS,ASSET-100073
RBT-0074,WMS,BOT0074
RBT-0074,FLEET,DC-02-FORK_AMR-032
RBT-0074,CMMS,ASSET-100074
RBT-0075,WMS,BOT0075
RBT-0075,FLEET,DC-02-FORK_AMR-033
RBT-0075,CMMS,ASSET-100075
RBT-0076,WMS,BOT0076
RBT-0076,FLEET,DC-02-TUGGER-034
RBT-0076,CMMS,ASSET-100076
RBT-0077,WMS,BOT0077
RBT-0077,FLEET,DC-02-CASE_PICKER-035
RBT-0077,CMMS,ASSET-100077
RBT-0078,WMS,BOT0078
RBT-0078,FLEET,DC-02-AMR-036
RBT-0078,CMMS,ASSET-100078
RBT-0079,WMS,BOT0079
RBT-0079,FLEET,DC-02-PALLET_MOVER-037
RBT-0079,CMMS,ASSET-100079
RBT-0080,WMS,BOT0080
RBT-0080,FLEET,DC-02-AMR-038
RBT-0080,CMMS,ASSET-100080
RBT-0081,WMS,BOT0081
RBT-0081,FLEET,DC-02-FORK_AMR-039
RBT-0081,CMMS,ASSET-100081
RBT-0082,WMS,BOT0082
RBT-0082,FLEET,DC-02-CASE_PICKER-040
RBT-0082,CMMS,ASSET-100082
RBT-0083,WMS,BOT0083
RBT-0083,FLEET,DC-02-CASE_PICKER-041
RBT-0083,CMMS,ASSET-100083
RBT-0084,WMS,BOT0084
RBT-0084,FLEET,DC-02-CASE_PICKER-042
RBT-0084,CMMS,ASSET-100084
RBT-0085,WMS,BOT0085
RBT-0085,FLEET,DC-02-AMR-043
RBT-0085,CMMS,ASSET-100085
RBT-0086,WMS,BOT0086
RBT-0086,FLEET,DC-03-CASE_PICKER-001
RBT-0086,CMMS,ASSET-100086
RBT-0087,WMS,BOT0087
RBT-0087,FLEET,DC-03-CASE_PICKER-002
RBT-0087,CMMS,ASSET-100087
RBT-0088,WMS,BOT0088
RBT-0088,FLEET,DC-03-TUGGER-003
RBT-0088,CMMS,ASSET-100088
RBT-0089,WMS,BOT0089
RBT-0089,FLEET,DC-03-TUGGER-004
RBT-0089,CMMS,ASSET-100089
RBT-0090,WMS,BOT0090
RBT-0090,FLEET,DC-03-FORK_AMR-005
RBT-0090,CMMS,ASSET-100090
RBT-0091,WMS,BOT0091
RBT-0091,FLEET,DC-03-FORK_AMR-006
RBT-0091,CMMS,ASSET-100091
RBT-0092,WMS,BOT0092
RBT-0092,FLEET,DC-03-FORK_AMR-007
RBT-0092,CMMS,ASSET-100092
RBT-0093,WMS,BOT0093
RBT-0093,FLEET,DC-03-AMR-008
RBT-0093,CMMS,ASSET-100093
RBT-0094,WMS,BOT0094
RBT-0094,FLEET,DC-03-TUGGER-009
RBT-0094,CMMS,ASSET-100094
RBT-0095,WMS,BOT0095
RBT-0095,FLEET,DC-03-AGV-010
RBT-0095,CMMS,ASSET-100095
RBT-0096,WMS,BOT0096
RBT-0096,FLEET,DC-03-AGV-011
RBT-0096,CMMS,ASSET-100096
RBT-0097,WMS,BOT0097
RBT-0097,FLEET,DC-03-AMR-012
RBT-0097,CMMS,ASSET-100097
RBT-0098,WMS,BOT0098
RBT-0098,FLEET,DC-03-PALLET_MOVER-013
RBT-0098,CMMS,ASSET-100098
RBT-0099,WMS,BOT0099
RBT-0099,FLEET,DC-03-AMR-014
RBT-0099,CMMS,ASSET-100099
RBT-0100,WMS,BOT0100
RBT-0100,FLEET,DC-03-FORK_AMR-015
RBT-0100,CMMS,ASSET-100100
RBT-0101,WMS,BOT0101
RBT-0101,FLEET,DC-03-PALLET_MOVER-016
RBT-0101,CMMS,ASSET-100101
RBT-0102,WMS,BOT0102
RBT-0102,FLEET,DC-03-PALLET_MOVER-017
RBT-0102,CMMS,ASSET-100102
RBT-0103,WMS,BOT0103
RBT-0103,FLEET,DC-03-FORK_AMR-018
RBT-0103,CMMS,ASSET-100103
RBT-0104,WMS,BOT0104
RBT-0104,FLEET,DC-03-TUGGER-019
RBT-0104,CMMS,ASSET-100104
RBT-0105,WMS,BOT0105
RBT-0105,FLEET,DC-03-FORK_AMR-020
RBT-0105,CMMS,ASSET-100105
RBT-0106,WMS,BOT0106
RBT-0106,FLEET,DC-03-AGV-021
RBT-0106,CMMS,ASSET-100106
RBT-0107,WMS,BOT0107
RBT-0107,FLEET,DC-03-AMR-022
RBT-0107,CMMS,ASSET-100107
RBT-0108,WMS,BOT0108
RBT-0108,FLEET,DC-03-TUGGER-023
RBT-0108,CMMS,ASSET-100108
RBT-0109,WMS,BOT0109
RBT-0109,FLEET,DC-03-FORK_AMR-024
RBT-0109,CMMS,ASSET-100109
RBT-0110,WMS,BOT0110
RBT-0110,FLEET,DC-03-AGV-025
RBT-0110,CMMS,ASSET-100110
RBT-0111,WMS,BOT0111
RBT-0111,FLEET,DC-03-PALLET_MOVER-026
RBT-0111,CMMS,ASSET-100111
RBT-0112,WMS,BOT0112
RBT-0112,FLEET,DC-03-PALLET_MOVER-027
RBT-0112,CMMS,ASSET-100112
RBT-0113,WMS,BOT0113
RBT-0113,FLEET,DC-03-AMR-028
RBT-0113,CMMS,ASSET-100113
RBT-0114,WMS,BOT0114
RBT-0114,FLEET,DC-03-AMR-029
RBT-0114,CMMS,ASSET-100114
RBT-0115,WMS,BOT0115
RBT-0115,FLEET,DC-03-CASE_PICKER-030
RBT-0115,CMMS,ASSET-100115
RBT-0116,WMS,BOT0116
RBT-0116,FLEET,DC-03-AGV-031
RBT-0116,CMMS,ASSET-100116
RBT-0117,WMS,BOT0117
RBT-0117,FLEET,DC-03-FORK_AMR-032
RBT-0117,CMMS,ASSET-100117
RBT-0118,WMS,BOT0118
RBT-0118,FLEET,DC-03-TUGGER-033
RBT-0118,CMMS,ASSET-100118
RBT-0119,WMS,BOT0119
RBT-0119,FLEET,DC-03-AMR-034
RBT-0119,CMMS,ASSET-100119
RBT-0120,WMS,BOT0120
RBT-0120,FLEET,DC-03-PALLET_MOVER-035
RBT-0120,CMMS,ASSET-100120
RBT-0121,WMS,BOT0121
RBT-0121,FLEET,DC-03-FORK_AMR-036
RBT-0121,CMMS,ASSET-100121
RBT-0122,WMS,BOT0122
RBT-0122,FLEET,DC-03-PALLET_MOVER-037
RBT-0122,CMMS,ASSET-100122
RBT-0123,WMS,BOT0123
RBT-0123,FLEET,DC-03-TUGGER-038
RBT-0123,CMMS,ASSET-100123
RBT-0124,WMS,BOT0124
RBT-0124,FLEET,DC-03-TUGGER-039
RBT-0124,CMMS,ASSET-100124
RBT-0125,WMS,BOT0125
RBT-0125,FLEET,DC-03-FORK_AMR-040
RBT-0125,CMMS,ASSET-100125
RBT-0126,WMS,BOT0126
RBT-0126,FLEET,DC-04-AMR-001
RBT-0126,CMMS,ASSET-100126
RBT-0127,WMS,BOT0127
RBT-0127,FLEET,DC-04-AGV-002
RBT-0127,CMMS,ASSET-100127
RBT-0128,WMS,BOT0128
RBT-0128,FLEET,DC-04-TUGGER-003
RBT-0128,CMMS,ASSET-100128
RBT-0129,WMS,BOT0129
RBT-0129,FLEET,DC-04-AMR-004
RBT-0129,CMMS,ASSET-100129
RBT-0130,WMS,BOT0130
RBT-0130,FLEET,DC-04-AGV-005
RBT-0130,CMMS,ASSET-100130
RBT-0131,WMS,BOT0131
RBT-0131,FLEET,DC-04-CASE_PICKER-006
RBT-0131,CMMS,ASSET-100131
RBT-0132,WMS,BOT0132
RBT-0132,FLEET,DC-04-AGV-007
RBT-0132,CMMS,ASSET-100132
RBT-0133,WMS,BOT0133
RBT-0133,FLEET,DC-04-FORK_AMR-008
RBT-0133,CMMS,ASSET-100133
RBT-0134,WMS,BOT0134
RBT-0134,FLEET,DC-04-TUGGER-009
RBT-0134,CMMS,ASSET-100134
RBT-0135,WMS,BOT0135
RBT-0135,FLEET,DC-04-PALLET_MOVER-010
RBT-0135,CMMS,ASSET-100135
RBT-0136,WMS,BOT0136
RBT-0136,FLEET,DC-04-AGV-011
RBT-0136,CMMS,ASSET-100136
RBT-0137,WMS,BOT0137
RBT-0137,FLEET,DC-04-PALLET_MOVER-012
RBT-0137,CMMS,ASSET-100137
RBT-0138,WMS,BOT0138
RBT-0138,FLEET,DC-04-AMR-013
RBT-0138,CMMS,ASSET-100138
RBT-0139,WMS,BOT0139
RBT-0139,FLEET,DC-04-AGV-014
RBT-0139,CMMS,ASSET-100139
RBT-0140,WMS,BOT0140
RBT-0140,FLEET,DC-04-CASE_PICKER-015
RBT-0140,CMMS,ASSET-100140
RBT-0141,WMS,BOT0141
RBT-0141,FLEET,DC-04-FORK_AMR-016
RBT-0141,CMMS,ASSET-100141
RBT-0142,WMS,BOT0142
RBT-0142,FLEET,DC-04-TUGGER-017
RBT-0142,CMMS,ASSET-100142
RBT-0143,WMS,BOT0143
RBT-0143,FLEET,DC-04-TUGGER-018
RBT-0143,CMMS,ASSET-100143
RBT-0144,WMS,BOT0144
RBT-0144,FLEET,DC-04-PALLET_MOVER-019
RBT-0144,CMMS,ASSET-100144
RBT-0145,WMS,BOT0145
RBT-0145,FLEET,DC-04-AMR-020
RBT-0145,CMMS,ASSET-100145
RBT-0146,WMS,BOT0146
RBT-0146,FLEET,DC-04-TUGGER-021
RBT-0146,CMMS,ASSET-100146
RBT-0147,WMS,BOT0147
RBT-0147,FLEET,DC-04-PALLET_MOVER-022
RBT-0147,CMMS,ASSET-100147
RBT-0148,WMS,BOT0148
RBT-0148,FLEET,DC-04-TUGGER-023
RBT-0148,CMMS,ASSET-100148
RBT-0149,WMS,BOT0149
RBT-0149,FLEET,DC-04-FORK_AMR-024
RBT-0149,CMMS,ASSET-100149
RBT-0150,WMS,BOT0150
RBT-0150,FLEET,DC-04-CASE_PICKER-025
RBT-0150,CMMS,ASSET-100150
RBT-0151,WMS,BOT0151
RBT-0151,FLEET,DC-04-TUGGER-026
RBT-0151,CMMS,ASSET-100151
RBT-0152,WMS,BOT0152
RBT-0152,FLEET,DC-04-CASE_PICKER-027
RBT-0152,CMMS,ASSET-100152
RBT-0153,WMS,BOT0153
RBT-0153,FLEET,DC-04-AMR-028
RBT-0153,CMMS,ASSET-100153
RBT-0154,WMS,BOT0154
RBT-0154,FLEET,DC-04-AGV-029
RBT-0154,CMMS,ASSET-100154
RBT-0155,WMS,BOT0155
RBT-0155,FLEET,DC-04-PALLET_MOVER-030
RBT-0155,CMMS,ASSET-100155
RBT-0156,WMS,BOT0156
RBT-0156,FLEET,DC-04-AMR-031
RBT-0156,CMMS,ASSET-100156
RBT-0157,WMS,BOT0157
RBT-0157,FLEET,DC-04-AMR-032
RBT-0157,CMMS,ASSET-100157
RBT-0158,WMS,BOT0158
RBT-0158,FLEET,DC-04-AGV-033
RBT-0158,CMMS,ASSET-100158
RBT-0159,WMS,BOT0159
RBT-0159,FLEET,DC-04-AMR-034
RBT-0159,CMMS,ASSET-100159
RBT-0160,WMS,BOT0160
RBT-0160,FLEET,DC-04-AGV-035
RBT-0160,CMMS,ASSET-100160
RBT-0161,WMS,BOT0161
RBT-0161,FLEET,DC-04-AGV-036
RBT-0161,CMMS,ASSET-100161
RBT-0162,WMS,BOT0162
RBT-0162,FLEET,DC-04-AGV-037
RBT-0162,CMMS,ASSET-100162
RBT-0163,WMS,BOT0163
RBT-0163,FLEET,DC-04-TUGGER-038
RBT-0163,CMMS,ASSET-100163
RBT-0164,WMS,BOT0164
RBT-0164,FLEET,DC-04-FORK_AMR-039
RBT-0164,CMMS,ASSET-100164
RBT-0165,WMS,BOT0165
RBT-0165,FLEET,DC-04-PALLET_MOVER-040
RBT-0165,CMMS,ASSET-100165
RBT-0166,WMS,BOT0166
RBT-0166,FLEET,DC-04-AMR-041
RBT-0166,CMMS,ASSET-100166
RBT-0167,WMS,BOT0167
RBT-0167,FLEET,DC-04-AMR-042
RBT-0167,CMMS,ASSET-100167
RBT-0168,WMS,BOT0168
RBT-0168,FLEET,DC-04-AGV-043
RBT-0168,CMMS,ASSET-100168
RBT-0169,WMS,BOT0169
RBT-0169,FLEET,DC-04-AMR-044
RBT-0169,CMMS,ASSET-100169
RBT-0170,WMS,BOT0170
RBT-0170,FLEET,DC-04-TUGGER-045
RBT-0170,CMMS,ASSET-100170
RBT-0171,WMS,BOT0171
RBT-0171,FLEET,DC-05-CASE_PICKER-001
RBT-0171,CMMS,ASSET-100171
RBT-0172,WMS,BOT0172
RBT-0172,FLEET,DC-05-FORK_AMR-002
RBT-0172,CMMS,ASSET-100172
RBT-0173,WMS,BOT0173
RBT-0173,FLEET,DC-05-TUGGER-003
RBT-0173,CMMS,ASSET-100173
RBT-0174,WMS,BOT0174
RBT-0174,FLEET,DC-05-AMR-004
RBT-0174,CMMS,ASSET-100174
RBT-0175,WMS,BOT0175
RBT-0175,FLEET,DC-05-TUGGER-005
RBT-0175,CMMS,ASSET-100175
RBT-0176,WMS,BOT0176
RBT-0176,FLEET,DC-05-TUGGER-006
RBT-0176,CMMS,ASSET-100176
RBT-0177,WMS,BOT0177
RBT-0177,FLEET,DC-05-PALLET_MOVER-007
RBT-0177,CMMS,ASSET-100177
RBT-0178,WMS,BOT0178
RBT-0178,FLEET,DC-05-PALLET_MOVER-008
RBT-0178,CMMS,ASSET-100178
RBT-0179,WMS,BOT0179
RBT-0179,FLEET,DC-05-PALLET_MOVER-009
RBT-0179,CMMS,ASSET-100179
RBT-0180,WMS,BOT0180
RBT-0180,FLEET,DC-05-PALLET_MOVER-010
RBT-0180,CMMS,ASSET-100180
RBT-0181,WMS,BOT0181
RBT-0181,FLEET,DC-05-FORK_AMR-011
RBT-0181,CMMS,ASSET-100181
RBT-0182,WMS,BOT0182
RBT-0182,FLEET,DC-05-AMR-012
RBT-0182,CMMS,ASSET-100182
RBT-0183,WMS,BOT0183
RBT-0183,FLEET,DC-05-PALLET_MOVER-013
RBT-0183,CMMS,ASSET-100183
RBT-0184,WMS,BOT0184
RBT-0184,FLEET,DC-05-CASE_PICKER-014
RBT-0184,CMMS,ASSET-100184
RBT-0185,WMS,BOT0185
RBT-0185,FLEET,DC-05-AGV-015
RBT-0185,CMMS,ASSET-100185
RBT-0186,WMS,BOT0186
RBT-0186,FLEET,DC-05-AMR-016
RBT-0186,CMMS,ASSET-100186
RBT-0187,WMS,BOT0187
RBT-0187,FLEET,DC-05-TUGGER-017
RBT-0187,CMMS,ASSET-100187
RBT-0188,WMS,BOT0188
RBT-0188,FLEET,DC-05-PALLET_MOVER-018
RBT-0188,CMMS,ASSET-100188
RBT-0189,WMS,BOT0189
RBT-0189,FLEET,DC-05-AMR-019
RBT-0189,CMMS,ASSET-100189
RBT-0190,WMS,BOT0190
RBT-0190,FLEET,DC-05-CASE_PICKER-020
RBT-0190,CMMS,ASSET-100190
RBT-0191,WMS,BOT0191
RBT-0191,FLEET,DC-05-CASE_PICKER-021
RBT-0191,CMMS,ASSET-100191
RBT-0192,WMS,BOT0192
RBT-0192,FLEET,DC-05-PALLET_MOVER-022
RBT-0192,CMMS,ASSET-100192
RBT-0193,WMS,BOT0193
RBT-0193,FLEET,DC-05-AGV-023
RBT-0193,CMMS,ASSET-100193
RBT-0194,WMS,BOT0194
RBT-0194,FLEET,DC-05-AMR-024
RBT-0194,CMMS,ASSET-100194
RBT-0195,WMS,BOT0195
RBT-0195,FLEET,DC-05-AGV-025
RBT-0195,CMMS,ASSET-100195
RBT-0196,WMS,BOT0196
RBT-0196,FLEET,DC-05-TUGGER-026
RBT-0196,CMMS,ASSET-100196
RBT-0197,WMS,BOT0197
RBT-0197,FLEET,DC-05-CASE_PICKER-027
RBT-0197,CMMS,ASSET-100197
RBT-0198,WMS,BOT0198
RBT-0198,FLEET,DC-05-CASE_PICKER-028
RBT-0198,CMMS,ASSET-100198
RBT-0199,WMS,BOT0199
RBT-0199,FLEET,DC-05-CASE_PICKER-029
RBT-0199,CMMS,ASSET-100199
RBT-0200,WMS,BOT0200
RBT-0200,FLEET,DC-05-FORK_AMR-030
RBT-0200,CMMS,ASSET-100200
RBT-0201,WMS,BOT0201
RBT-0201,FLEET,DC-06-FORK_AMR-001
RBT-0201,CMMS,ASSET-100201
RBT-0202,WMS,BOT0202
RBT-0202,FLEET,DC-06-AGV-002
RBT-0202,CMMS,ASSET-100202
RBT-0203,WMS,BOT0203
RBT-0203,FLEET,DC-06-PALLET_MOVER-003
RBT-0203,CMMS,ASSET-100203
RBT-0204,WMS,BOT0204
RBT-0204,FLEET,DC-06-AMR-004
RBT-0204,CMMS,ASSET-100204
RBT-0205,WMS,BOT0205
RBT-0205,FLEET,DC-06-AMR-005
RBT-0205,CMMS,ASSET-100205
RBT-0206,WMS,BOT0206
RBT-0206,FLEET,DC-06-AGV-006
RBT-0206,CMMS,ASSET-100206
RBT-0207,WMS,BOT0207
RBT-0207,FLEET,DC-06-FORK_AMR-007
RBT-0207,CMMS,ASSET-100207
RBT-0208,WMS,BOT0208
RBT-0208,FLEET,DC-06-FORK_AMR-008
RBT-0208,CMMS,ASSET-100208
RBT-0209,WMS,BOT0209
RBT-0209,FLEET,DC-06-AMR-009
RBT-0209,CMMS,ASSET-100209
RBT-0210,WMS,BOT0210
RBT-0210,FLEET,DC-06-TUGGER-010
RBT-0210,CMMS,ASSET-100210
RBT-0211,WMS,BOT0211
RBT-0211,FLEET,DC-06-TUGGER-011
RBT-0211,CMMS,ASSET-100211
RBT-0212,WMS,BOT0212
RBT-0212,FLEET,DC-06-CASE_PICKER-012
RBT-0212,CMMS,ASSET-100212
RBT-0213,WMS,BOT0213
RBT-0213,FLEET,DC-06-PALLET_MOVER-013
RBT-0213,CMMS,ASSET-100213
RBT-0214,WMS,BOT0214
RBT-0214,FLEET,DC-06-AGV-014
RBT-0214,CMMS,ASSET-100214
RBT-0215,WMS,BOT0215
RBT-0215,FLEET,DC-06-FORK_AMR-015
RBT-0215,CMMS,ASSET-100215
RBT-0216,WMS,BOT0216
RBT-0216,FLEET,DC-06-AGV-016
RBT-0216,CMMS,ASSET-100216
RBT-0217,WMS,BOT0217
RBT-0217,FLEET,DC-06-AGV-017
RBT-0217,CMMS,ASSET-100217
RBT-0218,WMS,BOT0218
RBT-0218,FLEET,DC-06-FORK_AMR-018
RBT-0218,CMMS,ASSET-100218
RBT-0219,WMS,BOT0219
RBT-0219,FLEET,DC-06-AMR-019
RBT-0219,CMMS,ASSET-100219
RBT-0220,WMS,BOT0220
RBT-0220,FLEET,DC-06-PALLET_MOVER-020
RBT-0220,CMMS,ASSET-100220
RBT-0221,WMS,BOT0221
RBT-0221,FLEET,DC-06-PALLET_MOVER-021
RBT-0221,CMMS,ASSET-100221
RBT-0222,WMS,BOT0222
RBT-0222,FLEET,DC-06-CASE_PICKER-022
RBT-0222,CMMS,ASSET-100222
RBT-0223,WMS,BOT0223
RBT-0223,FLEET,DC-06-TUGGER-023
RBT-0223,CMMS,ASSET-100223
RBT-0224,WMS,BOT0224
RBT-0224,FLEET,DC-06-PALLET_MOVER-024
RBT-0224,CMMS,ASSET-100224
RBT-0225,WMS,BOT0225
RBT-0225,FLEET,DC-06-AGV-025
RBT-0225,CMMS,ASSET-100225
RBT-0226,WMS,BOT0226
RBT-0226,FLEET,DC-06-TUGGER-026
RBT-0226,CMMS,ASSET-100226
RBT-0227,WMS,BOT0227
RBT-0227,FLEET,DC-06-PALLET_MOVER-027
RBT-0227,CMMS,ASSET-100227
RBT-0228,WMS,BOT0228
RBT-0228,FLEET,DC-06-CASE_PICKER-028
RBT-0228,CMMS,ASSET-100228
RBT-0229,WMS,BOT0229
RBT-0229,FLEET,DC-06-TUGGER-029
RBT-0229,CMMS,ASSET-100229
RBT-0230,WMS,BOT0230
RBT-0230,FLEET,DC-06-FORK_AMR-030
RBT-0230,CMMS,ASSET-100230
RBT-0231,WMS,BOT0231
RBT-0231,FLEET,DC-06-PALLET_MOVER-031
RBT-0231,CMMS,ASSET-100231
RBT-0232,WMS,BOT0232
RBT-0232,FLEET,DC-06-CASE_PICKER-032
RBT-0232,CMMS,ASSET-100232
RBT-0233,WMS,BOT0233
RBT-0233,FLEET,DC-06-AMR-033
RBT-0233,CMMS,ASSET-100233
RBT-0234,WMS,BOT0234
RBT-0234,FLEET,DC-06-TUGGER-034
RBT-0234,CMMS,ASSET-100234
RBT-0235,WMS,BOT0235
RBT-0235,FLEET,DC-06-FORK_AMR-035
RBT-0235,CMMS,ASSET-100235
RBT-0236,WMS,BOT0236
RBT-0236,FLEET,DC-06-AMR-036
RBT-0236,CMMS,ASSET-100236
RBT-0237,WMS,BOT0237
RBT-0237,FLEET,DC-06-AGV-037
RBT-0237,CMMS,ASSET-100237
RBT-0238,WMS,BOT0238
RBT-0238,FLEET,DC-06-FORK_AMR-038
RBT-0238,CMMS,ASSET-100238
RBT-0239,WMS,BOT0239
RBT-0239,FLEET,DC-06-CASE_PICKER-039
RBT-0239,CMMS,ASSET-100239
RBT-0240,WMS,BOT0240
RBT-0240,FLEET,DC-06-PALLET_MOVER-040
RBT-0240,CMMS,ASSET-100240
RBT-0241,WMS,BOT0241
RBT-0241,FLEET,DC-06-FORK_AMR-041
RBT-0241,CMMS,ASSET-100241
RBT-0242,WMS,BOT0242
RBT-0242,FLEET,DC-06-AGV-042
RBT-0242,CMMS,ASSET-100242
RBT-0243,WMS,BOT0243
RBT-0243,FLEET,DC-06-PALLET_MOVER-043
RBT-0243,CMMS,ASSET-100243
RBT-0244,WMS,BOT0244
RBT-0244,FLEET,DC-06-TUGGER-044
RBT-0244,CMMS,ASSET-100244
RBT-0245,WMS,BOT0245
RBT-0245,FLEET,DC-07-AGV-001
RBT-0245,CMMS,ASSET-100245
RBT-0246,WMS,BOT0246
RBT-0246,FLEET,DC-07-TUGGER-002
RBT-0246,CMMS,ASSET-100246
RBT-0247,WMS,BOT0247
RBT-0247,FLEET,DC-07-AGV-003
RBT-0247,CMMS,ASSET-100247
RBT-0248,WMS,BOT0248
RBT-0248,FLEET,DC-07-AGV-004
RBT-0248,CMMS,ASSET-100248
RBT-0249,WMS,BOT0249
RBT-0249,FLEET,DC-07-CASE_PICKER-005
RBT-0249,CMMS,ASSET-100249
RBT-0250,WMS,BOT0250
RBT-0250,FLEET,DC-07-TUGGER-006
RBT-0250,CMMS,ASSET-100250
RBT-0251,WMS,BOT0251
RBT-0251,FLEET,DC-07-FORK_AMR-007
RBT-0251,CMMS,ASSET-100251
RBT-0252,WMS,BOT0252
RBT-0252,FLEET,DC-07-PALLET_MOVER-008
RBT-0252,CMMS,ASSET-100252
RBT-0253,WMS,BOT0253
RBT-0253,FLEET,DC-07-PALLET_MOVER-009
RBT-0253,CMMS,ASSET-100253
RBT-0254,WMS,BOT0254
RBT-0254,FLEET,DC-07-AGV-010
RBT-0254,CMMS,ASSET-100254
RBT-0255,WMS,BOT0255
RBT-0255,FLEET,DC-07-AGV-011
RBT-0255,CMMS,ASSET-100255
RBT-0256,WMS,BOT0256
RBT-0256,FLEET,DC-07-AGV-012
RBT-0256,CMMS,ASSET-100256
RBT-0257,WMS,BOT0257
RBT-0257,FLEET,DC-07-CASE_PICKER-013
RBT-0257,CMMS,ASSET-100257
RBT-0258,WMS,BOT0258
RBT-0258,FLEET,DC-07-FORK_AMR-014
RBT-0258,CMMS,ASSET-100258
RBT-0259,WMS,BOT0259
RBT-0259,FLEET,DC-07-AMR-015
RBT-0259,CMMS,ASSET-100259
RBT-0260,WMS,BOT0260
RBT-0260,FLEET,DC-07-PALLET_MOVER-016
RBT-0260,CMMS,ASSET-100260
RBT-0261,WMS,BOT0261
RBT-0261,FLEET,DC-07-AMR-017
RBT-0261,CMMS,ASSET-100261
RBT-0262,WMS,BOT0262
RBT-0262,FLEET,DC-07-AMR-018
RBT-0262,CMMS,ASSET-100262
RBT-0263,WMS,BOT0263
RBT-0263,FLEET,DC-07-AGV-019
RBT-0263,CMMS,ASSET-100263
RBT-0264,WMS,BOT0264
RBT-0264,FLEET,DC-07-AGV-020
RBT-0264,CMMS,ASSET-100264
RBT-0265,WMS,BOT0265
RBT-0265,FLEET,DC-07-PALLET_MOVER-021
RBT-0265,CMMS,ASSET-100265
RBT-0266,WMS,BOT0266
RBT-0266,FLEET,DC-07-CASE_PICKER-022
RBT-0266,CMMS,ASSET-100266
RBT-0267,WMS,BOT0267
RBT-0267,FLEET,DC-07-AGV-023
RBT-0267,CMMS,ASSET-100267
RBT-0268,WMS,BOT0268
RBT-0268,FLEET,DC-07-FORK_AMR-024
RBT-0268,CMMS,ASSET-100268
RBT-0269,WMS,BOT0269
RBT-0269,FLEET,DC-07-CASE_PICKER-025
RBT-0269,CMMS,ASSET-100269
RBT-0270,WMS,BOT0270
RBT-0270,FLEET,DC-07-FORK_AMR-026
RBT-0270,CMMS,ASSET-100270
RBT-0271,WMS,BOT0271
RBT-0271,FLEET,DC-07-AMR-027
RBT-0271,CMMS,ASSET-100271
RBT-0272,WMS,BOT0272
RBT-0272,FLEET,DC-07-TUGGER-028
RBT-0272,CMMS,ASSET-100272
RBT-0273,WMS,BOT0273
RBT-0273,FLEET,DC-07-AMR-029
RBT-0273,CMMS,ASSET-100273
RBT-0274,WMS,BOT0274
RBT-0274,FLEET,DC-07-FORK_AMR-030
RBT-0274,CMMS,ASSET-100274
RBT-0275,WMS,BOT0275
RBT-0275,FLEET,DC-07-AGV-031
RBT-0275,CMMS,ASSET-100275
RBT-0276,WMS,BOT0276
RBT-0276,FLEET,DC-07-FORK_AMR-032
RBT-0276,CMMS,ASSET-100276
RBT-0277,WMS,BOT0277
RBT-0277,FLEET,DC-07-FORK_AMR-033
RBT-0277,CMMS,ASSET-100277
RBT-0278,WMS,BOT0278
RBT-0278,FLEET,DC-07-PALLET_MOVER-034
RBT-0278,CMMS,ASSET-100278
RBT-0279,WMS,BOT0279
RBT-0279,FLEET,DC-07-FORK_AMR-035
RBT-0279,CMMS,ASSET-100279
RBT-0280,WMS,BOT0280
RBT-0280,FLEET,DC-07-AMR-036
RBT-0280,CMMS,ASSET-100280
RBT-0281,WMS,BOT0281
RBT-0281,FLEET,DC-07-CASE_PICKER-037
RBT-0281,CMMS,ASSET-100281
RBT-0282,WMS,BOT0282
RBT-0282,FLEET,DC-07-TUGGER-038
RBT-0282,CMMS,ASSET-100282
RBT-0283,WMS,BOT0283
RBT-0283,FLEET,DC-07-FORK_AMR-039
RBT-0283,CMMS,ASSET-100283
RBT-0284,WMS,BOT0284
RBT-0284,FLEET,DC-07-PALLET_MOVER-040
RBT-0284,CMMS,ASSET-100284
RBT-0285,WMS,BOT0285
RBT-0285,FLEET,DC-07-TUGGER-041
RBT-0285,CMMS,ASSET-100285
RBT-0286,WMS,BOT0286
RBT-0286,FLEET,DC-07-PALLET_MOVER-042
RBT-0286,CMMS,ASSET-100286
RBT-0287,WMS,BOT0287
RBT-0287,FLEET,DC-07-CASE_PICKER-043
RBT-0287,CMMS,ASSET-100287
RBT-0288,WMS,BOT0288
RBT-0288,FLEET,DC-07-CASE_PICKER-044
RBT-0288,CMMS,ASSET-100288
RBT-0289,WMS,BOT0289
RBT-0289,FLEET,DC-07-PALLET_MOVER-045
RBT-0289,CMMS,ASSET-100289
RBT-0290,WMS,BOT0290
RBT-0290,FLEET,DC-07-AMR-046
RBT-0290,CMMS,ASSET-100290
RBT-0291,WMS,BOT0291
RBT-0291,FLEET,DC-08-AMR-001
RBT-0291,CMMS,ASSET-100291
RBT-0292,WMS,BOT0292
RBT-0292,FLEET,DC-08-AMR-002
RBT-0292,CMMS,ASSET-100292
RBT-0293,WMS,BOT0293
RBT-0293,FLEET,DC-08-FORK_AMR-003
RBT-0293,CMMS,ASSET-100293
RBT-0294,WMS,BOT0294
RBT-0294,FLEET,DC-08-AGV-004
RBT-0294,CMMS,ASSET-100294
RBT-0295,WMS,BOT0295
RBT-0295,FLEET,DC-08-CASE_PICKER-005
RBT-0295,CMMS,ASSET-100295
RBT-0296,WMS,BOT0296
RBT-0296,FLEET,DC-08-FORK_AMR-006
RBT-0296,CMMS,ASSET-100296
RBT-0297,WMS,BOT0297
RBT-0297,FLEET,DC-08-AMR-007
RBT-0297,CMMS,ASSET-100297
RBT-0298,WMS,BOT0298
RBT-0298,FLEET,DC-08-AMR-008
RBT-0298,CMMS,ASSET-100298
RBT-0299,WMS,BOT0299
RBT-0299,FLEET,DC-08-CASE_PICKER-009
RBT-0299,CMMS,ASSET-100299
RBT-0300,WMS,BOT0300
RBT-0300,FLEET,DC-08-PALLET_MOVER-010
RBT-0300,CMMS,ASSET-100300
RBT-0301,WMS,BOT0301
RBT-0301,FLEET,DC-08-FORK_AMR-011
RBT-0301,CMMS,ASSET-100301
RBT-0302,WMS,BOT0302
RBT-0302,FLEET,DC-08-AMR-012
RBT-0302,CMMS,ASSET-100302
RBT-0303,WMS,BOT0303
RBT-0303,FLEET,DC-08-FORK_AMR-013
RBT-0303,CMMS,ASSET-100303
RBT-0304,WMS,BOT0304
RBT-0304,FLEET,DC-08-AMR-014
RBT-0304,CMMS,ASSET-100304
RBT-0305,WMS,BOT0305
RBT-0305,FLEET,DC-08-AMR-015
RBT-0305,CMMS,ASSET-100305
RBT-0306,WMS,BOT0306
RBT-0306,FLEET,DC-08-FORK_AMR-016
RBT-0306,CMMS,ASSET-100306
RBT-0307,WMS,BOT0307
RBT-0307,FLEET,DC-08-AGV-017
RBT-0307,CMMS,ASSET-100307
RBT-0308,WMS,BOT0308
RBT-0308,FLEET,DC-08-CASE_PICKER-018
RBT-0308,CMMS,ASSET-100308
RBT-0309,WMS,BOT0309
RBT-0309,FLEET,DC-08-AMR-019
RBT-0309,CMMS,ASSET-100309
RBT-0310,WMS,BOT0310
RBT-0310,FLEET,DC-08-AGV-020
RBT-0310,CMMS,ASSET-100310
RBT-0311,WMS,BOT0311
RBT-0311,FLEET,DC-08-TUGGER-021
RBT-0311,CMMS,ASSET-100311
RBT-0312,WMS,BOT0312
RBT-0312,FLEET,DC-08-PALLET_MOVER-022
RBT-0312,CMMS,ASSET-100312
RBT-0313,WMS,BOT0313
RBT-0313,FLEET,DC-08-FORK_AMR-023
RBT-0313,CMMS,ASSET-100313
RBT-0314,WMS,BOT0314
RBT-0314,FLEET,DC-08-TUGGER-024
RBT-0314,CMMS,ASSET-100314
RBT-0315,WMS,BOT0315
RBT-0315,FLEET,DC-08-FORK_AMR-025
RBT-0315,CMMS,ASSET-100315
RBT-0316,WMS,BOT0316
RBT-0316,FLEET,DC-08-PALLET_MOVER-026
RBT-0316,CMMS,ASSET-100316
RBT-0317,WMS,BOT0317
RBT-0317,FLEET,DC-08-AGV-027
RBT-0317,CMMS,ASSET-100317
RBT-0318,WMS,BOT0318
RBT-0318,FLEET,DC-08-AMR-028
RBT-0318,CMMS,ASSET-100318
RBT-0319,WMS,BOT0319
RBT-0319,FLEET,DC-08-AGV-029
RBT-0319,CMMS,ASSET-100319
RBT-0320,WMS,BOT0320
RBT-0320,FLEET,DC-08-TUGGER-030
RBT-0320,CMMS,ASSET-100320
RBT-0321,WMS,BOT0321
RBT-0321,FLEET,DC-08-CASE_PICKER-031
RBT-0321,CMMS,ASSET-100321
RBT-0322,WMS,BOT0322
RBT-0322,FLEET,DC-08-AGV-032
RBT-0322,CMMS,ASSET-100322
RBT-0323,WMS,BOT0323
RBT-0323,FLEET,DC-08-AMR-033
RBT-0323,CMMS,ASSET-100323
RBT-0324,WMS,BOT0324
RBT-0324,FLEET,DC-09-AGV-001
RBT-0324,CMMS,ASSET-100324
RBT-0325,WMS,BOT0325
RBT-0325,FLEET,DC-09-CASE_PICKER-002
RBT-0325,CMMS,ASSET-100325
RBT-0326,WMS,BOT0326
RBT-0326,FLEET,DC-09-TUGGER-003
RBT-0326,CMMS,ASSET-100326
RBT-0327,WMS,BOT0327
RBT-0327,FLEET,DC-09-TUGGER-004
RBT-0327,CMMS,ASSET-100327
RBT-0328,WMS,BOT0328
RBT-0328,FLEET,DC-09-AMR-005
RBT-0328,CMMS,ASSET-100328
RBT-0329,WMS,BOT0329
RBT-0329,FLEET,DC-09-PALLET_MOVER-006
RBT-0329,CMMS,ASSET-100329
RBT-0330,WMS,BOT0330
RBT-0330,FLEET,DC-09-PALLET_MOVER-007
RBT-0330,CMMS,ASSET-100330
RBT-0331,WMS,BOT0331
RBT-0331,FLEET,DC-09-AMR-008
RBT-0331,CMMS,ASSET-100331
RBT-0332,WMS,BOT0332
RBT-0332,FLEET,DC-09-FORK_AMR-009
RBT-0332,CMMS,ASSET-100332
RBT-0333,WMS,BOT0333
RBT-0333,FLEET,DC-09-TUGGER-010
RBT-0333,CMMS,ASSET-100333
RBT-0334,WMS,BOT0334
RBT-0334,FLEET,DC-09-CASE_PICKER-011
RBT-0334,CMMS,ASSET-100334
RBT-0335,WMS,BOT0335
RBT-0335,FLEET,DC-09-CASE_PICKER-012
RBT-0335,CMMS,ASSET-100335
RBT-0336,WMS,BOT0336
RBT-0336,FLEET,DC-09-TUGGER-013
RBT-0336,CMMS,ASSET-100336
RBT-0337,WMS,BOT0337
RBT-0337,FLEET,DC-09-AMR-014
RBT-0337,CMMS,ASSET-100337
RBT-0338,WMS,BOT0338
RBT-0338,FLEET,DC-09-FORK_AMR-015
RBT-0338,CMMS,ASSET-100338
RBT-0339,WMS,BOT0339
RBT-0339,FLEET,DC-09-CASE_PICKER-016
RBT-0339,CMMS,ASSET-100339
RBT-0340,WMS,BOT0340
RBT-0340,FLEET,DC-09-CASE_PICKER-017
RBT-0340,CMMS,ASSET-100340
RBT-0341,WMS,BOT0341
RBT-0341,FLEET,DC-09-PALLET_MOVER-018
RBT-0341,CMMS,ASSET-100341
RBT-0342,WMS,BOT0342
RBT-0342,FLEET,DC-09-PALLET_MOVER-019
RBT-0342,CMMS,ASSET-100342
RBT-0343,WMS,BOT0343
RBT-0343,FLEET,DC-09-FORK_AMR-020
RBT-0343,CMMS,ASSET-100343
RBT-0344,WMS,BOT0344
RBT-0344,FLEET,DC-09-TUGGER-021
RBT-0344,CMMS,ASSET-100344
RBT-0345,WMS,BOT0345
RBT-0345,FLEET,DC-09-PALLET_MOVER-022
RBT-0345,CMMS,ASSET-100345
RBT-0346,WMS,BOT0346
RBT-0346,FLEET,DC-09-PALLET_MOVER-023
RBT-0346,CMMS,ASSET-100346
RBT-0347,WMS,BOT0347
RBT-0347,FLEET,DC-09-CASE_PICKER-024
RBT-0347,CMMS,ASSET-100347
RBT-0348,WMS,BOT0348
RBT-0348,FLEET,DC-09-AGV-025
RBT-0348,CMMS,ASSET-100348
RBT-0349,WMS,BOT0349
RBT-0349,FLEET,DC-09-PALLET_MOVER-026
RBT-0349,CMMS,ASSET-100349
RBT-0350,WMS,BOT0350
RBT-0350,FLEET,DC-09-FORK_AMR-027
RBT-0350,CMMS,ASSET-100350
RBT-0351,WMS,BOT0351
RBT-0351,FLEET,DC-09-TUGGER-028
RBT-0351,CMMS,ASSET-100351
RBT-0352,WMS,BOT0352
RBT-0352,FLEET,DC-09-FORK_AMR-029
RBT-0352,CMMS,ASSET-100352
RBT-0353,WMS,BOT0353
RBT-0353,FLEET,DC-09-TUGGER-030
RBT-0353,CMMS,ASSET-100353
RBT-0354,WMS,BOT0354
RBT-0354,FLEET,DC-09-TUGGER-031
RBT-0354,CMMS,ASSET-100354
RBT-0355,WMS,BOT0355
RBT-0355,FLEET,DC-09-CASE_PICKER-032
RBT-0355,CMMS,ASSET-100355
RBT-0356,WMS,BOT0356
RBT-0356,FLEET,DC-09-AGV-033
RBT-0356,CMMS,ASSET-100356
RBT-0357,WMS,BOT0357
RBT-0357,FLEET,DC-09-FORK_AMR-034
RBT-0357,CMMS,ASSET-100357
RBT-0358,WMS,BOT0358
RBT-0358,FLEET,DC-09-AGV-035
RBT-0358,CMMS,ASSET-100358
RBT-0359,WMS,BOT0359
RBT-0359,FLEET,DC-09-PALLET_MOVER-036
RBT-0359,CMMS,ASSET-100359
RBT-0360,WMS,BOT0360
RBT-0360,FLEET,DC-09-CASE_PICKER-037
RBT-0360,CMMS,ASSET-100360
RBT-0361,WMS,BOT0361
RBT-0361,FLEET,DC-09-FORK_AMR-038
RBT-0361,CMMS,ASSET-100361
RBT-0362,WMS,BOT0362
RBT-0362,FLEET,DC-09-TUGGER-039
RBT-0362,CMMS,ASSET-100362
RBT-0363,WMS,BOT0363
RBT-0363,FLEET,DC-09-FORK_AMR-040
RBT-0363,CMMS,ASSET-100363
RBT-0364,WMS,BOT0364
RBT-0364,FLEET,DC-09-AMR-041
RBT-0364,CMMS,ASSET-100364
RBT-0365,WMS,BOT0365
RBT-0365,FLEET,DC-09-AMR-042
RBT-0365,CMMS,ASSET-100365
RBT-0366,WMS,BOT0366
RBT-0366,FLEET,DC-10-AGV-001
RBT-0366,CMMS,ASSET-100366
RBT-0367,WMS,BOT0367
RBT-0367,FLEET,DC-10-TUGGER-002
RBT-0367,CMMS,ASSET-100367
RBT-0368,WMS,BOT0368
RBT-0368,FLEET,DC-10-PALLET_MOVER-003
RBT-0368,CMMS,ASSET-100368
RBT-0369,WMS,BOT0369
RBT-0369,FLEET,DC-10-PALLET_MOVER-004
RBT-0369,CMMS,ASSET-100369
RBT-0370,WMS,BOT0370
RBT-0370,FLEET,DC-10-FORK_AMR-005
RBT-0370,CMMS,ASSET-100370
RBT-0371,WMS,BOT0371
RBT-0371,FLEET,DC-10-PALLET_MOVER-006
RBT-0371,CMMS,ASSET-100371
RBT-0372,WMS,BOT0372
RBT-0372,FLEET,DC-10-AGV-007
RBT-0372,CMMS,ASSET-100372
RBT-0373,WMS,BOT0373
RBT-0373,FLEET,DC-10-PALLET_MOVER-008
RBT-0373,CMMS,ASSET-100373
RBT-0374,WMS,BOT0374
RBT-0374,FLEET,DC-10-FORK_AMR-009
RBT-0374,CMMS,ASSET-100374
RBT-0375,WMS,BOT0375
RBT-0375,FLEET,DC-10-FORK_AMR-010
RBT-0375,CMMS,ASSET-100375
RBT-0376,WMS,BOT0376
RBT-0376,FLEET,DC-10-PALLET_MOVER-011
RBT-0376,CMMS,ASSET-100376
RBT-0377,WMS,BOT0377
RBT-0377,FLEET,DC-10-PALLET_MOVER-012
RBT-0377,CMMS,ASSET-100377
RBT-0378,WMS,BOT0378
RBT-0378,FLEET,DC-10-CASE_PICKER-013
RBT-0378,CMMS,ASSET-100378
RBT-0379,WMS,BOT0379
RBT-0379,FLEET,DC-10-TUGGER-014
RBT-0379,CMMS,ASSET-100379
RBT-0380,WMS,BOT0380
RBT-0380,FLEET,DC-10-TUGGER-015
RBT-0380,CMMS,ASSET-100380
RBT-0381,WMS,BOT0381
RBT-0381,FLEET,DC-10-AGV-016
RBT-0381,CMMS,ASSET-100381
RBT-0382,WMS,BOT0382
RBT-0382,FLEET,DC-10-FORK_AMR-017
RBT-0382,CMMS,ASSET-100382
RBT-0383,WMS,BOT0383
RBT-0383,FLEET,DC-10-CASE_PICKER-018
RBT-0383,CMMS,ASSET-100383
RBT-0384,WMS,BOT0384
RBT-0384,FLEET,DC-10-CASE_PICKER-019
RBT-0384,CMMS,ASSET-100384
RBT-0385,WMS,BOT0385
RBT-0385,FLEET,DC-10-AGV-020
RBT-0385,CMMS,ASSET-100385
RBT-0386,WMS,BOT0386
RBT-0386,FLEET,DC-10-AMR-021
RBT-0386,CMMS,ASSET-100386
RBT-0387,WMS,BOT0387
RBT-0387,FLEET,DC-10-AGV-022
RBT-0387,CMMS,ASSET-100387
RBT-0388,WMS,BOT0388
RBT-0388,FLEET,DC-10-PALLET_MOVER-023
RBT-0388,CMMS,ASSET-100388
RBT-0389,WMS,BOT0389
RBT-0389,FLEET,DC-10-FORK_AMR-024
RBT-0389,CMMS,ASSET-100389
RBT-0390,WMS,BOT0390
RBT-0390,FLEET,DC-10-FORK_AMR-025
RBT-0390,CMMS,ASSET-100390
RBT-0391,WMS,BOT0391
RBT-0391,FLEET,DC-10-CASE_PICKER-026
RBT-0391,CMMS,ASSET-100391
RBT-0392,WMS,BOT0392
RBT-0392,FLEET,DC-10-CASE_PICKER-027
RBT-0392,CMMS,ASSET-100392
RBT-0393,WMS,BOT0393
RBT-0393,FLEET,DC-10-TUGGER-028
RBT-0393,CMMS,ASSET-100393
RBT-0394,WMS,BOT0394
RBT-0394,FLEET,DC-10-AMR-029
RBT-0394,CMMS,ASSET-100394
RBT-0395,WMS,BOT0395
RBT-0395,FLEET,DC-10-TUGGER-030
RBT-0395,CMMS,ASSET-100395
RBT-0396,WMS,BOT0396
RBT-0396,FLEET,DC-10-CASE_PICKER-031
RBT-0396,CMMS,ASSET-100396
RBT-0397,WMS,BOT0397
RBT-0397,FLEET,DC-10-AGV-032
RBT-0397,CMMS,ASSET-100397
RBT-0398,WMS,BOT0398
RBT-0398,FLEET,DC-10-CASE_PICKER-033
RBT-0398,CMMS,ASSET-100398
RBT-0399,WMS,BOT0399
RBT-0399,FLEET,DC-10-FORK_AMR-034
RBT-0399,CMMS,ASSET-100399
RBT-0400,WMS,BOT0400
RBT-0400,FLEET,DC-10-AMR-035
RBT-0400,CMMS,ASSET-100400
RBT-0401,WMS,BOT0401
RBT-0401,FLEET,DC-10-AGV-036
RBT-0401,CMMS,ASSET-100401
RBT-0402,WMS,BOT0402
RBT-0402,FLEET,DC-10-AGV-037
RBT-0402,CMMS,ASSET-100402
RBT-0403,WMS,BOT0403
RBT-0403,FLEET,DC-10-TUGGER-038
RBT-0403,CMMS,ASSET-100403
RBT-0404,WMS,BOT0404
RBT-0404,FLEET,DC-10-AGV-039
RBT-0404,CMMS,ASSET-100404
RBT-0405,WMS,BOT0405
RBT-0405,FLEET,DC-10-AMR-040
RBT-0405,CMMS,ASSET-100405
RBT-0406,WMS,BOT0406
RBT-0406,FLEET,DC-10-TUGGER-041
RBT-0406,CMMS,ASSET-100406
RBT-0407,WMS,BOT0407
RBT-0407,FLEET,DC-10-AMR-042
RBT-0407,CMMS,ASSET-100407
RBT-0408,WMS,BOT0408
RBT-0408,FLEET,DC-10-CASE_PICKER-043
RBT-0408,CMMS,ASSET-100408
RBT-0409,WMS,BOT0409
RBT-0409,FLEET,DC-10-PALLET_MOVER-044
RBT-0409,CMMS,ASSET-100409
RBT-0410,WMS,BOT0410
RBT-0410,FLEET,DC-10-FORK_AMR-045
RBT-0410,CMMS,ASSET-100410
RBT-0411,WMS,BOT0411
RBT-0411,FLEET,DC-10-CASE_PICKER-046
RBT-0411,CMMS,ASSET-100411
RBT-0412,WMS,BOT0412
RBT-0412,FLEET,DC-11-TUGGER-001
RBT-0412,CMMS,ASSET-100412
RBT-0413,WMS,BOT0413
RBT-0413,FLEET,DC-11-CASE_PICKER-002
RBT-0413,CMMS,ASSET-100413
RBT-0414,WMS,BOT0414
RBT-0414,FLEET,DC-11-FORK_AMR-003
RBT-0414,CMMS,ASSET-100414
RBT-0415,WMS,BOT0415
RBT-0415,FLEET,DC-11-CASE_PICKER-004
RBT-0415,CMMS,ASSET-100415
RBT-0416,WMS,BOT0416
RBT-0416,FLEET,DC-11-AGV-005
RBT-0416,CMMS,ASSET-100416
RBT-0417,WMS,BOT0417
RBT-0417,FLEET,DC-11-AMR-006
RBT-0417,CMMS,ASSET-100417
RBT-0418,WMS,BOT0418
RBT-0418,FLEET,DC-11-AMR-007
RBT-0418,CMMS,ASSET-100418
RBT-0419,WMS,BOT0419
RBT-0419,FLEET,DC-11-AGV-008
RBT-0419,CMMS,ASSET-100419
RBT-0420,WMS,BOT0420
RBT-0420,FLEET,DC-11-AGV-009
RBT-0420,CMMS,ASSET-100420
RBT-0421,WMS,BOT0421
RBT-0421,FLEET,DC-11-AMR-010
RBT-0421,CMMS,ASSET-100421
RBT-0422,WMS,BOT0422
RBT-0422,FLEET,DC-11-AMR-011
RBT-0422,CMMS,ASSET-100422
RBT-0423,WMS,BOT0423
RBT-0423,FLEET,DC-11-AMR-012
RBT-0423,CMMS,ASSET-100423
RBT-0424,WMS,BOT0424
RBT-0424,FLEET,DC-11-AMR-013
RBT-0424,CMMS,ASSET-100424
RBT-0425,WMS,BOT0425
RBT-0425,FLEET,DC-11-AGV-014
RBT-0425,CMMS,ASSET-100425
RBT-0426,WMS,BOT0426
RBT-0426,FLEET,DC-11-CASE_PICKER-015
RBT-0426,CMMS,ASSET-100426
RBT-0427,WMS,BOT0427
RBT-0427,FLEET,DC-11-CASE_PICKER-016
RBT-0427,CMMS,ASSET-100427
RBT-0428,WMS,BOT0428
RBT-0428,FLEET,DC-11-CASE_PICKER-017
RBT-0428,CMMS,ASSET-100428
RBT-0429,WMS,BOT0429
RBT-0429,FLEET,DC-11-TUGGER-018
RBT-0429,CMMS,ASSET-100429
RBT-0430,WMS,BOT0430
RBT-0430,FLEET,DC-11-CASE_PICKER-019
RBT-0430,CMMS,ASSET-100430
RBT-0431,WMS,BOT0431
RBT-0431,FLEET,DC-11-TUGGER-020
RBT-0431,CMMS,ASSET-100431
RBT-0432,WMS,BOT0432
RBT-0432,FLEET,DC-11-AGV-021
RBT-0432,CMMS,ASSET-100432
RBT-0433,WMS,BOT0433
RBT-0433,FLEET,DC-11-AMR-022
RBT-0433,CMMS,ASSET-100433
RBT-0434,WMS,BOT0434
RBT-0434,FLEET,DC-11-TUGGER-023
RBT-0434,CMMS,ASSET-100434
RBT-0435,WMS,BOT0435
RBT-0435,FLEET,DC-11-PALLET_MOVER-024
RBT-0435,CMMS,ASSET-100435
RBT-0436,WMS,BOT0436
RBT-0436,FLEET,DC-11-AMR-025
RBT-0436,CMMS,ASSET-100436
RBT-0437,WMS,BOT0437
RBT-0437,FLEET,DC-11-PALLET_MOVER-026
RBT-0437,CMMS,ASSET-100437
RBT-0438,WMS,BOT0438
RBT-0438,FLEET,DC-11-AGV-027
RBT-0438,CMMS,ASSET-100438
RBT-0439,WMS,BOT0439
RBT-0439,FLEET,DC-11-CASE_PICKER-028
RBT-0439,CMMS,ASSET-100439
RBT-0440,WMS,BOT0440
RBT-0440,FLEET,DC-11-FORK_AMR-029
RBT-0440,CMMS,ASSET-100440
RBT-0441,WMS,BOT0441
RBT-0441,FLEET,DC-11-AMR-030
RBT-0441,CMMS,ASSET-100441
RBT-0442,WMS,BOT0442
RBT-0442,FLEET,DC-11-TUGGER-031
RBT-0442,CMMS,ASSET-100442
RBT-0443,WMS,BOT0443
RBT-0443,FLEET,DC-11-TUGGER-032
RBT-0443,CMMS,ASSET-100443
RBT-0444,WMS,BOT0444
RBT-0444,FLEET,DC-11-AGV-033
RBT-0444,CMMS,ASSET-100444
RBT-0445,WMS,BOT0445
RBT-0445,FLEET,DC-11-TUGGER-034
RBT-0445,CMMS,ASSET-100445
RBT-0446,WMS,BOT0446
RBT-0446,FLEET,DC-12-AGV-001
RBT-0446,CMMS,ASSET-100446
RBT-0447,WMS,BOT0447
RBT-0447,FLEET,DC-12-CASE_PICKER-002
RBT-0447,CMMS,ASSET-100447
RBT-0448,WMS,BOT0448
RBT-0448,FLEET,DC-12-FORK_AMR-003
RBT-0448,CMMS,ASSET-100448
RBT-0449,WMS,BOT0449
RBT-0449,FLEET,DC-12-CASE_PICKER-004
RBT-0449,CMMS,ASSET-100449
RBT-0450,WMS,BOT0450
RBT-0450,FLEET,DC-12-FORK_AMR-005
RBT-0450,CMMS,ASSET-100450
RBT-0451,WMS,BOT0451
RBT-0451,FLEET,DC-12-CASE_PICKER-006
RBT-0451,CMMS,ASSET-100451
RBT-0452,WMS,BOT0452
RBT-0452,FLEET,DC-12-PALLET_MOVER-007
RBT-0452,CMMS,ASSET-100452
RBT-0453,WMS,BOT0453
RBT-0453,FLEET,DC-12-AMR-008
RBT-0453,CMMS,ASSET-100453
RBT-0454,WMS,BOT0454
RBT-0454,FLEET,DC-12-PALLET_MOVER-009
RBT-0454,CMMS,ASSET-100454
RBT-0455,WMS,BOT0455
RBT-0455,FLEET,DC-12-AMR-010
RBT-0455,CMMS,ASSET-100455
RBT-0456,WMS,BOT0456
RBT-0456,FLEET,DC-12-PALLET_MOVER-011
RBT-0456,CMMS,ASSET-100456
RBT-0457,WMS,BOT0457
RBT-0457,FLEET,DC-12-FORK_AMR-012
RBT-0457,CMMS,ASSET-100457
RBT-0458,WMS,BOT0458
RBT-0458,FLEET,DC-12-TUGGER-013
RBT-0458,CMMS,ASSET-100458
RBT-0459,WMS,BOT0459
RBT-0459,FLEET,DC-12-AGV-014
RBT-0459,CMMS,ASSET-100459
RBT-0460,WMS,BOT0460
RBT-0460,FLEET,DC-12-CASE_PICKER-015
RBT-0460,CMMS,ASSET-100460
RBT-0461,WMS,BOT0461
RBT-0461,FLEET,DC-12-CASE_PICKER-016
RBT-0461,CMMS,ASSET-100461
RBT-0462,WMS,BOT0462
RBT-0462,FLEET,DC-12-TUGGER-017
RBT-0462,CMMS,ASSET-100462
RBT-0463,WMS,BOT0463
RBT-0463,FLEET,DC-12-CASE_PICKER-018
RBT-0463,CMMS,ASSET-100463
RBT-0464,WMS,BOT0464
RBT-0464,FLEET,DC-12-AGV-019
RBT-0464,CMMS,ASSET-100464
RBT-0465,WMS,BOT0465
RBT-0465,FLEET,DC-12-FORK_AMR-020
RBT-0465,CMMS,ASSET-100465
RBT-0466,WMS,BOT0466
RBT-0466,FLEET,DC-12-AMR-021
RBT-0466,CMMS,ASSET-100466
RBT-0467,WMS,BOT0467
RBT-0467,FLEET,DC-12-FORK_AMR-022
RBT-0467,CMMS,ASSET-100467
RBT-0468,WMS,BOT0468
RBT-0468,FLEET,DC-12-PALLET_MOVER-023
RBT-0468,CMMS,ASSET-100468
RBT-0469,WMS,BOT0469
RBT-0469,FLEET,DC-12-FORK_AMR-024
RBT-0469,CMMS,ASSET-100469
RBT-0470,WMS,BOT0470
RBT-0470,FLEET,DC-12-AMR-025
RBT-0470,CMMS,ASSET-100470
RBT-0471,WMS,BOT0471
RBT-0471,FLEET,DC-12-PALLET_MOVER-026
RBT-0471,CMMS,ASSET-100471
RBT-0472,WMS,BOT0472
RBT-0472,FLEET,DC-12-TUGGER-027
RBT-0472,CMMS,ASSET-100472
RBT-0473,WMS,BOT0473
RBT-0473,FLEET,DC-12-PALLET_MOVER-028
RBT-0473,CMMS,ASSET-100473
RBT-0474,WMS,BOT0474
RBT-0474,FLEET,DC-12-AMR-029
RBT-0474,CMMS,ASSET-100474
RBT-0475,WMS,BOT0475
RBT-0475,FLEET,DC-12-AGV-030
RBT-0475,CMMS,ASSET-100475
RBT-0476,WMS,BOT0476
RBT-0476,FLEET,DC-12-CASE_PICKER-031
RBT-0476,CMMS,ASSET-100476
RBT-0477,WMS,BOT0477
RBT-0477,FLEET,DC-12-FORK_AMR-032
RBT-0477,CMMS,ASSET-100477
RBT-0478,WMS,BOT0478
RBT-0478,FLEET,DC-12-FORK_AMR-033
RBT-0478,CMMS,ASSET-100478
RBT-0479,WMS,BOT0479
RBT-0479,FLEET,DC-12-FORK_AMR-034
RBT-0479,CMMS,ASSET-100479
RBT-0480,WMS,BOT0480
RBT-0480,FLEET,DC-12-AMR-035
RBT-0480,CMMS,ASSET-100480
RBT-0481,WMS,BOT0481
RBT-0481,FLEET,DC-12-AMR-036
RBT-0481,CMMS,ASSET-100481
RBT-0482,WMS,BOT0482
RBT-0482,FLEET,DC-13-CASE_PICKER-001
RBT-0482,CMMS,ASSET-100482
RBT-0483,WMS,BOT0483
RBT-0483,FLEET,DC-13-FORK_AMR-002
RBT-0483,CMMS,ASSET-100483
RBT-0484,WMS,BOT0484
RBT-0484,FLEET,DC-13-TUGGER-003
RBT-0484,CMMS,ASSET-100484
RBT-0485,WMS,BOT0485
RBT-0485,FLEET,DC-13-FORK_AMR-004
RBT-0485,CMMS,ASSET-100485
RBT-0486,WMS,BOT0486
RBT-0486,FLEET,DC-13-TUGGER-005
RBT-0486,CMMS,ASSET-100486
RBT-0487,WMS,BOT0487
RBT-0487,FLEET,DC-13-AGV-006
RBT-0487,CMMS,ASSET-100487
RBT-0488,WMS,BOT0488
RBT-0488,FLEET,DC-13-FORK_AMR-007
RBT-0488,CMMS,ASSET-100488
RBT-0489,WMS,BOT0489
RBT-0489,FLEET,DC-13-AGV-008
RBT-0489,CMMS,ASSET-100489
RBT-0490,WMS,BOT0490
RBT-0490,FLEET,DC-13-CASE_PICKER-009
RBT-0490,CMMS,ASSET-100490
RBT-0491,WMS,BOT0491
RBT-0491,FLEET,DC-13-CASE_PICKER-010
RBT-0491,CMMS,ASSET-100491
RBT-0492,WMS,BOT0492
RBT-0492,FLEET,DC-13-TUGGER-011
RBT-0492,CMMS,ASSET-100492
RBT-0493,WMS,BOT0493
RBT-0493,FLEET,DC-13-PALLET_MOVER-012
RBT-0493,CMMS,ASSET-100493
RBT-0494,WMS,BOT0494
RBT-0494,FLEET,DC-13-AMR-013
RBT-0494,CMMS,ASSET-100494
RBT-0495,WMS,BOT0495
RBT-0495,FLEET,DC-13-TUGGER-014
RBT-0495,CMMS,ASSET-100495
RBT-0496,WMS,BOT0496
RBT-0496,FLEET,DC-13-FORK_AMR-015
RBT-0496,CMMS,ASSET-100496
RBT-0497,WMS,BOT0497
RBT-0497,FLEET,DC-13-TUGGER-016
RBT-0497,CMMS,ASSET-100497
RBT-0498,WMS,BOT0498
RBT-0498,FLEET,DC-13-PALLET_MOVER-017
RBT-0498,CMMS,ASSET-100498
RBT-0499,WMS,BOT0499
RBT-0499,FLEET,DC-13-FORK_AMR-018
RBT-0499,CMMS,ASSET-100499
RBT-0500,WMS,BOT0500
RBT-0500,FLEET,DC-13-TUGGER-019
RBT-0500,CMMS,ASSET-100500
RBT-0501,WMS,BOT0501
RBT-0501,FLEET,DC-13-CASE_PICKER-020
RBT-0501,CMMS,ASSET-100501
RBT-0502,WMS,BOT0502
RBT-0502,FLEET,DC-13-AGV-021
RBT-0502,CMMS,ASSET-100502
RBT-0503,WMS,BOT0503
RBT-0503,FLEET,DC-13-FORK_AMR-022
RBT-0503,CMMS,ASSET-100503
RBT-0504,WMS,BOT0504
RBT-0504,FLEET,DC-13-AGV-023
RBT-0504,CMMS,ASSET-100504
RBT-0505,WMS,BOT0505
RBT-0505,FLEET,DC-13-TUGGER-024
RBT-0505,CMMS,ASSET-100505
RBT-0506,WMS,BOT0506
RBT-0506,FLEET,DC-13-CASE_PICKER-025
RBT-0506,CMMS,ASSET-100506
RBT-0507,WMS,BOT0507
RBT-0507,FLEET,DC-13-CASE_PICKER-026
RBT-0507,CMMS,ASSET-100507
RBT-0508,WMS,BOT0508
RBT-0508,FLEET,DC-13-PALLET_MOVER-027
RBT-0508,CMMS,ASSET-100508
RBT-0509,WMS,BOT0509
RBT-0509,FLEET,DC-13-AMR-028
RBT-0509,CMMS,ASSET-100509
RBT-0510,WMS,BOT0510
RBT-0510,FLEET,DC-13-PALLET_MOVER-029
RBT-0510,CMMS,ASSET-100510
RBT-0511,WMS,BOT0511
RBT-0511,FLEET,DC-13-TUGGER-030
RBT-0511,CMMS,ASSET-100511
RBT-0512,WMS,BOT0512
RBT-0512,FLEET,DC-13-CASE_PICKER-031
RBT-0512,CMMS,ASSET-100512
RBT-0513,WMS,BOT0513
RBT-0513,FLEET,DC-13-FORK_AMR-032
RBT-0513,CMMS,ASSET-100513
RBT-0514,WMS,BOT0514
RBT-0514,FLEET,DC-13-AGV-033
RBT-0514,CMMS,ASSET-100514
RBT-0515,WMS,BOT0515
RBT-0515,FLEET,DC-13-TUGGER-034
RBT-0515,CMMS,ASSET-100515
RBT-0516,WMS,BOT0516
RBT-0516,FLEET,DC-13-TUGGER-035
RBT-0516,CMMS,ASSET-100516
RBT-0517,WMS,BOT0517
RBT-0517,FLEET,DC-13-CASE_PICKER-036
RBT-0517,CMMS,ASSET-100517
RBT-0518,WMS,BOT0518
RBT-0518,FLEET,DC-13-FORK_AMR-037
RBT-0518,CMMS,ASSET-100518
RBT-0519,WMS,BOT0519
RBT-0519,FLEET,DC-13-AGV-038
RBT-0519,CMMS,ASSET-100519
RBT-0520,WMS,BOT0520
RBT-0520,FLEET,DC-13-PALLET_MOVER-039
RBT-0520,CMMS,ASSET-100520
RBT-0521,WMS,BOT0521
RBT-0521,FLEET,DC-13-PALLET_MOVER-040
RBT-0521,CMMS,ASSET-100521
RBT-0522,WMS,BOT0522
RBT-0522,FLEET,DC-13-TUGGER-041
RBT-0522,CMMS,ASSET-100522
RBT-0523,WMS,BOT0523
RBT-0523,FLEET,DC-13-AGV-042
RBT-0523,CMMS,ASSET-100523
RBT-0524,WMS,BOT0524
RBT-0524,FLEET,DC-13-AGV-043
RBT-0524,CMMS,ASSET-100524
RBT-0525,WMS,BOT0525
RBT-0525,FLEET,DC-13-CASE_PICKER-044
RBT-0525,CMMS,ASSET-100525
RBT-0526,WMS,BOT0526
RBT-0526,FLEET,DC-14-AGV-001
RBT-0526,CMMS,ASSET-100526
RBT-0527,WMS,BOT0527
RBT-0527,FLEET,DC-14-AMR-002
RBT-0527,CMMS,ASSET-100527
RBT-0528,WMS,BOT0528
RBT-0528,FLEET,DC-14-TUGGER-003
RBT-0528,CMMS,ASSET-100528
RBT-0529,WMS,BOT0529
RBT-0529,FLEET,DC-14-PALLET_MOVER-004
RBT-0529,CMMS,ASSET-100529
RBT-0530,WMS,BOT0530
RBT-0530,FLEET,DC-14-TUGGER-005
RBT-0530,CMMS,ASSET-100530
RBT-0531,WMS,BOT0531
RBT-0531,FLEET,DC-14-AMR-006
RBT-0531,CMMS,ASSET-100531
RBT-0532,WMS,BOT0532
RBT-0532,FLEET,DC-14-AMR-007
RBT-0532,CMMS,ASSET-100532
RBT-0533,WMS,BOT0533
RBT-0533,FLEET,DC-14-TUGGER-008
RBT-0533,CMMS,ASSET-100533
RBT-0534,WMS,BOT0534
RBT-0534,FLEET,DC-14-AGV-009
RBT-0534,CMMS,ASSET-100534
RBT-0535,WMS,BOT0535
RBT-0535,FLEET,DC-14-PALLET_MOVER-010
RBT-0535,CMMS,ASSET-100535
RBT-0536,WMS,BOT0536
RBT-0536,FLEET,DC-14-FORK_AMR-011
RBT-0536,CMMS,ASSET-100536
RBT-0537,WMS,BOT0537
RBT-0537,FLEET,DC-14-CASE_PICKER-012
RBT-0537,CMMS,ASSET-100537
RBT-0538,WMS,BOT0538
RBT-0538,FLEET,DC-14-AMR-013
RBT-0538,CMMS,ASSET-100538
RBT-0539,WMS,BOT0539
RBT-0539,FLEET,DC-14-PALLET_MOVER-014
RBT-0539,CMMS,ASSET-100539
RBT-0540,WMS,BOT0540
RBT-0540,FLEET,DC-14-CASE_PICKER-015
RBT-0540,CMMS,ASSET-100540
RBT-0541,WMS,BOT0541
RBT-0541,FLEET,DC-14-TUGGER-016
RBT-0541,CMMS,ASSET-100541
RBT-0542,WMS,BOT0542
RBT-0542,FLEET,DC-14-TUGGER-017
RBT-0542,CMMS,ASSET-100542
RBT-0543,WMS,BOT0543
RBT-0543,FLEET,DC-14-CASE_PICKER-018
RBT-0543,CMMS,ASSET-100543
RBT-0544,WMS,BOT0544
RBT-0544,FLEET,DC-14-AMR-019
RBT-0544,CMMS,ASSET-100544
RBT-0545,WMS,BOT0545
RBT-0545,FLEET,DC-14-TUGGER-020
RBT-0545,CMMS,ASSET-100545
RBT-0546,WMS,BOT0546
RBT-0546,FLEET,DC-14-AMR-021
RBT-0546,CMMS,ASSET-100546
RBT-0547,WMS,BOT0547
RBT-0547,FLEET,DC-14-AGV-022
RBT-0547,CMMS,ASSET-100547
RBT-0548,WMS,BOT0548
RBT-0548,FLEET,DC-14-FORK_AMR-023
RBT-0548,CMMS,ASSET-100548
RBT-0549,WMS,BOT0549
RBT-0549,FLEET,DC-14-AMR-024
RBT-0549,CMMS,ASSET-100549
RBT-0550,WMS,BOT0550
RBT-0550,FLEET,DC-14-AMR-025
RBT-0550,CMMS,ASSET-100550
RBT-0551,WMS,BOT0551
RBT-0551,FLEET,DC-14-AGV-026
RBT-0551,CMMS,ASSET-100551
RBT-0552,WMS,BOT0552
RBT-0552,FLEET,DC-14-AGV-027
RBT-0552,CMMS,ASSET-100552
RBT-0553,WMS,BOT0553
RBT-0553,FLEET,DC-14-CASE_PICKER-028
RBT-0553,CMMS,ASSET-100553
RBT-0554,WMS,BOT0554
RBT-0554,FLEET,DC-14-PALLET_MOVER-029
RBT-0554,CMMS,ASSET-100554
RBT-0555,WMS,BOT0555
RBT-0555,FLEET,DC-14-FORK_AMR-030
RBT-0555,CMMS,ASSET-100555
RBT-0556,WMS,BOT0556
RBT-0556,FLEET,DC-14-FORK_AMR-031
RBT-0556,CMMS,ASSET-100556
RBT-0557,WMS,BOT0557
RBT-0557,FLEET,DC-14-PALLET_MOVER-032
RBT-0557,CMMS,ASSET-100557
RBT-0558,WMS,BOT0558
RBT-0558,FLEET,DC-14-AGV-033
RBT-0558,CMMS,ASSET-100558
RBT-0559,WMS,BOT0559
RBT-0559,FLEET,DC-14-TUGGER-034
RBT-0559,CMMS,ASSET-100559
RBT-0560,WMS,BOT0560
RBT-0560,FLEET,DC-14-TUGGER-035
RBT-0560,CMMS,ASSET-100560
RBT-0561,WMS,BOT0561
RBT-0561,FLEET,DC-14-AMR-036
RBT-0561,CMMS,ASSET-100561
RBT-0562,WMS,BOT0562
RBT-0562,FLEET,DC-14-PALLET_MOVER-037
RBT-0562,CMMS,ASSET-100562
RBT-0563,WMS,BOT0563
RBT-0563,FLEET,DC-14-AMR-038
RBT-0563,CMMS,ASSET-100563
RBT-0564,WMS,BOT0564
RBT-0564,FLEET,DC-14-TUGGER-039
RBT-0564,CMMS,ASSET-100564
RBT-0565,WMS,BOT0565
RBT-0565,FLEET,DC-14-TUGGER-040
RBT-0565,CMMS,ASSET-100565
RBT-0566,WMS,BOT0566
RBT-0566,FLEET,DC-15-TUGGER-001
RBT-0566,CMMS,ASSET-100566
RBT-0567,WMS,BOT0567
RBT-0567,FLEET,DC-15-FORK_AMR-002
RBT-0567,CMMS,ASSET-100567
RBT-0568,WMS,BOT0568
RBT-0568,FLEET,DC-15-FORK_AMR-003
RBT-0568,CMMS,ASSET-100568
RBT-0569,WMS,BOT0569
RBT-0569,FLEET,DC-15-AMR-004
RBT-0569,CMMS,ASSET-100569
RBT-0570,WMS,BOT0570
RBT-0570,FLEET,DC-15-TUGGER-005
RBT-0570,CMMS,ASSET-100570
RBT-0571,WMS,BOT0571
RBT-0571,FLEET,DC-15-CASE_PICKER-006
RBT-0571,CMMS,ASSET-100571
RBT-0572,WMS,BOT0572
RBT-0572,FLEET,DC-15-FORK_AMR-007
RBT-0572,CMMS,ASSET-100572
RBT-0573,WMS,BOT0573
RBT-0573,FLEET,DC-15-AMR-008
RBT-0573,CMMS,ASSET-100573
RBT-0574,WMS,BOT0574
RBT-0574,FLEET,DC-15-AMR-009
RBT-0574,CMMS,ASSET-100574
RBT-0575,WMS,BOT0575
RBT-0575,FLEET,DC-15-AGV-010
RBT-0575,CMMS,ASSET-100575
RBT-0576,WMS,BOT0576
RBT-0576,FLEET,DC-15-CASE_PICKER-011
RBT-0576,CMMS,ASSET-100576
RBT-0577,WMS,BOT0577
RBT-0577,FLEET,DC-15-AGV-012
RBT-0577,CMMS,ASSET-100577
RBT-0578,WMS,BOT0578
RBT-0578,FLEET,DC-15-FORK_AMR-013
RBT-0578,CMMS,ASSET-100578
RBT-0579,WMS,BOT0579
RBT-0579,FLEET,DC-15-AGV-014
RBT-0579,CMMS,ASSET-100579
RBT-0580,WMS,BOT0580
RBT-0580,FLEET,DC-15-PALLET_MOVER-015
RBT-0580,CMMS,ASSET-100580
RBT-0581,WMS,BOT0581
RBT-0581,FLEET,DC-15-AGV-016
RBT-0581,CMMS,ASSET-100581
RBT-0582,WMS,BOT0582
RBT-0582,FLEET,DC-15-CASE_PICKER-017
RBT-0582,CMMS,ASSET-100582
RBT-0583,WMS,BOT0583
RBT-0583,FLEET,DC-15-CASE_PICKER-018
RBT-0583,CMMS,ASSET-100583
RBT-0584,WMS,BOT0584
RBT-0584,FLEET,DC-15-AGV-019
RBT-0584,CMMS,ASSET-100584
RBT-0585,WMS,BOT0585
RBT-0585,FLEET,DC-15-CASE_PICKER-020
RBT-0585,CMMS,ASSET-100585
RBT-0586,WMS,BOT0586
RBT-0586,FLEET,DC-15-CASE_PICKER-021
RBT-0586,CMMS,ASSET-100586
RBT-0587,WMS,BOT0587
RBT-0587,FLEET,DC-15-TUGGER-022
RBT-0587,CMMS,ASSET-100587
RBT-0588,WMS,BOT0588
RBT-0588,FLEET,DC-15-PALLET_MOVER-023
RBT-0588,CMMS,ASSET-100588
RBT-0589,WMS,BOT0589
RBT-0589,FLEET,DC-15-AMR-024
RBT-0589,CMMS,ASSET-100589
RBT-0590,WMS,BOT0590
RBT-0590,FLEET,DC-15-PALLET_MOVER-025
RBT-0590,CMMS,ASSET-100590
RBT-0591,WMS,BOT0591
RBT-0591,FLEET,DC-15-PALLET_MOVER-026
RBT-0591,CMMS,ASSET-100591
RBT-0592,WMS,BOT0592
RBT-0592,FLEET,DC-15-AMR-027
RBT-0592,CMMS,ASSET-100592
RBT-0593,WMS,BOT0593
RBT-0593,FLEET,DC-15-AMR-028
RBT-0593,CMMS,ASSET-100593
RBT-0594,WMS,BOT0594
RBT-0594,FLEET,DC-15-AGV-029
RBT-0594,CMMS,ASSET-100594
RBT-0595,WMS,BOT0595
RBT-0595,FLEET,DC-16-FORK_AMR-001
RBT-0595,CMMS,ASSET-100595
RBT-0596,WMS,BOT0596
RBT-0596,FLEET,DC-16-AGV-002
RBT-0596,CMMS,ASSET-100596
RBT-0597,WMS,BOT0597
RBT-0597,FLEET,DC-16-AGV-003
RBT-0597,CMMS,ASSET-100597
RBT-0598,WMS,BOT0598
RBT-0598,FLEET,DC-16-CASE_PICKER-004
RBT-0598,CMMS,ASSET-100598
RBT-0599,WMS,BOT0599
RBT-0599,FLEET,DC-16-PALLET_MOVER-005
RBT-0599,CMMS,ASSET-100599
RBT-0600,WMS,BOT0600
RBT-0600,FLEET,DC-16-CASE_PICKER-006
RBT-0600,CMMS,ASSET-100600
RBT-0601,WMS,BOT0601
RBT-0601,FLEET,DC-16-CASE_PICKER-007
RBT-0601,CMMS,ASSET-100601
RBT-0602,WMS,BOT0602
RBT-0602,FLEET,DC-16-AMR-008
RBT-0602,CMMS,ASSET-100602
RBT-0603,WMS,BOT0603
RBT-0603,FLEET,DC-16-AMR-009
RBT-0603,CMMS,ASSET-100603
RBT-0604,WMS,BOT0604
RBT-0604,FLEET,DC-16-CASE_PICKER-010
RBT-0604,CMMS,ASSET-100604
RBT-0605,WMS,BOT0605
RBT-0605,FLEET,DC-16-PALLET_MOVER-011
RBT-0605,CMMS,ASSET-100605
RBT-0606,WMS,BOT0606
RBT-0606,FLEET,DC-16-TUGGER-012
RBT-0606,CMMS,ASSET-100606
RBT-0607,WMS,BOT0607
RBT-0607,FLEET,DC-16-FORK_AMR-013
RBT-0607,CMMS,ASSET-100607
RBT-0608,WMS,BOT0608
RBT-0608,FLEET,DC-16-CASE_PICKER-014
RBT-0608,CMMS,ASSET-100608
RBT-0609,WMS,BOT0609
RBT-0609,FLEET,DC-16-PALLET_MOVER-015
RBT-0609,CMMS,ASSET-100609
RBT-0610,WMS,BOT0610
RBT-0610,FLEET,DC-16-AMR-016
RBT-0610,CMMS,ASSET-100610
RBT-0611,WMS,BOT0611
RBT-0611,FLEET,DC-16-TUGGER-017
RBT-0611,CMMS,ASSET-100611
RBT-0612,WMS,BOT0612
RBT-0612,FLEET,DC-16-PALLET_MOVER-018
RBT-0612,CMMS,ASSET-100612
RBT-0613,WMS,BOT0613
RBT-0613,FLEET,DC-16-CASE_PICKER-019
RBT-0613,CMMS,ASSET-100613
RBT-0614,WMS,BOT0614
RBT-0614,FLEET,DC-16-TUGGER-020
RBT-0614,CMMS,ASSET-100614
RBT-0615,WMS,BOT0615
RBT-0615,FLEET,DC-16-PALLET_MOVER-021
RBT-0615,CMMS,ASSET-100615
RBT-0616,WMS,BOT0616
RBT-0616,FLEET,DC-16-AMR-022
RBT-0616,CMMS,ASSET-100616
RBT-0617,WMS,BOT0617
RBT-0617,FLEET,DC-16-TUGGER-023
RBT-0617,CMMS,ASSET-100617
RBT-0618,WMS,BOT0618
RBT-0618,FLEET,DC-16-AGV-024
RBT-0618,CMMS,ASSET-100618
RBT-0619,WMS,BOT0619
RBT-0619,FLEET,DC-16-CASE_PICKER-025
RBT-0619,CMMS,ASSET-100619
RBT-0620,WMS,BOT0620
RBT-0620,FLEET,DC-16-FORK_AMR-026
RBT-0620,CMMS,ASSET-100620
RBT-0621,WMS,BOT0621
RBT-0621,FLEET,DC-16-PALLET_MOVER-027
RBT-0621,CMMS,ASSET-100621
RBT-0622,WMS,BOT0622
RBT-0622,FLEET,DC-16-TUGGER-028
RBT-0622,CMMS,ASSET-100622
RBT-0623,WMS,BOT0623
RBT-0623,FLEET,DC-16-PALLET_MOVER-029
RBT-0623,CMMS,ASSET-100623
RBT-0624,WMS,BOT0624
RBT-0624,FLEET,DC-16-TUGGER-030
RBT-0624,CMMS,ASSET-100624
RBT-0625,WMS,BOT0625
RBT-0625,FLEET,DC-16-PALLET_MOVER-031
RBT-0625,CMMS,ASSET-100625
RBT-0626,WMS,BOT0626
RBT-0626,FLEET,DC-16-AGV-032
RBT-0626,CMMS,ASSET-100626
RBT-0627,WMS,BOT0627
RBT-0627,FLEET,DC-16-TUGGER-033
RBT-0627,CMMS,ASSET-100627
RBT-0628,WMS,BOT0628
RBT-0628,FLEET,DC-16-TUGGER-034
RBT-0628,CMMS,ASSET-100628
RBT-0629,WMS,BOT0629
RBT-0629,FLEET,DC-16-AMR-035
RBT-0629,CMMS,ASSET-100629
RBT-0630,WMS,BOT0630
RBT-0630,FLEET,DC-16-FORK_AMR-036
RBT-0630,CMMS,ASSET-100630
RBT-0631,WMS,BOT0631
RBT-0631,FLEET,DC-16-AMR-037
RBT-0631,CMMS,ASSET-100631
RBT-0632,WMS,BOT0632
RBT-0632,FLEET,DC-16-AMR-038
RBT-0632,CMMS,ASSET-100632
RBT-0633,WMS,BOT0633
RBT-0633,FLEET,DC-17-AMR-001
RBT-0633,CMMS,ASSET-100633
RBT-0634,WMS,BOT0634
RBT-0634,FLEET,DC-17-CASE_PICKER-002
RBT-0634,CMMS,ASSET-100634
RBT-0635,WMS,BOT0635
RBT-0635,FLEET,DC-17-CASE_PICKER-003
RBT-0635,CMMS,ASSET-100635
RBT-0636,WMS,BOT0636
RBT-0636,FLEET,DC-17-TUGGER-004
RBT-0636,CMMS,ASSET-100636
RBT-0637,WMS,BOT0637
RBT-0637,FLEET,DC-17-TUGGER-005
RBT-0637,CMMS,ASSET-100637
RBT-0638,WMS,BOT0638
RBT-0638,FLEET,DC-17-AGV-006
RBT-0638,CMMS,ASSET-100638
RBT-0639,WMS,BOT0639
RBT-0639,FLEET,DC-17-PALLET_MOVER-007
RBT-0639,CMMS,ASSET-100639
RBT-0640,WMS,BOT0640
RBT-0640,FLEET,DC-17-CASE_PICKER-008
RBT-0640,CMMS,ASSET-100640
RBT-0641,WMS,BOT0641
RBT-0641,FLEET,DC-17-TUGGER-009
RBT-0641,CMMS,ASSET-100641
RBT-0642,WMS,BOT0642
RBT-0642,FLEET,DC-17-AGV-010
RBT-0642,CMMS,ASSET-100642
RBT-0643,WMS,BOT0643
RBT-0643,FLEET,DC-17-AMR-011
RBT-0643,CMMS,ASSET-100643
RBT-0644,WMS,BOT0644
RBT-0644,FLEET,DC-17-CASE_PICKER-012
RBT-0644,CMMS,ASSET-100644
RBT-0645,WMS,BOT0645
RBT-0645,FLEET,DC-17-AMR-013
RBT-0645,CMMS,ASSET-100645
RBT-0646,WMS,BOT0646
RBT-0646,FLEET,DC-17-FORK_AMR-014
RBT-0646,CMMS,ASSET-100646
RBT-0647,WMS,BOT0647
RBT-0647,FLEET,DC-17-CASE_PICKER-015
RBT-0647,CMMS,ASSET-100647
RBT-0648,WMS,BOT0648
RBT-0648,FLEET,DC-17-FORK_AMR-016
RBT-0648,CMMS,ASSET-100648
RBT-0649,WMS,BOT0649
RBT-0649,FLEET,DC-17-FORK_AMR-017
RBT-0649,CMMS,ASSET-100649
RBT-0650,WMS,BOT0650
RBT-0650,FLEET,DC-17-AMR-018
RBT-0650,CMMS,ASSET-100650
RBT-0651,WMS,BOT0651
RBT-0651,FLEET,DC-17-AMR-019
RBT-0651,CMMS,ASSET-100651
RBT-0652,WMS,BOT0652
RBT-0652,FLEET,DC-17-PALLET_MOVER-020
RBT-0652,CMMS,ASSET-100652
RBT-0653,WMS,BOT0653
RBT-0653,FLEET,DC-17-PALLET_MOVER-021
RBT-0653,CMMS,ASSET-100653
RBT-0654,WMS,BOT0654
RBT-0654,FLEET,DC-17-TUGGER-022
RBT-0654,CMMS,ASSET-100654
RBT-0655,WMS,BOT0655
RBT-0655,FLEET,DC-17-PALLET_MOVER-023
RBT-0655,CMMS,ASSET-100655
RBT-0656,WMS,BOT0656
RBT-0656,FLEET,DC-17-TUGGER-024
RBT-0656,CMMS,ASSET-100656
RBT-0657,WMS,BOT0657
RBT-0657,FLEET,DC-17-FORK_AMR-025
RBT-0657,CMMS,ASSET-100657
RBT-0658,WMS,BOT0658
RBT-0658,FLEET,DC-17-CASE_PICKER-026
RBT-0658,CMMS,ASSET-100658
RBT-0659,WMS,BOT0659
RBT-0659,FLEET,DC-17-FORK_AMR-027
RBT-0659,CMMS,ASSET-100659
RBT-0660,WMS,BOT0660
RBT-0660,FLEET,DC-17-FORK_AMR-028
RBT-0660,CMMS,ASSET-100660
RBT-0661,WMS,BOT0661
RBT-0661,FLEET,DC-17-CASE_PICKER-029
RBT-0661,CMMS,ASSET-100661
RBT-0662,WMS,BOT0662
RBT-0662,FLEET,DC-17-CASE_PICKER-030
RBT-0662,CMMS,ASSET-100662
RBT-0663,WMS,BOT0663
RBT-0663,FLEET,DC-17-PALLET_MOVER-031
RBT-0663,CMMS,ASSET-100663
RBT-0664,WMS,BOT0664
RBT-0664,FLEET,DC-17-AGV-032
RBT-0664,CMMS,ASSET-100664
RBT-0665,WMS,BOT0665
RBT-0665,FLEET,DC-17-FORK_AMR-033
RBT-0665,CMMS,ASSET-100665
RBT-0666,WMS,BOT0666
RBT-0666,FLEET,DC-17-CASE_PICKER-034
RBT-0666,CMMS,ASSET-100666
RBT-0667,WMS,BOT0667
RBT-0667,FLEET,DC-17-AGV-035
RBT-0667,CMMS,ASSET-100667
RBT-0668,WMS,BOT0668
RBT-0668,FLEET,DC-18-CASE_PICKER-001
RBT-0668,CMMS,ASSET-100668
RBT-0669,WMS,BOT0669
RBT-0669,FLEET,DC-18-FORK_AMR-002
RBT-0669,CMMS,ASSET-100669
RBT-0670,WMS,BOT0670
RBT-0670,FLEET,DC-18-FORK_AMR-003
RBT-0670,CMMS,ASSET-100670
RBT-0671,WMS,BOT0671
RBT-0671,FLEET,DC-18-CASE_PICKER-004
RBT-0671,CMMS,ASSET-100671
RBT-0672,WMS,BOT0672
RBT-0672,FLEET,DC-18-PALLET_MOVER-005
RBT-0672,CMMS,ASSET-100672
RBT-0673,WMS,BOT0673
RBT-0673,FLEET,DC-18-AMR-006
RBT-0673,CMMS,ASSET-100673
RBT-0674,WMS,BOT0674
RBT-0674,FLEET,DC-18-PALLET_MOVER-007
RBT-0674,CMMS,ASSET-100674
RBT-0675,WMS,BOT0675
RBT-0675,FLEET,DC-18-PALLET_MOVER-008
RBT-0675,CMMS,ASSET-100675
RBT-0676,WMS,BOT0676
RBT-0676,FLEET,DC-18-TUGGER-009
RBT-0676,CMMS,ASSET-100676
RBT-0677,WMS,BOT0677
RBT-0677,FLEET,DC-18-PALLET_MOVER-010
RBT-0677,CMMS,ASSET-100677
RBT-0678,WMS,BOT0678
RBT-0678,FLEET,DC-18-FORK_AMR-011
RBT-0678,CMMS,ASSET-100678
RBT-0679,WMS,BOT0679
RBT-0679,FLEET,DC-18-PALLET_MOVER-012
RBT-0679,CMMS,ASSET-100679
RBT-0680,WMS,BOT0680
RBT-0680,FLEET,DC-18-AMR-013
RBT-0680,CMMS,ASSET-100680
RBT-0681,WMS,BOT0681
RBT-0681,FLEET,DC-18-TUGGER-014
RBT-0681,CMMS,ASSET-100681
RBT-0682,WMS,BOT0682
RBT-0682,FLEET,DC-18-AMR-015
RBT-0682,CMMS,ASSET-100682
RBT-0683,WMS,BOT0683
RBT-0683,FLEET,DC-18-FORK_AMR-016
RBT-0683,CMMS,ASSET-100683
RBT-0684,WMS,BOT0684
RBT-0684,FLEET,DC-18-FORK_AMR-017
RBT-0684,CMMS,ASSET-100684
RBT-0685,WMS,BOT0685
RBT-0685,FLEET,DC-18-FORK_AMR-018
RBT-0685,CMMS,ASSET-100685
RBT-0686,WMS,BOT0686
RBT-0686,FLEET,DC-18-AMR-019
RBT-0686,CMMS,ASSET-100686
RBT-0687,WMS,BOT0687
RBT-0687,FLEET,DC-18-CASE_PICKER-020
RBT-0687,CMMS,ASSET-100687
RBT-0688,WMS,BOT0688
RBT-0688,FLEET,DC-18-PALLET_MOVER-021
RBT-0688,CMMS,ASSET-100688
RBT-0689,WMS,BOT0689
RBT-0689,FLEET,DC-18-AMR-022
RBT-0689,CMMS,ASSET-100689
RBT-0690,WMS,BOT0690
RBT-0690,FLEET,DC-18-PALLET_MOVER-023
RBT-0690,CMMS,ASSET-100690
RBT-0691,WMS,BOT0691
RBT-0691,FLEET,DC-18-CASE_PICKER-024
RBT-0691,CMMS,ASSET-100691
RBT-0692,WMS,BOT0692
RBT-0692,FLEET,DC-18-CASE_PICKER-025
RBT-0692,CMMS,ASSET-100692
RBT-0693,WMS,BOT0693
RBT-0693,FLEET,DC-18-TUGGER-026
RBT-0693,CMMS,ASSET-100693
RBT-0694,WMS,BOT0694
RBT-0694,FLEET,DC-18-TUGGER-027
RBT-0694,CMMS,ASSET-100694
RBT-0695,WMS,BOT0695
RBT-0695,FLEET,DC-18-FORK_AMR-028
RBT-0695,CMMS,ASSET-100695
RBT-0696,WMS,BOT0696
RBT-0696,FLEET,DC-18-AMR-029
RBT-0696,CMMS,ASSET-100696
RBT-0697,WMS,BOT0697
RBT-0697,FLEET,DC-18-AGV-030
RBT-0697,CMMS,ASSET-100697
RBT-0698,WMS,BOT0698
RBT-0698,FLEET,DC-18-AMR-031
RBT-0698,CMMS,ASSET-100698
RBT-0699,WMS,BOT0699
RBT-0699,FLEET,DC-18-AGV-032
RBT-0699,CMMS,ASSET-100699
RBT-0700,WMS,BOT0700
RBT-0700,FLEET,DC-18-FORK_AMR-033
RBT-0700,CMMS,ASSET-100700
RBT-0701,WMS,BOT0701
RBT-0701,FLEET,DC-18-CASE_PICKER-034
RBT-0701,CMMS,ASSET-100701
RBT-0702,WMS,BOT0702
RBT-0702,FLEET,DC-18-FORK_AMR-035
RBT-0702,CMMS,ASSET-100702
RBT-0703,WMS,BOT0703
RBT-0703,FLEET,DC-18-PALLET_MOVER-036
RBT-0703,CMMS,ASSET-100703
RBT-0704,WMS,BOT0704
RBT-0704,FLEET,DC-18-AMR-037
RBT-0704,CMMS,ASSET-100704
RBT-0705,WMS,BOT0705
RBT-0705,FLEET,DC-18-FORK_AMR-038
RBT-0705,CMMS,ASSET-100705
RBT-0706,WMS,BOT0706
RBT-0706,FLEET,DC-18-CASE_PICKER-039
RBT-0706,CMMS,ASSET-100706
RBT-0707,WMS,BOT0707
RBT-0707,FLEET,DC-18-PALLET_MOVER-040
RBT-0707,CMMS,ASSET-100707
RBT-0708,WMS,BOT0708
RBT-0708,FLEET,DC-18-FORK_AMR-041
RBT-0708,CMMS,ASSET-100708
RBT-0709,WMS,BOT0709
RBT-0709,FLEET,DC-18-TUGGER-042
RBT-0709,CMMS,ASSET-100709
RBT-0710,WMS,BOT0710
RBT-0710,FLEET,DC-18-TUGGER-043
RBT-0710,CMMS,ASSET-100710
RBT-0711,WMS,BOT0711
RBT-0711,FLEET,DC-18-AGV-044
RBT-0711,CMMS,ASSET-100711
RBT-0712,WMS,BOT0712
RBT-0712,FLEET,DC-18-PALLET_MOVER-045
RBT-0712,CMMS,ASSET-100712
