robot_id,warehouse_id,soc_pct,soh_pct,preferred_charger,charging_eligible,next_pm_days
RBT-0001,DC-01,72,82,DC-01-CHARGER-02,Y,38
RBT-0002,DC-01,87,96,DC-01-CHARGER-01,N,63
RBT-0003,DC-01,31,70,DC-01-CHARGER-06,Y,-2
RBT-0004,DC-01,88,99,DC-01-CHARGER-03,Y,78
RBT-0005,DC-01,100,98,DC-01-CHARGER-01,Y,115
RBT-0006,DC-01,87,90,DC-01-CHARGER-01,Y,63
RBT-0007,DC-01,31,70,DC-01-CHARGER-01,Y,6
RBT-0008,DC-01,28,85,DC-01-CHARGER-04,Y,58
RBT-0009,DC-01,86,68,DC-01-CHARGER-02,Y,14
RBT-0010,DC-01,24,97,DC-01-CHARGER-06,Y,43
RBT-0011,DC-01,91,89,DC-01-CHARGER-07,Y,42
RBT-0012,DC-01,77,94,DC-01-CHARGER-06,Y,72
RBT-0013,DC-01,41,92,DC-01-CHARGER-07,Y,35
RBT-0014,DC-01,62,88,DC-01-CHARGER-03,Y,3
RBT-0015,DC-01,8,96,DC-01-CHARGER-08,Y,21
RBT-0016,DC-01,43,93,DC-01-CHARGER-02,Y,103
RBT-0017,DC-01,19,94,DC-01-CHARGER-03,Y,108
RBT-0018,DC-01,69,95,DC-01-CHARGER-06,Y,40
RBT-0019,DC-01,13,84,DC-01-CHARGER-02,Y,100
RBT-0020,DC-01,47,85,DC-01-CHARGER-08,N,15
RBT-0021,DC-01,28,71,DC-01-CHARGER-01,Y,85
RBT-0022,DC-01,75,80,DC-01-CHARGER-01,Y,-14
RBT-0023,DC-01,23,97,DC-01-CHARGER-07,Y,41
RBT-0024,DC-01,69,73,DC-01-CHARGER-06,Y,5
RBT-0025,DC-01,84,94,DC-01-CHARGER-05,Y,110
RBT-0026,DC-01,85,82,DC-01-CHARGER-04,Y,-2
RBT-0027,DC-01,95,100,DC-01-CHARGER-03,Y,71
RBT-0028,DC-01,25,89,DC-01-CHARGER-01,Y,117
RBT-0029,DC-01,40,87,DC-01-CHARGER-04,Y,103
RBT-0030,DC-01,8,75,DC-01-CHARGER-07,Y,97
RBT-0031,DC-01,81,87,DC-01-CHARGER-07,Y,10
RBT-0032,DC-01,66,72,DC-01-CHARGER-06,Y,107
RBT-0033,DC-01,90,96,DC-01-CHARGER-02,Y,48
RBT-0034,DC-01,85,95,DC-01-CHARGER-08,Y,-13
RBT-0035,DC-01,53,72,DC-01-CHARGER-06,Y,37
RBT-0036,DC-01,98,83,DC-01-CHARGER-04,Y,-3
RBT-0037,DC-01,84,72,DC-01-CHARGER-01,Y,1
RBT-0038,DC-01,76,97,DC-01-CHARGER-02,Y,-4
RBT-0039,DC-01,26,73,DC-01-CHARGER-06,Y,97
RBT-0040,DC-01,42,92,DC-01-CHARGER-04,N,10
RBT-0041,DC-01,67,82,DC-01-CHARGER-04,Y,22
RBT-0042,DC-01,16,75,DC-01-CHARGER-06,Y,86
RBT-0043,DC-02,95,96,DC-02-CHARGER-04,Y,31
RBT-0044,DC-02,63,73,DC-02-CHARGER-05,Y,15
RBT-0045,DC-02,54,78,DC-02-CHARGER-05,Y,54
RBT-0046,DC-02,98,98,DC-02-CHARGER-06,Y,35
RBT-0047,DC-02,59,75,DC-02-CHARGER-06,Y,107
RBT-0048,DC-02,22,99,DC-02-CHARGER-01,Y,112
RBT-0049,DC-02,52,72,DC-02-CHARGER-01,Y,33
RBT-0050,DC-02,87,73,DC-02-CHARGER-04,Y,77
RBT-0051,DC-02,25,95,DC-02-CHARGER-05,Y,117
RBT-0052,DC-02,65,68,DC-02-CHARGER-04,Y,92
RBT-0053,DC-02,52,72,DC-02-CHARGER-03,Y,106
RBT-0054,DC-02,57,86,DC-02-CHARGER-08,Y,63
RBT-0055,DC-02,26,68,DC-02-CHARGER-05,Y,38
RBT-0056,DC-02,64,82,DC-02-CHARGER-04,Y,72
RBT-0057,DC-02,29,77,DC-02-CHARGER-03,Y,13
RBT-0058,DC-02,42,95,DC-02-CHARGER-05,Y,101
RBT-0059,DC-02,15,89,DC-02-CHARGER-03,Y,-7
RBT-0060,DC-02,55,72,DC-02-CHARGER-03,Y,32
RBT-0061,DC-02,19,75,DC-02-CHARGER-08,Y,-12
RBT-0062,DC-02,90,98,DC-02-CHARGER-03,Y,100
RBT-0063,DC-02,75,71,DC-02-CHARGER-07,Y,91
RBT-0064,DC-02,81,88,DC-02-CHARGER-08,Y,11
RBT-0065,DC-02,44,77,DC-02-CHARGER-07,Y,104
RBT-0066,DC-02,29,68,DC-02-CHARGER-02,Y,111
RBT-0067,DC-02,89,99,DC-02-CHARGER-06,Y,-4
RBT-0068,DC-02,91,73,DC-02-CHARGER-02,Y,-10
RBT-0069,DC-02,29,97,DC-02-CHARGER-04,Y,13
RBT-0070,DC-02,28,68,DC-02-CHARGER-07,Y,61
RBT-0071,DC-02,53,89,DC-02-CHARGER-08,Y,7
RBT-0072,DC-02,18,89,DC-02-CHARGER-01,Y,74
RBT-0073,DC-02,99,98,DC-02-CHARGER-01,N,42
RBT-0074,DC-02,30,71,DC-02-CHARGER-02,Y,109
RBT-0075,DC-02,25,88,DC-02-CHARGER-06,Y,53
RBT-0076,DC-02,60,71,DC-02-CHARGER-06,Y,-1
RBT-0077,DC-02,42,93,DC-02-CHARGER-01,Y,38
RBT-0078,DC-02,65,86,DC-02-CHARGER-01,Y,27
RBT-0079,DC-02,14,69,DC-02-CHARGER-01,Y,14
RBT-0080,DC-02,61,88,DC-02-CHARGER-04,Y,27
RBT-0081,DC-02,35,96,DC-02-CHARGER-08,Y,34
RBT-0082,DC-02,22,89,DC-02-CHARGER-06,Y,87
RBT-0083,DC-02,22,78,DC-02-CHARGER-02,Y,4
RBT-0084,DC-02,99,76,DC-02-CHARGER-03,Y,79
RBT-0085,DC-02,62,71,DC-02-CHARGER-05,Y,37
RBT-0086,DC-03,58,72,DC-03-CHARGER-06,Y,74
RBT-0087,DC-03,36,100,DC-03-CHARGER-06,Y,21
RBT-0088,DC-03,36,78,DC-03-CHARGER-03,Y,-10
RBT-0089,DC-03,80,70,DC-03-CHARGER-03,Y,82
RBT-0090,DC-03,20,76,DC-03-CHARGER-01,Y,117
RBT-0091,DC-03,91,97,DC-03-CHARGER-01,Y,18
RBT-0092,DC-03,19,92,DC-03-CHARGER-03,Y,-10
RBT-0093,DC-03,70,72,DC-03-CHARGER-05,Y,30
RBT-0094,DC-03,57,73,DC-03-CHARGER-08,Y,30
RBT-0095,DC-03,95,87,DC-03-CHARGER-05,Y,68
RBT-0096,DC-03,38,99,DC-03-CHARGER-05,Y,35
RBT-0097,DC-03,26,93,DC-03-CHARGER-03,Y,0
RBT-0098,DC-03,59,95,DC-03-CHARGER-03,Y,84
RBT-0099,DC-03,96,80,DC-03-CHARGER-08,Y,16
RBT-0100,DC-03,73,70,DC-03-CHARGER-01,Y,82
RBT-0101,DC-03,43,94,DC-03-CHARGER-06,Y,91
RBT-0102,DC-03,82,92,DC-03-CHARGER-07,Y,4
RBT-0103,DC-03,42,75,DC-03-CHARGER-02,Y,112
RBT-0104,DC-03,53,96,DC-03-CHARGER-07,Y,33
RBT-0105,DC-03,21,98,DC-03-CHARGER-06,Y,33
RBT-0106,DC-03,11,72,DC-03-CHARGER-02,Y,97
RBT-0107,DC-03,30,81,DC-03-CHARGER-04,Y,-14
RBT-0108,DC-03,36,88,DC-03-CHARGER-04,Y,106
RBT-0109,DC-03,90,69,DC-03-CHARGER-01,Y,49
RBT-0110,DC-03,83,82,DC-03-CHARGER-05,Y,116
RBT-0111,DC-03,66,76,DC-03-CHARGER-06,Y,-11
RBT-0112,DC-03,53,77,DC-03-CHARGER-03,Y,61
RBT-0113,DC-03,65,72,DC-03-CHARGER-06,N,15
RBT-0114,DC-03,92,78,DC-03-CHARGER-07,Y,113
RBT-0115,DC-03,99,68,DC-03-CHARGER-06,Y,109
RBT-0116,DC-03,9,84,DC-03-CHARGER-04,Y,89
RBT-0117,DC-03,24,87,DC-03-CHARGER-02,Y,102
RBT-0118,DC-03,65,81,DC-03-CHARGER-08,Y,93
RBT-0119,DC-03,82,77,DC-03-CHARGER-04,N,99
RBT-0120,DC-03,100,85,DC-03-CHARGER-01,Y,-2
RBT-0121,DC-03,32,84,DC-03-CHARGER-07,Y,44
RBT-0122,DC-03,40,93,DC-03-CHARGER-04,Y,34
RBT-0123,DC-03,37,89,DC-03-CHARGER-04,Y,29
RBT-0124,DC-03,18,96,DC-03-CHARGER-05,Y,104
RBT-0125,DC-03,85,84,DC-03-CHARGER-04,Y,98
RBT-0126,DC-04,66,77,DC-04-CHARGER-02,Y,69
RBT-0127,DC-04,79,96,DC-04-CHARGER-02,Y,69
RBT-0128,DC-04,81,76,DC-04-CHARGER-05,Y,14
RBT-0129,DC-04,63,72,DC-04-CHARGER-02,Y,56
RBT-0130,DC-04,34,100,DC-04-CHARGER-03,Y,60
RBT-0131,DC-04,30,73,DC-04-CHARGER-02,Y,-6
RBT-0132,DC-04,49,78,DC-04-CHARGER-08,Y,115
RBT-0133,DC-04,19,72,DC-04-CHARGER-02,Y,78
RBT-0134,DC-04,26,90,DC-04-CHARGER-07,N,58
RBT-0135,DC-04,9,94,DC-04-CHARGER-08,Y,107
RBT-0136,DC-04,14,69,DC-04-CHARGER-03,Y,36
RBT-0137,DC-04,31,86,DC-04-CHARGER-06,N,101
RBT-0138,DC-04,82,82,DC-04-CHARGER-01,N,-1
RBT-0139,DC-04,92,81,DC-04-CHARGER-05,Y,8
RBT-0140,DC-04,72,70,DC-04-CHARGER-07,Y,33
RBT-0141,DC-04,95,91,DC-04-CHARGER-08,Y,7
RBT-0142,DC-04,63,72,DC-04-CHARGER-04,Y,3
RBT-0143,DC-04,49,74,DC-04-CHARGER-06,Y,41
RBT-0144,DC-04,15,92,DC-04-CHARGER-07,Y,62
RBT-0145,DC-04,86,75,DC-04-CHARGER-06,Y,-2
RBT-0146,DC-04,57,72,DC-04-CHARGER-01,Y,58
RBT-0147,DC-04,67,89,DC-04-CHARGER-04,Y,114
RBT-0148,DC-04,73,94,DC-04-CHARGER-08,Y,1
RBT-0149,DC-04,57,71,DC-04-CHARGER-08,Y,64
RBT-0150,DC-04,44,77,DC-04-CHARGER-08,N,107
RBT-0151,DC-04,31,98,DC-04-CHARGER-01,Y,-9
RBT-0152,DC-04,90,90,DC-04-CHARGER-01,Y,84
RBT-0153,DC-04,72,76,DC-04-CHARGER-06,Y,49
RBT-0154,DC-04,12,98,DC-04-CHARGER-04,Y,33
RBT-0155,DC-04,49,69,DC-04-CHARGER-08,Y,103
RBT-0156,DC-04,31,85,DC-04-CHARGER-05,Y,64
RBT-0157,DC-04,81,75,DC-04-CHARGER-02,Y,98
RBT-0158,DC-04,79,75,DC-04-CHARGER-05,Y,24
RBT-0159,DC-04,83,89,DC-04-CHARGER-05,Y,27
RBT-0160,DC-04,49,71,DC-04-CHARGER-01,Y,16
RBT-0161,DC-04,100,84,DC-04-CHARGER-05,Y,2
RBT-0162,DC-04,63,69,DC-04-CHARGER-05,Y,18
RBT-0163,DC-04,29,89,DC-04-CHARGER-05,N,16
RBT-0164,DC-04,71,90,DC-04-CHARGER-01,Y,47
RBT-0165,DC-04,36,69,DC-04-CHARGER-01,Y,84
RBT-0166,DC-04,85,72,DC-04-CHARGER-06,Y,91
RBT-0167,DC-04,9,68,DC-04-CHARGER-03,Y,80
RBT-0168,DC-04,55,78,DC-04-CHARGER-02,Y,81
RBT-0169,DC-04,19,68,DC-04-CHARGER-08,Y,33
RBT-0170,DC-04,57,84,DC-04-CHARGER-05,Y,62
RBT-0171,DC-05,97,87,DC-05-CHARGER-07,Y,27
RBT-0172,DC-05,78,74,DC-05-CHARGER-03,Y,92
RBT-0173,DC-05,84,89,DC-05-CHARGER-08,Y,119
RBT-0174,DC-05,51,70,DC-05-CHARGER-06,N,86
RBT-0175,DC-05,26,90,DC-05-CHARGER-07,Y,91
RBT-0176,DC-05,30,83,DC-05-CHARGER-04,Y,66
RBT-0177,DC-05,93,99,DC-05-CHARGER-07,Y,52
RBT-0178,DC-05,83,83,DC-05-CHARGER-08,N,-12
RBT-0179,DC-05,42,89,DC-05-CHARGER-05,Y,89
RBT-0180,DC-05,75,84,DC-05-CHARGER-08,Y,23
RBT-0181,DC-05,74,97,DC-05-CHARGER-07,Y,54
RBT-0182,DC-05,58,91,DC-05-CHARGER-03,Y,116
RBT-0183,DC-05,35,93,DC-05-CHARGER-06,Y,5
RBT-0184,DC-05,54,98,DC-05-CHARGER-06,Y,44
RBT-0185,DC-05,55,98,DC-05-CHARGER-07,Y,-10
RBT-0186,DC-05,95,81,DC-05-CHARGER-05,Y,91
RBT-0187,DC-05,13,90,DC-05-CHARGER-04,Y,40
RBT-0188,DC-05,80,92,DC-05-CHARGER-04,Y,69
RBT-0189,DC-05,74,76,DC-05-CHARGER-01,Y,91
RBT-0190,DC-05,9,84,DC-05-CHARGER-07,Y,115
RBT-0191,DC-05,66,81,DC-05-CHARGER-08,Y,100
RBT-0192,DC-05,91,70,DC-05-CHARGER-03,N,-5
RBT-0193,DC-05,70,83,DC-05-CHARGER-01,Y,75
RBT-0194,DC-05,50,93,DC-05-CHARGER-01,Y,111
RBT-0195,DC-05,80,77,DC-05-CHARGER-06,Y,33
RBT-0196,DC-05,53,83,DC-05-CHARGER-04,Y,60
RBT-0197,DC-05,77,70,DC-05-CHARGER-01,Y,51
RBT-0198,DC-05,48,75,DC-05-CHARGER-07,Y,34
RBT-0199,DC-05,64,78,DC-05-CHARGER-08,Y,68
RBT-0200,DC-05,82,71,DC-05-CHARGER-03,Y,5
RBT-0201,DC-06,16,85,DC-06-CHARGER-08,Y,12
RBT-0202,DC-06,94,85,DC-06-CHARGER-05,Y,72
RBT-0203,DC-06,87,89,DC-06-CHARGER-08,Y,54
RBT-0204,DC-06,27,71,DC-06-CHARGER-01,Y,17
RBT-0205,DC-06,34,79,DC-06-CHARGER-07,Y,108
RBT-0206,DC-06,96,92,DC-06-CHARGER-08,Y,-10
RBT-0207,DC-06,13,74,DC-06-CHARGER-06,Y,86
RBT-0208,DC-06,86,93,DC-06-CHARGER-03,N,69
RBT-0209,DC-06,63,68,DC-06-CHARGER-07,Y,108
RBT-0210,DC-06,12,98,DC-06-CHARGER-04,Y,22
RBT-0211,DC-06,46,100,DC-06-CHARGER-04,Y,18
RBT-0212,DC-06,45,79,DC-06-CHARGER-01,Y,67
RBT-0213,DC-06,27,76,DC-06-CHARGER-07,Y,4
RBT-0214,DC-06,48,95,DC-06-CHARGER-03,Y,26
RBT-0215,DC-06,29,77,DC-06-CHARGER-05,Y,63
RBT-0216,DC-06,9,93,DC-06-CHARGER-05,Y,73
RBT-0217,DC-06,61,91,DC-06-CHARGER-03,Y,115
RBT-0218,DC-06,9,71,DC-06-CHARGER-06,Y,-10
RBT-0219,DC-06,84,70,DC-06-CHARGER-02,Y,-12
RBT-0220,DC-06,34,70,DC-06-CHARGER-06,Y,51
RBT-0221,DC-06,61,77,DC-06-CHARGER-07,Y,30
RBT-0222,DC-06,14,77,DC-06-CHARGER-04,Y,-6
RBT-0223,DC-06,39,83,DC-06-CHARGER-05,Y,63
RBT-0224,DC-06,12,87,DC-06-CHARGER-02,Y,47
RBT-0225,DC-06,87,74,DC-06-CHARGER-02,Y,36
RBT-0226,DC-06,77,91,DC-06-CHARGER-02,Y,17
RBT-0227,DC-06,45,69,DC-06-CHARGER-02,Y,89
RBT-0228,DC-06,52,75,DC-06-CHARGER-03,Y,11
RBT-0229,DC-06,58,94,DC-06-CHARGER-02,Y,86
RBT-0230,DC-06,44,72,DC-06-CHARGER-01,Y,-10
RBT-0231,DC-06,69,71,DC-06-CHARGER-04,Y,9
RBT-0232,DC-06,56,76,DC-06-CHARGER-05,Y,-15
RBT-0233,DC-06,55,90,DC-06-CHARGER-02,Y,69
RBT-0234,DC-06,80,72,DC-06-CHARGER-06,Y,100
RBT-0235,DC-06,29,87,DC-06-CHARGER-04,Y,10
RBT-0236,DC-06,50,79,DC-06-CHARGER-03,Y,75
RBT-0237,DC-06,76,72,DC-06-CHARGER-06,N,118
RBT-0238,DC-06,68,97,DC-06-CHARGER-07,Y,38
RBT-0239,DC-06,80,86,DC-06-CHARGER-05,Y,30
RBT-0240,DC-06,44,78,DC-06-CHARGER-08,Y,42
RBT-0241,DC-06,9,83,DC-06-CHARGER-04,Y,53
RBT-0242,DC-06,61,73,DC-06-CHARGER-02,Y,33
RBT-0243,DC-06,66,68,DC-06-CHARGER-06,Y,72
RBT-0244,DC-06,65,100,DC-06-CHARGER-03,Y,-4
RBT-0245,DC-07,62,90,DC-07-CHARGER-06,Y,43
RBT-0246,DC-07,87,71,DC-07-CHARGER-08,Y,93
RBT-0247,DC-07,13,97,DC-07-CHARGER-07,Y,36
RBT-0248,DC-07,100,87,DC-07-CHARGER-07,Y,63
RBT-0249,DC-07,81,91,DC-07-CHARGER-05,Y,114
RBT-0250,DC-07,60,69,DC-07-CHARGER-02,Y,94
RBT-0251,DC-07,73,71,DC-07-CHARGER-05,Y,16
RBT-0252,DC-07,26,87,DC-07-CHARGER-06,Y,-15
RBT-0253,DC-07,13,73,DC-07-CHARGER-04,Y,62
RBT-0254,DC-07,48,72,DC-07-CHARGER-08,Y,117
RBT-0255,DC-07,84,69,DC-07-CHARGER-02,Y,0
RBT-0256,DC-07,46,100,DC-07-CHARGER-04,Y,18
RBT-0257,DC-07,13,85,DC-07-CHARGER-04,Y,39
RBT-0258,DC-07,84,94,DC-07-CHARGER-02,Y,26
RBT-0259,DC-07,43,86,DC-07-CHARGER-01,Y,6
RBT-0260,DC-07,16,80,DC-07-CHARGER-05,Y,32
RBT-0261,DC-07,81,97,DC-07-CHARGER-04,Y,57
RBT-0262,DC-07,54,95,DC-07-CHARGER-07,Y,83
RBT-0263,DC-07,30,78,DC-07-CHARGER-04,Y,35
RBT-0264,DC-07,75,68,DC-07-CHARGER-02,Y,116
RBT-0265,DC-07,44,94,DC-07-CHARGER-02,Y,78
RBT-0266,DC-07,24,72,DC-07-CHARGER-01,Y,26
RBT-0267,DC-07,89,93,DC-07-CHARGER-08,Y,88
RBT-0268,DC-07,92,88,DC-07-CHARGER-04,Y,69
RBT-0269,DC-07,57,80,DC-07-CHARGER-06,Y,119
RBT-0270,DC-07,9,78,DC-07-CHARGER-07,Y,87
RBT-0271,DC-07,89,69,DC-07-CHARGER-08,Y,59
RBT-0272,DC-07,22,75,DC-07-CHARGER-08,Y,-12
RBT-0273,DC-07,78,79,DC-07-CHARGER-01,Y,115
RBT-0274,DC-07,76,84,DC-07-CHARGER-02,Y,84
RBT-0275,DC-07,73,74,DC-07-CHARGER-01,N,61
RBT-0276,DC-07,99,75,DC-07-CHARGER-01,Y,62
RBT-0277,DC-07,66,97,DC-07-CHARGER-07,Y,8
RBT-0278,DC-07,36,89,DC-07-CHARGER-02,Y,111
RBT-0279,DC-07,10,83,DC-07-CHARGER-07,Y,92
RBT-0280,DC-07,85,89,DC-07-CHARGER-01,N,43
RBT-0281,DC-07,32,85,DC-07-CHARGER-06,Y,32
RBT-0282,DC-07,21,94,DC-07-CHARGER-06,Y,100
RBT-0283,DC-07,53,74,DC-07-CHARGER-08,Y,5
RBT-0284,DC-07,57,80,DC-07-CHARGER-03,Y,80
RBT-0285,DC-07,38,76,DC-07-CHARGER-05,N,7
RBT-0286,DC-07,43,81,DC-07-CHARGER-06,Y,48
RBT-0287,DC-07,84,96,DC-07-CHARGER-08,Y,65
RBT-0288,DC-07,65,98,DC-07-CHARGER-03,Y,-6
RBT-0289,DC-07,75,87,DC-07-CHARGER-04,Y,62
RBT-0290,DC-07,62,89,DC-07-CHARGER-03,Y,106
RBT-0291,DC-08,26,81,DC-08-CHARGER-04,Y,14
RBT-0292,DC-08,43,94,DC-08-CHARGER-07,Y,30
RBT-0293,DC-08,16,79,DC-08-CHARGER-05,Y,61
RBT-0294,DC-08,76,89,DC-08-CHARGER-06,Y,108
RBT-0295,DC-08,98,85,DC-08-CHARGER-06,Y,111
RBT-0296,DC-08,73,88,DC-08-CHARGER-07,Y,120
RBT-0297,DC-08,48,94,DC-08-CHARGER-01,Y,19
RBT-0298,DC-08,43,78,DC-08-CHARGER-08,Y,102
RBT-0299,DC-08,97,99,DC-08-CHARGER-02,Y,-6
RBT-0300,DC-08,90,93,DC-08-CHARGER-08,Y,82
RBT-0301,DC-08,67,87,DC-08-CHARGER-04,Y,84
RBT-0302,DC-08,61,68,DC-08-CHARGER-05,Y,39
RBT-0303,DC-08,50,83,DC-08-CHARGER-07,Y,-4
RBT-0304,DC-08,59,97,DC-08-CHARGER-07,Y,84
RBT-0305,DC-08,80,77,DC-08-CHARGER-07,N,3
RBT-0306,DC-08,22,98,DC-08-CHARGER-04,Y,11
RBT-0307,DC-08,20,98,DC-08-CHARGER-06,Y,70
RBT-0308,DC-08,35,73,DC-08-CHARGER-08,Y,24
RBT-0309,DC-08,43,89,DC-08-CHARGER-08,N,55
RBT-0310,DC-08,97,92,DC-08-CHARGER-03,Y,80
RBT-0311,DC-08,76,88,DC-08-CHARGER-05,Y,24
RBT-0312,DC-08,65,91,DC-08-CHARGER-03,Y,99
RBT-0313,DC-08,42,97,DC-08-CHARGER-03,Y,82
RBT-0314,DC-08,95,100,DC-08-CHARGER-08,Y,56
RBT-0315,DC-08,30,85,DC-08-CHARGER-03,Y,79
RBT-0316,DC-08,51,98,DC-08-CHARGER-05,Y,82
RBT-0317,DC-08,50,99,DC-08-CHARGER-07,Y,27
RBT-0318,DC-08,41,79,DC-08-CHARGER-02,Y,18
RBT-0319,DC-08,99,68,DC-08-CHARGER-04,Y,102
RBT-0320,DC-08,76,90,DC-08-CHARGER-02,Y,25
RBT-0321,DC-08,72,92,DC-08-CHARGER-03,Y,0
RBT-0322,DC-08,93,77,DC-08-CHARGER-05,Y,20
RBT-0323,DC-08,59,79,DC-08-CHARGER-08,Y,78
RBT-0324,DC-09,66,83,DC-09-CHARGER-03,Y,26
RBT-0325,DC-09,97,99,DC-09-CHARGER-01,Y,59
RBT-0326,DC-09,44,89,DC-09-CHARGER-03,Y,13
RBT-0327,DC-09,60,69,DC-09-CHARGER-02,Y,84
RBT-0328,DC-09,36,73,DC-09-CHARGER-03,Y,28
RBT-0329,DC-09,95,93,DC-09-CHARGER-05,Y,0
RBT-0330,DC-09,11,85,DC-09-CHARGER-08,Y,97
RBT-0331,DC-09,91,80,DC-09-CHARGER-04,Y,33
RBT-0332,DC-09,12,93,DC-09-CHARGER-04,Y,29
RBT-0333,DC-09,94,81,DC-09-CHARGER-08,Y,111
RBT-0334,DC-09,87,81,DC-09-CHARGER-04,Y,50
RBT-0335,DC-09,13,71,DC-09-CHARGER-06,Y,57
RBT-0336,DC-09,60,82,DC-09-CHARGER-08,Y,26
RBT-0337,DC-09,99,71,DC-09-CHARGER-05,Y,35
RBT-0338,DC-09,9,96,DC-09-CHARGER-06,Y,16
RBT-0339,DC-09,91,79,DC-09-CHARGER-02,Y,-13
RBT-0340,DC-09,91,90,DC-09-CHARGER-06,Y,79
RBT-0341,DC-09,93,97,DC-09-CHARGER-08,Y,5
RBT-0342,DC-09,14,79,DC-09-CHARGER-05,Y,28
RBT-0343,DC-09,94,72,DC-09-CHARGER-08,Y,-13
RBT-0344,DC-09,31,98,DC-09-CHARGER-03,Y,51
RBT-0345,DC-09,36,85,DC-09-CHARGER-04,Y,36
RBT-0346,DC-09,64,85,DC-09-CHARGER-02,Y,109
RBT-0347,DC-09,41,74,DC-09-CHARGER-08,Y,-13
RBT-0348,DC-09,90,73,DC-09-CHARGER-03,Y,114
RBT-0349,DC-09,18,72,DC-09-CHARGER-01,Y,23
RBT-0350,DC-09,72,77,DC-09-CHARGER-06,Y,90
RBT-0351,DC-09,95,72,DC-09-CHARGER-05,Y,108
RBT-0352,DC-09,66,79,DC-09-CHARGER-08,Y,86
RBT-0353,DC-09,100,98,DC-09-CHARGER-03,Y,58
RBT-0354,DC-09,50,98,DC-09-CHARGER-06,Y,64
RBT-0355,DC-09,62,97,DC-09-CHARGER-02,Y,36
RBT-0356,DC-09,62,87,DC-09-CHARGER-04,Y,58
RBT-0357,DC-09,45,70,DC-09-CHARGER-08,Y,93
RBT-0358,DC-09,36,98,DC-09-CHARGER-05,Y,79
RBT-0359,DC-09,41,82,DC-09-CHARGER-03,Y,55
RBT-0360,DC-09,20,99,DC-09-CHARGER-04,Y,25
RBT-0361,DC-09,50,81,DC-09-CHARGER-07,Y,69
RBT-0362,DC-09,85,77,DC-09-CHARGER-08,Y,56
RBT-0363,DC-09,9,88,DC-09-CHARGER-08,Y,112
RBT-0364,DC-09,50,72,DC-09-CHARGER-01,Y,111
RBT-0365,DC-09,18,68,DC-09-CHARGER-04,Y,12
RBT-0366,DC-10,49,68,DC-10-CHARGER-06,Y,101
RBT-0367,DC-10,55,70,DC-10-CHARGER-03,Y,15
RBT-0368,DC-10,26,86,DC-10-CHARGER-06,Y,-12
RBT-0369,DC-10,91,81,DC-10-CHARGER-04,Y,-9
RBT-0370,DC-10,55,92,DC-10-CHARGER-04,Y,-15
RBT-0371,DC-10,53,86,DC-10-CHARGER-03,Y,98
RBT-0372,DC-10,32,69,DC-10-CHARGER-04,Y,78
RBT-0373,DC-10,82,90,DC-10-CHARGER-04,Y,35
RBT-0374,DC-10,19,75,DC-10-CHARGER-08,Y,115
RBT-0375,DC-10,23,100,DC-10-CHARGER-08,Y,35
RBT-0376,DC-10,70,100,DC-10-CHARGER-04,Y,68
RBT-0377,DC-10,99,86,DC-10-CHARGER-01,Y,77
RBT-0378,DC-10,96,82,DC-10-CHARGER-04,Y,77
RBT-0379,DC-10,35,98,DC-10-CHARGER-08,Y,40
RBT-0380,DC-10,86,97,DC-10-CHARGER-02,Y,106
RBT-0381,DC-10,24,70,DC-10-CHARGER-04,Y,33
RBT-0382,DC-10,82,91,DC-10-CHARGER-04,Y,81
RBT-0383,DC-10,40,93,DC-10-CHARGER-07,Y,62
RBT-0384,DC-10,76,100,DC-10-CHARGER-06,Y,-14
RBT-0385,DC-10,42,85,DC-10-CHARGER-08,Y,-1
RBT-0386,DC-10,24,98,DC-10-CHARGER-06,Y,27
RBT-0387,DC-10,78,72,DC-10-CHARGER-06,Y,85
RBT-0388,DC-10,27,98,DC-10-CHARGER-07,Y,4
RBT-0389,DC-10,88,100,DC-10-CHARGER-01,Y,81
RBT-0390,DC-10,48,88,DC-10-CHARGER-01,Y,93
RBT-0391,DC-10,61,89,DC-10-CHARGER-04,Y,2
RBT-0392,DC-10,14,68,DC-10-CHARGER-06,Y,23
RBT-0393,DC-10,56,78,DC-10-CHARGER-06,Y,108
RBT-0394,DC-10,52,96,DC-10-CHARGER-02,Y,32
RBT-0395,DC-10,78,72,DC-10-CHARGER-08,Y,32
RBT-0396,DC-10,59,68,DC-10-CHARGER-03,Y,-7
RBT-0397,DC-10,47,91,DC-10-CHARGER-03,N,51
RBT-0398,DC-10,44,93,DC-10-CHARGER-03,Y,28
RBT-0399,DC-10,48,69,DC-10-CHARGER-03,Y,65
RBT-0400,DC-10,15,70,DC-10-CHARGER-05,Y,54
RBT-0401,DC-10,90,99,DC-10-CHARGER-01,Y,67
RBT-0402,DC-10,71,88,DC-10-CHARGER-07,Y,9
RBT-0403,DC-10,72,71,DC-10-CHARGER-06,Y,102
RBT-0404,DC-10,85,72,DC-10-CHARGER-04,N,66
RBT-0405,DC-10,37,68,DC-10-CHARGER-01,Y,81
RBT-0406,DC-10,90,78,DC-10-CHARGER-03,Y,16
RBT-0407,DC-10,39,68,DC-10-CHARGER-01,Y,39
RBT-0408,DC-10,27,97,DC-10-CHARGER-01,Y,56
RBT-0409,DC-10,86,96,DC-10-CHARGER-04,Y,32
RBT-0410,DC-10,25,74,DC-10-CHARGER-06,Y,112
RBT-0411,DC-10,22,85,DC-10-CHARGER-06,Y,4
RBT-0412,DC-11,92,84,DC-11-CHARGER-03,Y,97
RBT-0413,DC-11,74,91,DC-11-CHARGER-06,Y,71
RBT-0414,DC-11,84,68,DC-11-CHARGER-04,Y,-1
RBT-0415,DC-11,79,69,DC-11-CHARGER-07,N,4
RBT-0416,DC-11,30,92,DC-11-CHARGER-06,N,23
RBT-0417,DC-11,92,89,DC-11-CHARGER-06,Y,-4
RBT-0418,DC-11,34,79,DC-11-CHARGER-06,Y,76
RBT-0419,DC-11,55,86,DC-11-CHARGER-08,Y,-10
RBT-0420,DC-11,96,70,DC-11-CHARGER-03,Y,-7
RBT-0421,DC-11,32,80,DC-11-CHARGER-03,Y,92
RBT-0422,DC-11,19,82,DC-11-CHARGER-07,Y,-12
RBT-0423,DC-11,44,74,DC-11-CHARGER-04,Y,1
RBT-0424,DC-11,73,69,DC-11-CHARGER-05,Y,102
RBT-0425,DC-11,15,96,DC-11-CHARGER-06,Y,96
RBT-0426,DC-11,42,84,DC-11-CHARGER-03,Y,59
RBT-0427,DC-11,31,70,DC-11-CHARGER-07,Y,-14
RBT-0428,DC-11,77,93,DC-11-CHARGER-03,Y,-5
RBT-0429,DC-11,67,100,DC-11-CHARGER-06,Y,22
RBT-0430,DC-11,88,84,DC-11-CHARGER-06,Y,-10
RBT-0431,DC-11,69,70,DC-11-CHARGER-08,Y,60
RBT-0432,DC-11,73,88,DC-11-CHARGER-05,Y,56
RBT-0433,DC-11,16,73,DC-11-CHARGER-08,Y,67
RBT-0434,DC-11,79,93,DC-11-CHARGER-08,Y,42
RBT-0435,DC-11,73,85,DC-11-CHARGER-08,N,98
RBT-0436,DC-11,73,92,DC-11-CHARGER-03,N,106
RBT-0437,DC-11,100,74,DC-11-CHARGER-02,N,67
RBT-0438,DC-11,74,68,DC-11-CHARGER-06,Y,56
RBT-0439,DC-11,17,68,DC-11-CHARGER-07,Y,116
RBT-0440,DC-11,96,76,DC-11-CHARGER-04,Y,101
RBT-0441,DC-11,38,77,DC-11-CHARGER-02,Y,97
RBT-0442,DC-11,68,70,DC-11-CHARGER-06,N,43
RBT-0443,DC-11,47,97,DC-11-CHARGER-04,N,108
RBT-0444,DC-11,91,85,DC-11-CHARGER-03,Y,31
RBT-0445,DC-11,36,76,DC-11-CHARGER-08,Y,-7
RBT-0446,DC-12,91,71,DC-12-CHARGER-01,Y,-3
RBT-0447,DC-12,80,87,DC-12-CHARGER-02,Y,79
RBT-0448,DC-12,64,69,DC-12-CHARGER-04,N,52
RBT-0449,DC-12,46,76,DC-12-CHARGER-01,Y,70
RBT-0450,DC-12,77,99,DC-12-CHARGER-03,N,69
RBT-0451,DC-12,62,71,DC-12-CHARGER-07,Y,32
RBT-0452,DC-12,40,73,DC-12-CHARGER-01,Y,93
RBT-0453,DC-12,56,80,DC-12-CHARGER-04,Y,-13
RBT-0454,DC-12,99,89,DC-12-CHARGER-03,Y,86
RBT-0455,DC-12,85,83,DC-12-CHARGER-08,N,74
RBT-0456,DC-12,43,80,DC-12-CHARGER-05,Y,24
RBT-0457,DC-12,33,71,DC-12-CHARGER-07,Y,118
RBT-0458,DC-12,22,68,DC-12-CHARGER-06,Y,5
RBT-0459,DC-12,82,98,DC-12-CHARGER-08,Y,66
RBT-0460,DC-12,17,71,DC-12-CHARGER-07,Y,112
RBT-0461,DC-12,41,97,DC-12-CHARGER-08,Y,16
RBT-0462,DC-12,43,100,DC-12-CHARGER-03,Y,9
RBT-0463,DC-12,79,88,DC-12-CHARGER-08,Y,31
RBT-0464,DC-12,89,77,DC-12-CHARGER-08,Y,-5
RBT-0465,DC-12,22,99,DC-12-CHARGER-08,Y,113
RBT-0466,DC-12,48,69,DC-12-CHARGER-05,Y,67
RBT-0467,DC-12,97,85,DC-12-CHARGER-08,Y,80
RBT-0468,DC-12,75,92,DC-12-CHARGER-06,Y,35
RBT-0469,DC-12,47,81,DC-12-CHARGER-02,Y,49
RBT-0470,DC-12,10,99,DC-12-CHARGER-02,Y,55
RBT-0471,DC-12,93,72,DC-12-CHARGER-07,Y,59
RBT-0472,DC-12,45,91,DC-12-CHARGER-02,N,52
RBT-0473,DC-12,93,76,DC-12-CHARGER-06,N,115
RBT-0474,DC-12,62,77,DC-12-CHARGER-02,Y,47
RBT-0475,DC-12,35,76,DC-12-CHARGER-07,Y,47
RBT-0476,DC-12,77,91,DC-12-CHARGER-01,Y,88
RBT-0477,DC-12,92,79,DC-12-CHARGER-04,Y,80
RBT-0478,DC-12,35,100,DC-12-CHARGER-06,Y,-1
RBT-0479,DC-12,52,85,DC-12-CHARGER-07,Y,20
RBT-0480,DC-12,57,75,DC-12-CHARGER-01,Y,105
RBT-0481,DC-12,27,95,DC-12-CHARGER-01,Y,44
RBT-0482,DC-13,88,99,DC-13-CHARGER-05,Y,45
RBT-0483,DC-13,58,70,DC-13-CHARGER-04,Y,-3
RBT-0484,DC-13,49,82,DC-13-CHARGER-02,Y,113
RBT-0485,DC-13,90,90,DC-13-CHARGER-06,N,68
RBT-0486,DC-13,8,75,DC-13-CHARGER-02,Y,107
RBT-0487,DC-13,40,77,DC-13-CHARGER-02,Y,51
RBT-0488,DC-13,23,89,DC-13-CHARGER-07,Y,-11
RBT-0489,DC-13,28,93,DC-13-CHARGER-01,Y,-11
RBT-0490,DC-13,72,100,DC-13-CHARGER-03,Y,56
RBT-0491,DC-13,11,69,DC-13-CHARGER-06,Y,21
RBT-0492,DC-13,52,77,DC-13-CHARGER-05,Y,-15
RBT-0493,DC-13,8,71,DC-13-CHARGER-05,Y,29
RBT-0494,DC-13,24,86,DC-13-CHARGER-07,Y,-14
RBT-0495,DC-13,97,85,DC-13-CHARGER-03,Y,14
RBT-0496,DC-13,57,76,DC-13-CHARGER-05,Y,58
RBT-0497,DC-13,14,100,DC-13-CHARGER-02,Y,-14
RBT-0498,DC-13,95,79,DC-13-CHARGER-05,Y,33
RBT-0499,DC-13,11,98,DC-13-CHARGER-07,Y,39
RBT-0500,DC-13,79,89,DC-13-CHARGER-02,Y,30
RBT-0501,DC-13,49,73,DC-13-CHARGER-08,Y,114
RBT-0502,DC-13,88,94,DC-13-CHARGER-06,Y,70
RBT-0503,DC-13,91,95,DC-13-CHARGER-05,Y,6
RBT-0504,DC-13,92,84,DC-13-CHARGER-06,Y,63
RBT-0505,DC-13,48,81,DC-13-CHARGER-06,Y,-2
RBT-0506,DC-13,53,99,DC-13-CHARGER-04,Y,110
RBT-0507,DC-13,86,95,DC-13-CHARGER-05,Y,-15
RBT-0508,DC-13,24,85,DC-13-CHARGER-06,Y,2
RBT-0509,DC-13,75,70,DC-13-CHARGER-07,Y,77
RBT-0510,DC-13,37,75,DC-13-CHARGER-07,Y,20
RBT-0511,DC-13,32,75,DC-13-CHARGER-01,Y,39
RBT-0512,DC-13,67,79,DC-13-CHARGER-06,N,47
RBT-0513,DC-13,99,80,DC-13-CHARGER-05,Y,34
RBT-0514,DC-13,97,80,DC-13-CHARGER-05,Y,13
RBT-0515,DC-13,51,81,DC-13-CHARGER-08,N,67
RBT-0516,DC-13,64,69,DC-13-CHARGER-06,Y,58
RBT-0517,DC-13,97,68,DC-13-CHARGER-04,Y,112
RBT-0518,DC-13,12,89,DC-13-CHARGER-04,Y,-6
RBT-0519,DC-13,15,97,DC-13-CHARGER-02,Y,22
RBT-0520,DC-13,25,99,DC-13-CHARGER-07,Y,57
RBT-0521,DC-13,67,93,DC-13-CHARGER-04,Y,-6
RBT-0522,DC-13,49,77,DC-13-CHARGER-08,Y,80
RBT-0523,DC-13,83,86,DC-13-CHARGER-02,Y,41
RBT-0524,DC-13,36,74,DC-13-CHARGER-05,Y,-14
RBT-0525,DC-13,37,85,DC-13-CHARGER-07,Y,6
RBT-0526,DC-14,27,74,DC-14-CHARGER-03,Y,97
RBT-0527,DC-14,80,86,DC-14-CHARGER-05,Y,105
RBT-0528,DC-14,70,97,DC-14-CHARGER-06,Y,59
RBT-0529,DC-14,81,83,DC-14-CHARGER-04,Y,43
RBT-0530,DC-14,50,77,DC-14-CHARGER-08,Y,82
RBT-0531,DC-14,23,84,DC-14-CHARGER-03,Y,63
RBT-0532,DC-14,15,99,DC-14-CHARGER-08,Y,118
RBT-0533,DC-14,60,88,DC-14-CHARGER-05,Y,-2
RBT-0534,DC-14,64,81,DC-14-CHARGER-01,Y,88
RBT-0535,DC-14,34,86,DC-14-CHARGER-07,Y,62
RBT-0536,DC-14,93,95,DC-14-CHARGER-03,Y,27
RBT-0537,DC-14,61,100,DC-14-CHARGER-07,Y,120
RBT-0538,DC-14,34,82,DC-14-CHARGER-08,Y,52
RBT-0539,DC-14,13,91,DC-14-CHARGER-04,Y,98
RBT-0540,DC-14,98,77,DC-14-CHARGER-07,N,-3
RBT-0541,DC-14,18,84,DC-14-CHARGER-01,Y,67
RBT-0542,DC-14,64,100,DC-14-CHARGER-01,Y,103
RBT-0543,DC-14,71,74,DC-14-CHARGER-04,Y,49
RBT-0544,DC-14,73,79,DC-14-CHARGER-06,Y,62
RBT-0545,DC-14,23,95,DC-14-CHARGER-05,Y,72
RBT-0546,DC-14,60,86,DC-14-CHARGER-07,Y,40
RBT-0547,DC-14,16,85,DC-14-CHARGER-07,Y,45
RBT-0548,DC-14,80,78,DC-14-CHARGER-07,Y,-11
RBT-0549,DC-14,71,89,DC-14-CHARGER-05,Y,87
RBT-0550,DC-14,47,97,DC-14-CHARGER-07,Y,36
RBT-0551,DC-14,55,77,DC-14-CHARGER-07,Y,111
RBT-0552,DC-14,57,69,DC-14-CHARGER-03,Y,103
RBT-0553,DC-14,80,86,DC-14-CHARGER-05,Y,60
RBT-0554,DC-14,81,89,DC-14-CHARGER-01,Y,17
RBT-0555,DC-14,46,69,DC-14-CHARGER-07,Y,109
RBT-0556,DC-14,79,69,DC-14-CHARGER-03,Y,24
RBT-0557,DC-14,61,93,DC-14-CHARGER-01,Y,61
RBT-0558,DC-14,43,83,DC-14-CHARGER-02,Y,-11
RBT-0559,DC-14,41,95,DC-14-CHARGER-06,Y,1
RBT-0560,DC-14,40,95,DC-14-CHARGER-02,Y,98
RBT-0561,DC-14,81,83,DC-14-CHARGER-05,Y,62
RBT-0562,DC-14,19,96,DC-14-CHARGER-04,Y,88
RBT-0563,DC-14,69,83,DC-14-CHARGER-05,Y,59
RBT-0564,DC-14,78,84,DC-14-CHARGER-07,Y,88
RBT-0565,DC-14,97,85,DC-14-CHARGER-05,Y,39
RBT-0566,DC-15,99,83,DC-15-CHARGER-06,Y,92
RBT-0567,DC-15,86,76,DC-15-CHARGER-03,Y,-10
RBT-0568,DC-15,55,96,DC-15-CHARGER-03,Y,120
RBT-0569,DC-15,69,69,DC-15-CHARGER-08,Y,51
RBT-0570,DC-15,32,83,DC-15-CHARGER-02,Y,37
RBT-0571,DC-15,35,94,DC-15-CHARGER-02,Y,-14
RBT-0572,DC-15,98,84,DC-15-CHARGER-05,Y,86
RBT-0573,DC-15,41,72,DC-15-CHARGER-08,Y,-13
RBT-0574,DC-15,27,83,DC-15-CHARGER-04,Y,-7
RBT-0575,DC-15,73,88,DC-15-CHARGER-03,Y,-8
RBT-0576,DC-15,53,87,DC-15-CHARGER-04,Y,34
RBT-0577,DC-15,100,76,DC-15-CHARGER-07,Y,8
RBT-0578,DC-15,34,75,DC-15-CHARGER-07,Y,53
RBT-0579,DC-15,83,83,DC-15-CHARGER-02,Y,-10
RBT-0580,DC-15,49,70,DC-15-CHARGER-07,Y,68
RBT-0581,DC-15,38,70,DC-15-CHARGER-07,Y,35
RBT-0582,DC-15,74,96,DC-15-CHARGER-05,Y,30
RBT-0583,DC-15,82,97,DC-15-CHARGER-06,Y,65
RBT-0584,DC-15,34,69,DC-15-CHARGER-06,Y,20
RBT-0585,DC-15,65,85,DC-15-CHARGER-05,Y,84
RBT-0586,DC-15,58,89,DC-15-CHARGER-07,Y,19
RBT-0587,DC-15,52,87,DC-15-CHARGER-01,Y,18
RBT-0588,DC-15,95,81,DC-15-CHARGER-06,Y,26
RBT-0589,DC-15,87,77,DC-15-CHARGER-06,Y,39
RBT-0590,DC-15,91,92,DC-15-CHARGER-06,Y,17
RBT-0591,DC-15,61,95,DC-15-CHARGER-01,Y,90
RBT-0592,DC-15,66,96,DC-15-CHARGER-08,Y,81
RBT-0593,DC-15,37,72,DC-15-CHARGER-07,Y,72
RBT-0594,DC-15,71,81,DC-15-CHARGER-02,Y,78
RBT-0595,DC-16,58,77,DC-16-CHARGER-07,Y,67
RBT-0596,DC-16,26,69,DC-16-CHARGER-02,Y,-7
RBT-0597,DC-16,86,85,DC-16-CHARGER-06,Y,108
RBT-0598,DC-16,54,73,DC-16-CHARGER-02,Y,-5
RBT-0599,DC-16,52,85,DC-16-CHARGER-07,Y,21
RBT-0600,DC-16,29,100,DC-16-CHARGER-05,Y,-8
RBT-0601,DC-16,8,78,DC-16-CHARGER-07,Y,56
RBT-0602,DC-16,20,99,DC-16-CHARGER-03,Y,2
RBT-0603,DC-16,73,91,DC-16-CHARGER-03,Y,96
RBT-0604,DC-16,90,97,DC-16-CHARGER-08,Y,108
RBT-0605,DC-16,68,85,DC-16-CHARGER-05,Y,-3
RBT-0606,DC-16,56,90,DC-16-CHARGER-08,Y,117
RBT-0607,DC-16,19,98,DC-16-CHARGER-02,Y,65
RBT-0608,DC-16,52,80,DC-16-CHARGER-05,Y,31
RBT-0609,DC-16,16,86,DC-16-CHARGER-04,Y,91
RBT-0610,DC-16,16,92,DC-16-CHARGER-08,Y,29
RBT-0611,DC-16,26,75,DC-16-CHARGER-06,Y,106
RBT-0612,DC-16,57,79,DC-16-CHARGER-01,Y,29
RBT-0613,DC-16,82,91,DC-16-CHARGER-04,Y,55
RBT-0614,DC-16,49,78,DC-16-CHARGER-02,Y,81
RBT-0615,DC-16,98,80,DC-16-CHARGER-08,Y,115
RBT-0616,DC-16,50,90,DC-16-CHARGER-05,Y,9
RBT-0617,DC-16,33,98,DC-16-CHARGER-04,Y,-12
RBT-0618,DC-16,25,71,DC-16-CHARGER-02,Y,74
RBT-0619,DC-16,68,72,DC-16-CHARGER-04,Y,41
RBT-0620,DC-16,57,71,DC-16-CHARGER-06,Y,109
RBT-0621,DC-16,9,68,DC-16-CHARGER-01,Y,18
RBT-0622,DC-16,30,95,DC-16-CHARGER-01,Y,51
RBT-0623,DC-16,38,86,DC-16-CHARGER-01,Y,-7
RBT-0624,DC-16,19,69,DC-16-CHARGER-08,Y,46
RBT-0625,DC-16,38,91,DC-16-CHARGER-08,Y,16
RBT-0626,DC-16,68,100,DC-16-CHARGER-02,Y,84
RBT-0627,DC-16,87,92,DC-16-CHARGER-08,Y,99
RBT-0628,DC-16,26,75,DC-16-CHARGER-01,Y,15
RBT-0629,DC-16,25,85,DC-16-CHARGER-06,Y,99
RBT-0630,DC-16,65,84,DC-16-CHARGER-05,Y,69
RBT-0631,DC-16,94,92,DC-16-CHARGER-02,Y,31
RBT-0632,DC-16,32,75,DC-16-CHARGER-08,Y,91
RBT-0633,DC-17,41,93,DC-17-CHARGER-03,Y,-14
RBT-0634,DC-17,13,70,DC-17-CHARGER-02,Y,29
RBT-0635,DC-17,12,89,DC-17-CHARGER-02,Y,14
RBT-0636,DC-17,49,82,DC-17-CHARGER-03,Y,36
RBT-0637,DC-17,87,76,DC-17-CHARGER-07,Y,90
RBT-0638,DC-17,65,83,DC-17-CHARGER-07,Y,93
RBT-0639,DC-17,56,85,DC-17-CHARGER-05,Y,65
RBT-0640,DC-17,77,89,DC-17-CHARGER-03,Y,37
RBT-0641,DC-17,88,82,DC-17-CHARGER-07,Y,110
RBT-0642,DC-17,100,68,DC-17-CHARGER-03,Y,26
RBT-0643,DC-17,32,78,DC-17-CHARGER-01,Y,5
RBT-0644,DC-17,10,100,DC-17-CHARGER-01,N,42
RBT-0645,DC-17,52,99,DC-17-CHARGER-07,Y,77
RBT-0646,DC-17,100,83,DC-17-CHARGER-04,Y,89
RBT-0647,DC-17,69,96,DC-17-CHARGER-06,Y,27
RBT-0648,DC-17,49,80,DC-17-CHARGER-08,Y,93
RBT-0649,DC-17,38,80,DC-17-CHARGER-03,Y,112
RBT-0650,DC-17,73,100,DC-17-CHARGER-02,Y,77
RBT-0651,DC-17,79,99,DC-17-CHARGER-07,Y,117
RBT-0652,DC-17,96,69,DC-17-CHARGER-04,Y,120
RBT-0653,DC-17,36,69,DC-17-CHARGER-03,Y,-6
RBT-0654,DC-17,73,97,DC-17-CHARGER-07,Y,99
RBT-0655,DC-17,83,90,DC-17-CHARGER-01,Y,90
RBT-0656,DC-17,71,92,DC-17-CHARGER-04,Y,97
RBT-0657,DC-17,24,94,DC-17-CHARGER-04,Y,-9
RBT-0658,DC-17,75,68,DC-17-CHARGER-01,Y,11
RBT-0659,DC-17,62,90,DC-17-CHARGER-04,Y,119
RBT-0660,DC-17,58,100,DC-17-CHARGER-02,Y,46
RBT-0661,DC-17,34,72,DC-17-CHARGER-02,Y,64
RBT-0662,DC-17,81,96,DC-17-CHARGER-03,Y,87
RBT-0663,DC-17,65,74,DC-17-CHARGER-06,Y,-4
RBT-0664,DC-17,80,100,DC-17-CHARGER-05,N,117
RBT-0665,DC-17,32,91,DC-17-CHARGER-05,Y,97
RBT-0666,DC-17,86,68,DC-17-CHARGER-06,Y,87
RBT-0667,DC-17,57,75,DC-17-CHARGER-04,Y,29
RBT-0668,DC-18,63,90,DC-18-CHARGER-07,Y,31
RBT-0669,DC-18,57,75,DC-18-CHARGER-02,Y,80
RBT-0670,DC-18,67,90,DC-18-CHARGER-07,Y,52
RBT-0671,DC-18,54,68,DC-18-CHARGER-06,Y,6
RBT-0672,DC-18,83,73,DC-18-CHARGER-07,Y,113
RBT-0673,DC-18,85,87,DC-18-CHARGER-04,Y,94
RBT-0674,DC-18,14,85,DC-18-CHARGER-02,Y,57
RBT-0675,DC-18,13,93,DC-18-CHARGER-04,Y,45
RBT-0676,DC-18,9,69,DC-18-CHARGER-04,Y,3
RBT-0677,DC-18,59,85,DC-18-CHARGER-06,Y,75
RBT-0678,DC-18,76,97,DC-18-CHARGER-02,N,73
RBT-0679,DC-18,51,87,DC-18-CHARGER-07,Y,77
RBT-0680,DC-18,85,74,DC-18-CHARGER-03,Y,88
RBT-0681,DC-18,100,77,DC-18-CHARGER-07,Y,27
RBT-0682,DC-18,75,83,DC-18-CHARGER-08,Y,82
RBT-0683,DC-18,92,84,DC-18-CHARGER-01,Y,88
RBT-0684,DC-18,19,71,DC-18-CHARGER-04,Y,-11
RBT-0685,DC-18,64,68,DC-18-CHARGER-06,Y,77
RBT-0686,DC-18,26,88,DC-18-CHARGER-04,Y,81
RBT-0687,DC-18,33,76,DC-18-CHARGER-05,Y,62
RBT-0688,DC-18,32,75,DC-18-CHARGER-03,Y,13
RBT-0689,DC-18,63,97,DC-18-CHARGER-04,Y,-14
RBT-0690,DC-18,62,86,DC-18-CHARGER-06,Y,38
RBT-0691,DC-18,93,98,DC-18-CHARGER-06,Y,19
RBT-0692,DC-18,76,99,DC-18-CHARGER-07,Y,93
RBT-0693,DC-18,99,98,DC-18-CHARGER-02,Y,93
RBT-0694,DC-18,73,85,DC-18-CHARGER-08,Y,-11
RBT-0695,DC-18,45,86,DC-18-CHARGER-06,Y,115
RBT-0696,DC-18,35,70,DC-18-CHARGER-02,Y,91
RBT-0697,DC-18,58,98,DC-18-CHARGER-06,Y,61
RBT-0698,DC-18,24,81,DC-18-CHARGER-07,Y,58
RBT-0699,DC-18,85,100,DC-18-CHARGER-02,Y,27
RBT-0700,DC-18,47,78,DC-18-CHARGER-05,N,13
RBT-0701,DC-18,94,69,DC-18-CHARGER-07,Y,41
RBT-0702,DC-18,24,80,DC-18-CHARGER-08,Y,101
RBT-0703,DC-18,83,83,DC-18-CHARGER-06,Y,108
RBT-0704,DC-18,39,70,DC-18-CHARGER-04,Y,93
RBT-0705,DC-18,50,90,DC-18-CHARGER-07,Y,-11
RBT-0706,DC-18,95,77,DC-18-CHARGER-08,Y,-9
RBT-0707,DC-18,26,80,DC-18-CHARGER-06,Y,84
RBT-0708,DC-18,77,82,DC-18-CHARGER-03,Y,67
RBT-0709,DC-18,53,69,DC-18-CHARGER-04,Y,88
RBT-0710,DC-18,19,89,DC-18-CHARGER-05,Y,0
RBT-0711,DC-18,68,89,DC-18-CHARGER-01,Y,73
RBT-0712,DC-18,57,95,DC-18-CHARGER-02,Y,73
