work_order_id,robot_id,warehouse_id,cmms_status,fleet_availability,issue,opened_at,safety_release_recorded
WO-000001,RBT-0673,DC-18,OPEN,AVAILABLE,wheel_wear,2026-08-17T06:00:00,Y
WO-000002,RBT-0322,DC-08,CLOSED,UNAVAILABLE,preventive_maintenance,2026-08-13T06:00:00,Y
WO-000003,RBT-0161,DC-04,PLANNED,AVAILABLE,wheel_wear,2026-08-14T06:00:00,Y
WO-000004,RBT-0364,DC-09,OPEN,UNAVAILABLE,preventive_maintenance,2026-08-17T06:00:00,Y
WO-000005,RBT-0625,DC-16,PLANNED,UNAVAILABLE,scanner_fault,2026-08-13T06:00:00,N
WO-000006,RBT-0347,DC-09,OPEN,UNAVAILABLE,preventive_maintenance,2026-09-02T06:00:00,N
WO-000007,RBT-0126,DC-04,IN_PROGRESS,UNAVAILABLE,preventive_maintenance,2026-08-21T06:00:00,Y
WO-000008,RBT-0163,DC-04,OPEN,AVAILABLE,drive_fault,2026-08-10T06:00:00,Y
WO-000009,RBT-0152,DC-04,CLOSED,AVAILABLE,battery_degradation,2026-08-10T06:00:00,Y
WO-000010,RBT-0644,DC-17,IN_PROGRESS,UNAVAILABLE,lidar_calibration,2026-08-26T06:00:00,Y
WO-000011,RBT-0092,DC-03,OPEN,AVAILABLE,preventive_maintenance,2026-08-08T06:00:00,Y
WO-000012,RBT-0190,DC-05,OPEN,AVAILABLE,wheel_wear,2026-08-04T06:00:00,N
WO-000013,RBT-0670,DC-18,IN_PROGRESS,AVAILABLE,scanner_fault,2026-08-19T06:00:00,Y
WO-000014,RBT-0022,DC-01,OPEN,AVAILABLE,battery_degradation,2026-08-30T06:00:00,Y
WO-000015,RBT-0623,DC-16,PLANNED,AVAILABLE,drive_fault,2026-08-18T06:00:00,N
WO-000016,RBT-0631,DC-16,CLOSED,AVAILABLE,wheel_wear,2026-08-29T06:00:00,Y
WO-000017,RBT-0440,DC-11,CLOSED,UNAVAILABLE,lidar_calibration,2026-08-09T06:00:00,Y
WO-000018,RBT-0555,DC-14,IN_PROGRESS,AVAILABLE,drive_fault,2026-08-10T06:00:00,Y
WO-000019,RBT-0641,DC-17,IN_PROGRESS,AVAILABLE,drive_fault,2026-09-04T06:00:00,N
WO-000020,RBT-0511,DC-13,OPEN,AVAILABLE,lidar_calibration,2026-08-20T06:00:00,Y
WO-000021,RBT-0028,DC-01,PLANNED,AVAILABLE,preventive_maintenance,2026-08-14T06:00:00,Y
WO-000022,RBT-0016,DC-01,PLANNED,AVAILABLE,scanner_fault,2026-08-04T06:00:00,Y
WO-000023,RBT-0055,DC-02,OPEN,UNAVAILABLE,preventive_maintenance,2026-08-23T06:00:00,Y
WO-000024,RBT-0643,DC-17,CLOSED,AVAILABLE,lidar_calibration,2026-09-03T06:00:00,Y
WO-000025,RBT-0451,DC-12,PLANNED,AVAILABLE,preventive_maintenance,2026-08-03T06:00:00,N
WO-000026,RBT-0674,DC-18,OPEN,AVAILABLE,wheel_wear,2026-08-06T06:00:00,Y
WO-000027,RBT-0175,DC-05,OPEN,AVAILABLE,battery_degradation,2026-08-16T06:00:00,Y
WO-000028,RBT-0603,DC-16,PLANNED,AVAILABLE,wheel_wear,2026-08-15T06:00:00,Y
WO-000029,RBT-0434,DC-11,OPEN,AVAILABLE,scanner_fault,2026-08-07T06:00:00,Y
WO-000030,RBT-0177,DC-05,OPEN,UNAVAILABLE,preventive_maintenance,2026-08-13T06:00:00,Y
WO-000031,RBT-0635,DC-17,CLOSED,AVAILABLE,wheel_wear,2026-08-14T06:00:00,Y
WO-000032,RBT-0377,DC-10,PLANNED,UNAVAILABLE,battery_degradation,2026-09-02T06:00:00,N
WO-000033,RBT-0324,DC-09,PLANNED,UNAVAILABLE,battery_degradation,2026-08-24T06:00:00,N
WO-000034,RBT-0135,DC-04,CLOSED,UNAVAILABLE,battery_degradation,2026-08-24T06:00:00,Y
WO-000035,RBT-0042,DC-01,CLOSED,UNAVAILABLE,battery_degradation,2026-08-13T06:00:00,Y
WO-000036,RBT-0125,DC-03,OPEN,UNAVAILABLE,wheel_wear,2026-08-25T06:00:00,Y
WO-000037,RBT-0124,DC-03,PLANNED,AVAILABLE,drive_fault,2026-08-09T06:00:00,Y
WO-000038,RBT-0353,DC-09,CLOSED,AVAILABLE,scanner_fault,2026-09-02T06:00:00,Y
WO-000039,RBT-0709,DC-18,CLOSED,AVAILABLE,lidar_calibration,2026-08-05T06:00:00,Y
WO-000040,RBT-0129,DC-04,OPEN,UNAVAILABLE,scanner_fault,2026-08-02T06:00:00,Y
WO-000041,RBT-0646,DC-17,CLOSED,AVAILABLE,wheel_wear,2026-09-01T06:00:00,Y
WO-000042,RBT-0667,DC-17,OPEN,AVAILABLE,drive_fault,2026-08-01T06:00:00,Y
WO-000043,RBT-0312,DC-08,PLANNED,UNAVAILABLE,drive_fault,2026-08-02T06:00:00,Y
WO-000044,RBT-0151,DC-04,IN_PROGRESS,AVAILABLE,preventive_maintenance,2026-08-07T06:00:00,Y
WO-000045,RBT-0618,DC-16,CLOSED,UNAVAILABLE,drive_fault,2026-08-18T06:00:00,Y
WO-000046,RBT-0123,DC-03,PLANNED,AVAILABLE,lidar_calibration,2026-08-18T06:00:00,Y
WO-000047,RBT-0437,DC-11,PLANNED,AVAILABLE,scanner_fault,2026-08-15T06:00:00,Y
WO-000048,RBT-0314,DC-08,PLANNED,AVAILABLE,preventive_maintenance,2026-08-03T06:00:00,Y
WO-000049,RBT-0378,DC-10,IN_PROGRESS,UNAVAILABLE,scanner_fault,2026-08-10T06:00:00,Y
WO-000050,RBT-0059,DC-02,CLOSED,AVAILABLE,scanner_fault,2026-08-01T06:00:00,N
WO-000051,RBT-0066,DC-02,PLANNED,AVAILABLE,battery_degradation,2026-08-24T06:00:00,Y
WO-000052,RBT-0404,DC-10,CLOSED,AVAILABLE,drive_fault,2026-08-05T06:00:00,Y
WO-000053,RBT-0171,DC-05,IN_PROGRESS,AVAILABLE,lidar_calibration,2026-08-19T06:00:00,Y
WO-000054,RBT-0514,DC-13,OPEN,AVAILABLE,wheel_wear,2026-08-21T06:00:00,Y
WO-000055,RBT-0617,DC-16,PLANNED,AVAILABLE,drive_fault,2026-08-03T06:00:00,Y
WO-000056,RBT-0473,DC-12,PLANNED,AVAILABLE,drive_fault,2026-08-04T06:00:00,Y
WO-000057,RBT-0289,DC-07,OPEN,AVAILABLE,drive_fault,2026-08-22T06:00:00,Y
WO-000058,RBT-0397,DC-10,CLOSED,AVAILABLE,drive_fault,2026-08-05T06:00:00,N
WO-000059,RBT-0120,DC-03,CLOSED,AVAILABLE,scanner_fault,2026-08-06T06:00:00,N
WO-000060,RBT-0189,DC-05,PLANNED,AVAILABLE,preventive_maintenance,2026-09-05T06:00:00,Y
WO-000061,RBT-0267,DC-07,OPEN,UNAVAILABLE,lidar_calibration,2026-08-12T06:00:00,Y
WO-000062,RBT-0447,DC-12,OPEN,UNAVAILABLE,drive_fault,2026-08-12T06:00:00,Y
WO-000063,RBT-0040,DC-01,OPEN,AVAILABLE,battery_degradation,2026-08-19T06:00:00,Y
WO-000064,RBT-0100,DC-03,PLANNED,UNAVAILABLE,drive_fault,2026-08-10T06:00:00,N
WO-000065,RBT-0433,DC-11,OPEN,UNAVAILABLE,scanner_fault,2026-08-09T06:00:00,Y
WO-000066,RBT-0462,DC-12,OPEN,AVAILABLE,wheel_wear,2026-08-13T06:00:00,Y
WO-000067,RBT-0415,DC-11,PLANNED,AVAILABLE,wheel_wear,2026-08-20T06:00:00,Y
WO-000068,RBT-0471,DC-12,CLOSED,AVAILABLE,preventive_maintenance,2026-09-03T06:00:00,Y
WO-000069,RBT-0101,DC-03,OPEN,AVAILABLE,wheel_wear,2026-08-23T06:00:00,Y
WO-000070,RBT-0444,DC-11,CLOSED,AVAILABLE,lidar_calibration,2026-08-11T06:00:00,Y
WO-000071,RBT-0468,DC-12,OPEN,AVAILABLE,lidar_calibration,2026-08-05T06:00:00,Y
WO-000072,RBT-0052,DC-02,OPEN,UNAVAILABLE,wheel_wear,2026-08-03T06:00:00,Y
WO-000073,RBT-0032,DC-01,PLANNED,UNAVAILABLE,drive_fault,2026-08-28T06:00:00,Y
WO-000074,RBT-0185,DC-05,OPEN,AVAILABLE,lidar_calibration,2026-09-02T06:00:00,Y
WO-000075,RBT-0522,DC-13,CLOSED,UNAVAILABLE,lidar_calibration,2026-09-03T06:00:00,N
WO-000076,RBT-0178,DC-05,OPEN,UNAVAILABLE,battery_degradation,2026-08-09T06:00:00,N
WO-000077,RBT-0159,DC-04,CLOSED,AVAILABLE,wheel_wear,2026-08-30T06:00:00,Y
WO-000078,RBT-0687,DC-18,IN_PROGRESS,AVAILABLE,lidar_calibration,2026-09-05T06:00:00,Y
WO-000079,RBT-0703,DC-18,PLANNED,AVAILABLE,drive_fault,2026-08-20T06:00:00,Y
WO-000080,RBT-0708,DC-18,IN_PROGRESS,UNAVAILABLE,drive_fault,2026-08-11T06:00:00,Y
WO-000081,RBT-0186,DC-05,CLOSED,UNAVAILABLE,lidar_calibration,2026-08-23T06:00:00,Y
WO-000082,RBT-0200,DC-05,OPEN,AVAILABLE,scanner_fault,2026-08-25T06:00:00,Y
WO-000083,RBT-0403,DC-10,IN_PROGRESS,AVAILABLE,scanner_fault,2026-09-05T06:00:00,Y
WO-000084,RBT-0099,DC-03,IN_PROGRESS,AVAILABLE,lidar_calibration,2026-08-29T06:00:00,Y
WO-000085,RBT-0365,DC-09,PLANNED,AVAILABLE,battery_degradation,2026-08-27T06:00:00,Y
WO-000086,RBT-0038,DC-01,CLOSED,AVAILABLE,preventive_maintenance,2026-08-28T06:00:00,Y
WO-000087,RBT-0225,DC-06,CLOSED,AVAILABLE,scanner_fault,2026-09-03T06:00:00,Y
WO-000088,RBT-0371,DC-10,OPEN,AVAILABLE,drive_fault,2026-08-27T06:00:00,N
WO-000089,RBT-0250,DC-07,PLANNED,AVAILABLE,scanner_fault,2026-08-28T06:00:00,Y
WO-000090,RBT-0223,DC-06,CLOSED,AVAILABLE,battery_degradation,2026-08-02T06:00:00,Y
WO-000091,RBT-0602,DC-16,PLANNED,AVAILABLE,lidar_calibration,2026-09-02T06:00:00,Y
WO-000092,RBT-0564,DC-14,OPEN,AVAILABLE,battery_degradation,2026-08-26T06:00:00,Y
WO-000093,RBT-0554,DC-14,IN_PROGRESS,AVAILABLE,lidar_calibration,2026-08-27T06:00:00,N
WO-000094,RBT-0079,DC-02,PLANNED,AVAILABLE,battery_degradation,2026-08-15T06:00:00,Y
WO-000095,RBT-0389,DC-10,OPEN,AVAILABLE,scanner_fault,2026-08-08T06:00:00,Y
WO-000096,RBT-0139,DC-04,IN_PROGRESS,UNAVAILABLE,preventive_maintenance,2026-08-06T06:00:00,Y
WO-000097,RBT-0217,DC-06,PLANNED,AVAILABLE,preventive_maintenance,2026-08-30T06:00:00,Y
WO-000098,RBT-0050,DC-02,IN_PROGRESS,AVAILABLE,battery_degradation,2026-08-23T06:00:00,Y
WO-000099,RBT-0373,DC-10,IN_PROGRESS,AVAILABLE,drive_fault,2026-08-31T06:00:00,Y
WO-000100,RBT-0244,DC-06,OPEN,AVAILABLE,wheel_wear,2026-08-16T06:00:00,Y
WO-000101,RBT-0298,DC-08,PLANNED,AVAILABLE,wheel_wear,2026-08-13T06:00:00,Y
WO-000102,RBT-0295,DC-08,CLOSED,AVAILABLE,scanner_fault,2026-09-03T06:00:00,Y
WO-000103,RBT-0056,DC-02,PLANNED,UNAVAILABLE,lidar_calibration,2026-08-12T06:00:00,Y
WO-000104,RBT-0589,DC-15,PLANNED,AVAILABLE,preventive_maintenance,2026-09-02T06:00:00,N
WO-000105,RBT-0345,DC-09,OPEN,UNAVAILABLE,wheel_wear,2026-08-17T06:00:00,Y
WO-000106,RBT-0558,DC-14,OPEN,UNAVAILABLE,lidar_calibration,2026-08-02T06:00:00,Y
WO-000107,RBT-0560,DC-14,CLOSED,AVAILABLE,preventive_maintenance,2026-08-15T06:00:00,Y
WO-000108,RBT-0712,DC-18,CLOSED,AVAILABLE,preventive_maintenance,2026-08-17T06:00:00,Y
WO-000109,RBT-0188,DC-05,OPEN,AVAILABLE,preventive_maintenance,2026-08-18T06:00:00,Y
WO-000110,RBT-0341,DC-09,IN_PROGRESS,AVAILABLE,preventive_maintenance,2026-08-28T06:00:00,N
WO-000111,RBT-0539,DC-14,CLOSED,AVAILABLE,drive_fault,2026-08-01T06:00:00,Y
WO-000112,RBT-0143,DC-04,IN_PROGRESS,AVAILABLE,drive_fault,2026-08-01T06:00:00,Y
WO-000113,RBT-0080,DC-02,IN_PROGRESS,AVAILABLE,scanner_fault,2026-08-24T06:00:00,Y
WO-000114,RBT-0472,DC-12,PLANNED,UNAVAILABLE,scanner_fault,2026-08-14T06:00:00,Y
WO-000115,RBT-0335,DC-09,PLANNED,AVAILABLE,wheel_wear,2026-08-29T06:00:00,Y
WO-000116,RBT-0277,DC-07,IN_PROGRESS,UNAVAILABLE,battery_degradation,2026-08-18T06:00:00,Y
WO-000117,RBT-0248,DC-07,OPEN,AVAILABLE,preventive_maintenance,2026-08-23T06:00:00,Y
WO-000118,RBT-0412,DC-11,CLOSED,AVAILABLE,battery_degradation,2026-08-12T06:00:00,N
WO-000119,RBT-0379,DC-10,IN_PROGRESS,UNAVAILABLE,lidar_calibration,2026-08-20T06:00:00,Y
WO-000120,RBT-0448,DC-12,CLOSED,AVAILABLE,preventive_maintenance,2026-08-17T06:00:00,Y
WO-000121,RBT-0485,DC-13,IN_PROGRESS,AVAILABLE,wheel_wear,2026-08-07T06:00:00,N
WO-000122,RBT-0218,DC-06,IN_PROGRESS,AVAILABLE,preventive_maintenance,2026-08-05T06:00:00,N
WO-000123,RBT-0496,DC-13,IN_PROGRESS,AVAILABLE,battery_degradation,2026-08-29T06:00:00,Y
WO-000124,RBT-0478,DC-12,PLANNED,AVAILABLE,lidar_calibration,2026-08-25T06:00:00,N
WO-000125,RBT-0174,DC-05,CLOSED,UNAVAILABLE,lidar_calibration,2026-08-02T06:00:00,N
WO-000126,RBT-0438,DC-11,CLOSED,UNAVAILABLE,wheel_wear,2026-08-19T06:00:00,N
WO-000127,RBT-0340,DC-09,CLOSED,AVAILABLE,wheel_wear,2026-08-28T06:00:00,Y
WO-000128,RBT-0329,DC-09,IN_PROGRESS,UNAVAILABLE,drive_fault,2026-08-16T06:00:00,Y
WO-000129,RBT-0242,DC-06,OPEN,UNAVAILABLE,wheel_wear,2026-08-13T06:00:00,Y
WO-000130,RBT-0118,DC-03,OPEN,AVAILABLE,drive_fault,2026-08-04T06:00:00,Y
WO-000131,RBT-0450,DC-12,OPEN,UNAVAILABLE,scanner_fault,2026-08-29T06:00:00,Y
WO-000132,RBT-0487,DC-13,CLOSED,AVAILABLE,drive_fault,2026-08-18T06:00:00,Y
WO-000133,RBT-0060,DC-02,IN_PROGRESS,UNAVAILABLE,lidar_calibration,2026-08-20T06:00:00,Y
WO-000134,RBT-0035,DC-01,PLANNED,AVAILABLE,drive_fault,2026-08-26T06:00:00,N
WO-000135,RBT-0547,DC-14,OPEN,AVAILABLE,preventive_maintenance,2026-08-02T06:00:00,Y
WO-000136,RBT-0203,DC-06,CLOSED,AVAILABLE,drive_fault,2026-08-25T06:00:00,N
WO-000137,RBT-0360,DC-09,CLOSED,UNAVAILABLE,wheel_wear,2026-09-01T06:00:00,Y
WO-000138,RBT-0137,DC-04,IN_PROGRESS,AVAILABLE,wheel_wear,2026-08-28T06:00:00,N
WO-000139,RBT-0287,DC-07,CLOSED,AVAILABLE,wheel_wear,2026-08-27T06:00:00,Y
WO-000140,RBT-0006,DC-01,OPEN,AVAILABLE,lidar_calibration,2026-08-20T06:00:00,Y
WO-000141,RBT-0637,DC-17,PLANNED,AVAILABLE,lidar_calibration,2026-08-02T06:00:00,Y
WO-000142,RBT-0108,DC-03,IN_PROGRESS,AVAILABLE,battery_degradation,2026-08-17T06:00:00,N
WO-000143,RBT-0567,DC-15,IN_PROGRESS,AVAILABLE,preventive_maintenance,2026-08-09T06:00:00,N
WO-000144,RBT-0105,DC-03,IN_PROGRESS,AVAILABLE,wheel_wear,2026-08-12T06:00:00,Y
WO-000145,RBT-0236,DC-06,OPEN,AVAILABLE,lidar_calibration,2026-08-06T06:00:00,Y
WO-000146,RBT-0416,DC-11,IN_PROGRESS,AVAILABLE,scanner_fault,2026-08-25T06:00:00,N
WO-000147,RBT-0475,DC-12,OPEN,AVAILABLE,battery_degradation,2026-08-23T06:00:00,Y
WO-000148,RBT-0310,DC-08,PLANNED,AVAILABLE,scanner_fault,2026-08-15T06:00:00,N
WO-000149,RBT-0524,DC-13,CLOSED,AVAILABLE,preventive_maintenance,2026-08-02T06:00:00,Y
WO-000150,RBT-0624,DC-16,OPEN,AVAILABLE,preventive_maintenance,2026-08-11T06:00:00,Y
WO-000151,RBT-0363,DC-09,IN_PROGRESS,UNAVAILABLE,preventive_maintenance,2026-08-12T06:00:00,Y
WO-000152,RBT-0286,DC-07,PLANNED,AVAILABLE,wheel_wear,2026-09-05T06:00:00,Y
WO-000153,RBT-0024,DC-01,IN_PROGRESS,AVAILABLE,drive_fault,2026-08-04T06:00:00,Y
WO-000154,RBT-0133,DC-04,PLANNED,AVAILABLE,scanner_fault,2026-08-12T06:00:00,Y
WO-000155,RBT-0419,DC-11,PLANNED,AVAILABLE,preventive_maintenance,2026-08-28T06:00:00,Y
WO-000156,RBT-0012,DC-01,PLANNED,UNAVAILABLE,preventive_maintenance,2026-08-18T06:00:00,Y
WO-000157,RBT-0263,DC-07,OPEN,AVAILABLE,battery_degradation,2026-09-05T06:00:00,Y
WO-000158,RBT-0369,DC-10,CLOSED,AVAILABLE,scanner_fault,2026-08-08T06:00:00,N
WO-000159,RBT-0273,DC-07,IN_PROGRESS,AVAILABLE,wheel_wear,2026-08-18T06:00:00,Y
WO-000160,RBT-0224,DC-06,IN_PROGRESS,AVAILABLE,drive_fault,2026-09-02T06:00:00,Y
WO-000161,RBT-0074,DC-02,CLOSED,AVAILABLE,preventive_maintenance,2026-08-27T06:00:00,Y
WO-000162,RBT-0027,DC-01,CLOSED,AVAILABLE,lidar_calibration,2026-08-31T06:00:00,Y
WO-000163,RBT-0574,DC-15,OPEN,UNAVAILABLE,battery_degradation,2026-08-19T06:00:00,N
WO-000164,RBT-0467,DC-12,PLANNED,AVAILABLE,preventive_maintenance,2026-08-12T06:00:00,Y
WO-000165,RBT-0606,DC-16,CLOSED,AVAILABLE,battery_degradation,2026-08-05T06:00:00,Y
WO-000166,RBT-0531,DC-14,OPEN,UNAVAILABLE,battery_degradation,2026-08-14T06:00:00,Y
WO-000167,RBT-0202,DC-06,CLOSED,AVAILABLE,scanner_fault,2026-08-18T06:00:00,Y
WO-000168,RBT-0520,DC-13,CLOSED,AVAILABLE,wheel_wear,2026-08-19T06:00:00,Y
WO-000169,RBT-0303,DC-08,OPEN,AVAILABLE,battery_degradation,2026-08-30T06:00:00,Y
WO-000170,RBT-0076,DC-02,CLOSED,AVAILABLE,wheel_wear,2026-08-13T06:00:00,Y
WO-000171,RBT-0216,DC-06,PLANNED,UNAVAILABLE,scanner_fault,2026-08-17T06:00:00,Y
WO-000172,RBT-0280,DC-07,OPEN,AVAILABLE,lidar_calibration,2026-08-01T06:00:00,Y
WO-000173,RBT-0503,DC-13,PLANNED,AVAILABLE,wheel_wear,2026-08-30T06:00:00,Y
WO-000174,RBT-0356,DC-09,CLOSED,AVAILABLE,drive_fault,2026-08-02T06:00:00,N
WO-000175,RBT-0613,DC-16,IN_PROGRESS,AVAILABLE,drive_fault,2026-09-03T06:00:00,N
WO-000176,RBT-0501,DC-13,IN_PROGRESS,UNAVAILABLE,battery_degradation,2026-08-06T06:00:00,Y
WO-000177,RBT-0117,DC-03,CLOSED,UNAVAILABLE,battery_degradation,2026-08-14T06:00:00,Y
WO-000178,RBT-0454,DC-12,CLOSED,AVAILABLE,wheel_wear,2026-08-12T06:00:00,Y
WO-000179,RBT-0207,DC-06,PLANNED,AVAILABLE,preventive_maintenance,2026-08-11T06:00:00,Y
WO-000180,RBT-0707,DC-18,PLANNED,AVAILABLE,drive_fault,2026-08-31T06:00:00,Y
WO-000181,RBT-0629,DC-16,PLANNED,UNAVAILABLE,scanner_fault,2026-08-10T06:00:00,N
WO-000182,RBT-0145,DC-04,PLANNED,UNAVAILABLE,battery_degradation,2026-09-05T06:00:00,Y
WO-000183,RBT-0084,DC-02,PLANNED,AVAILABLE,wheel_wear,2026-08-12T06:00:00,Y
WO-000184,RBT-0367,DC-10,PLANNED,UNAVAILABLE,battery_degradation,2026-08-31T06:00:00,Y
WO-000185,RBT-0058,DC-02,CLOSED,UNAVAILABLE,lidar_calibration,2026-08-08T06:00:00,Y
WO-000186,RBT-0633,DC-17,PLANNED,AVAILABLE,drive_fault,2026-08-31T06:00:00,Y
WO-000187,RBT-0110,DC-03,IN_PROGRESS,AVAILABLE,battery_degradation,2026-08-25T06:00:00,Y
WO-000188,RBT-0581,DC-15,IN_PROGRESS,AVAILABLE,battery_degradation,2026-09-02T06:00:00,Y
WO-000189,RBT-0008,DC-01,OPEN,AVAILABLE,lidar_calibration,2026-08-21T06:00:00,Y
WO-000190,RBT-0684,DC-18,IN_PROGRESS,UNAVAILABLE,lidar_calibration,2026-08-02T06:00:00,Y
WO-000191,RBT-0474,DC-12,OPEN,AVAILABLE,wheel_wear,2026-08-05T06:00:00,N
WO-000192,RBT-0569,DC-15,PLANNED,AVAILABLE,drive_fault,2026-08-01T06:00:00,Y
WO-000193,RBT-0480,DC-12,CLOSED,AVAILABLE,preventive_maintenance,2026-08-29T06:00:00,Y
WO-000194,RBT-0566,DC-15,CLOSED,AVAILABLE,preventive_maintenance,2026-08-02T06:00:00,Y
WO-000195,RBT-0528,DC-14,OPEN,AVAILABLE,scanner_fault,2026-08-30T06:00:00,Y
WO-000196,RBT-0169,DC-04,IN_PROGRESS,AVAILABLE,lidar_calibration,2026-09-04T06:00:00,Y
WO-000197,RBT-0002,DC-01,CLOSED,AVAILABLE,scanner_fault,2026-08-24T06:00:00,Y
WO-000198,RBT-0018,DC-01,CLOSED,AVAILABLE,preventive_maintenance,2026-08-30T06:00:00,Y
WO-000199,RBT-0401,DC-10,IN_PROGRESS,AVAILABLE,drive_fault,2026-08-01T06:00:00,Y
WO-000200,RBT-0115,DC-03,PLANNED,AVAILABLE,preventive_maintenance,2026-09-03T06:00:00,Y
WO-000201,RBT-0082,DC-02,PLANNED,AVAILABLE,wheel_wear,2026-08-28T06:00:00,Y
WO-000202,RBT-0339,DC-09,CLOSED,AVAILABLE,scanner_fault,2026-08-10T06:00:00,Y
WO-000203,RBT-0400,DC-10,PLANNED,AVAILABLE,lidar_calibration,2026-08-13T06:00:00,N
WO-000204,RBT-0685,DC-18,OPEN,UNAVAILABLE,lidar_calibration,2026-09-03T06:00:00,Y
WO-000205,RBT-0156,DC-04,IN_PROGRESS,AVAILABLE,lidar_calibration,2026-09-01T06:00:00,Y
WO-000206,RBT-0391,DC-10,CLOSED,AVAILABLE,wheel_wear,2026-08-07T06:00:00,Y
WO-000207,RBT-0299,DC-08,IN_PROGRESS,AVAILABLE,lidar_calibration,2026-08-05T06:00:00,Y
WO-000208,RBT-0300,DC-08,CLOSED,AVAILABLE,preventive_maintenance,2026-09-02T06:00:00,Y
WO-000209,RBT-0490,DC-13,CLOSED,AVAILABLE,preventive_maintenance,2026-09-03T06:00:00,N
WO-000210,RBT-0402,DC-10,IN_PROGRESS,UNAVAILABLE,preventive_maintenance,2026-09-03T06:00:00,Y
WO-000211,RBT-0316,DC-08,PLANNED,UNAVAILABLE,battery_degradation,2026-08-22T06:00:00,Y
WO-000212,RBT-0689,DC-18,CLOSED,AVAILABLE,scanner_fault,2026-08-27T06:00:00,Y
WO-000213,RBT-0327,DC-09,PLANNED,AVAILABLE,drive_fault,2026-08-03T06:00:00,Y
WO-000214,RBT-0089,DC-03,CLOSED,AVAILABLE,drive_fault,2026-08-01T06:00:00,Y
WO-000215,RBT-0045,DC-02,IN_PROGRESS,UNAVAILABLE,wheel_wear,2026-08-03T06:00:00,Y
WO-000216,RBT-0246,DC-07,OPEN,UNAVAILABLE,lidar_calibration,2026-08-26T06:00:00,Y
WO-000217,RBT-0285,DC-07,PLANNED,AVAILABLE,scanner_fault,2026-08-07T06:00:00,Y
WO-000218,RBT-0521,DC-13,OPEN,AVAILABLE,drive_fault,2026-08-21T06:00:00,Y
WO-000219,RBT-0354,DC-09,OPEN,AVAILABLE,scanner_fault,2026-08-07T06:00:00,N
WO-000220,RBT-0320,DC-08,CLOSED,AVAILABLE,drive_fault,2026-08-13T06:00:00,Y
WO-000221,RBT-0494,DC-13,CLOSED,AVAILABLE,scanner_fault,2026-08-08T06:00:00,N
WO-000222,RBT-0553,DC-14,CLOSED,AVAILABLE,preventive_maintenance,2026-08-29T06:00:00,N
WO-000223,RBT-0010,DC-01,IN_PROGRESS,AVAILABLE,preventive_maintenance,2026-08-10T06:00:00,N
WO-000224,RBT-0668,DC-18,PLANNED,AVAILABLE,lidar_calibration,2026-08-17T06:00:00,Y
WO-000225,RBT-0621,DC-16,OPEN,AVAILABLE,battery_degradation,2026-08-15T06:00:00,N
WO-000226,RBT-0073,DC-02,PLANNED,UNAVAILABLE,preventive_maintenance,2026-08-08T06:00:00,Y
WO-000227,RBT-0165,DC-04,PLANNED,AVAILABLE,preventive_maintenance,2026-09-02T06:00:00,Y
WO-000228,RBT-0093,DC-03,PLANNED,UNAVAILABLE,lidar_calibration,2026-08-17T06:00:00,Y
WO-000229,RBT-0394,DC-10,OPEN,UNAVAILABLE,scanner_fault,2026-09-01T06:00:00,N
WO-000230,RBT-0386,DC-10,IN_PROGRESS,UNAVAILABLE,wheel_wear,2026-08-21T06:00:00,Y
WO-000231,RBT-0140,DC-04,IN_PROGRESS,AVAILABLE,battery_degradation,2026-08-17T06:00:00,N
WO-000232,RBT-0680,DC-18,OPEN,AVAILABLE,wheel_wear,2026-08-01T06:00:00,Y
WO-000233,RBT-0426,DC-11,CLOSED,AVAILABLE,drive_fault,2026-08-06T06:00:00,Y
WO-000234,RBT-0153,DC-04,IN_PROGRESS,AVAILABLE,scanner_fault,2026-08-11T06:00:00,Y
WO-000235,RBT-0227,DC-06,CLOSED,AVAILABLE,lidar_calibration,2026-08-08T06:00:00,Y
WO-000236,RBT-0323,DC-08,IN_PROGRESS,UNAVAILABLE,drive_fault,2026-08-24T06:00:00,Y
WO-000237,RBT-0506,DC-13,PLANNED,AVAILABLE,preventive_maintenance,2026-08-03T06:00:00,Y
WO-000238,RBT-0552,DC-14,IN_PROGRESS,AVAILABLE,wheel_wear,2026-08-27T06:00:00,N
WO-000239,RBT-0179,DC-05,OPEN,AVAILABLE,battery_degradation,2026-08-22T06:00:00,Y
WO-000240,RBT-0164,DC-04,OPEN,AVAILABLE,battery_degradation,2026-08-24T06:00:00,Y
WO-000241,RBT-0484,DC-13,CLOSED,UNAVAILABLE,scanner_fault,2026-08-24T06:00:00,Y
WO-000242,RBT-0065,DC-02,OPEN,AVAILABLE,wheel_wear,2026-08-25T06:00:00,N
WO-000243,RBT-0512,DC-13,PLANNED,AVAILABLE,wheel_wear,2026-09-03T06:00:00,Y
WO-000244,RBT-0075,DC-02,PLANNED,AVAILABLE,scanner_fault,2026-08-04T06:00:00,Y
WO-000245,RBT-0425,DC-11,OPEN,AVAILABLE,battery_degradation,2026-08-25T06:00:00,Y
WO-000246,RBT-0328,DC-09,CLOSED,UNAVAILABLE,preventive_maintenance,2026-08-28T06:00:00,Y
WO-000247,RBT-0157,DC-04,PLANNED,AVAILABLE,battery_degradation,2026-08-25T06:00:00,N
WO-000248,RBT-0509,DC-13,PLANNED,AVAILABLE,preventive_maintenance,2026-08-08T06:00:00,Y
WO-000249,RBT-0576,DC-15,PLANNED,AVAILABLE,lidar_calibration,2026-08-13T06:00:00,Y
WO-000250,RBT-0533,DC-14,IN_PROGRESS,AVAILABLE,battery_degradation,2026-08-20T06:00:00,Y
WO-000251,RBT-0333,DC-09,IN_PROGRESS,AVAILABLE,drive_fault,2026-08-23T06:00:00,Y
WO-000252,RBT-0650,DC-17,PLANNED,AVAILABLE,lidar_calibration,2026-08-22T06:00:00,Y
WO-000253,RBT-0666,DC-17,PLANNED,AVAILABLE,scanner_fault,2026-08-23T06:00:00,Y
WO-000254,RBT-0679,DC-18,OPEN,AVAILABLE,drive_fault,2026-08-12T06:00:00,Y
WO-000255,RBT-0594,DC-15,CLOSED,UNAVAILABLE,preventive_maintenance,2026-08-10T06:00:00,Y
WO-000256,RBT-0387,DC-10,OPEN,AVAILABLE,scanner_fault,2026-08-30T06:00:00,Y
WO-000257,RBT-0023,DC-01,PLANNED,AVAILABLE,wheel_wear,2026-08-13T06:00:00,Y
WO-000258,RBT-0376,DC-10,OPEN,UNAVAILABLE,scanner_fault,2026-08-29T06:00:00,Y
WO-000259,RBT-0424,DC-11,CLOSED,UNAVAILABLE,lidar_calibration,2026-08-06T06:00:00,Y
WO-000260,RBT-0548,DC-14,CLOSED,UNAVAILABLE,drive_fault,2026-08-31T06:00:00,N
WO-000261,RBT-0271,DC-07,IN_PROGRESS,AVAILABLE,scanner_fault,2026-08-18T06:00:00,Y
WO-000262,RBT-0132,DC-04,IN_PROGRESS,AVAILABLE,lidar_calibration,2026-08-30T06:00:00,Y
WO-000263,RBT-0706,DC-18,PLANNED,AVAILABLE,lidar_calibration,2026-08-28T06:00:00,Y
WO-000264,RBT-0518,DC-13,CLOSED,AVAILABLE,lidar_calibration,2026-09-02T06:00:00,Y
WO-000265,RBT-0409,DC-10,PLANNED,AVAILABLE,lidar_calibration,2026-08-05T06:00:00,Y
WO-000266,RBT-0436,DC-11,OPEN,AVAILABLE,preventive_maintenance,2026-08-25T06:00:00,Y
WO-000267,RBT-0661,DC-17,OPEN,UNAVAILABLE,scanner_fault,2026-08-29T06:00:00,Y
WO-000268,RBT-0441,DC-11,IN_PROGRESS,AVAILABLE,preventive_maintenance,2026-08-21T06:00:00,Y
WO-000269,RBT-0274,DC-07,OPEN,AVAILABLE,drive_fault,2026-08-17T06:00:00,Y
WO-000270,RBT-0505,DC-13,PLANNED,AVAILABLE,battery_degradation,2026-08-11T06:00:00,Y
WO-000271,RBT-0256,DC-07,IN_PROGRESS,UNAVAILABLE,battery_degradation,2026-08-02T06:00:00,Y
WO-000272,RBT-0449,DC-12,CLOSED,UNAVAILABLE,preventive_maintenance,2026-09-01T06:00:00,Y
WO-000273,RBT-0515,DC-13,PLANNED,AVAILABLE,battery_degradation,2026-08-27T06:00:00,Y
WO-000274,RBT-0493,DC-13,OPEN,UNAVAILABLE,lidar_calibration,2026-08-11T06:00:00,Y
WO-000275,RBT-0270,DC-07,CLOSED,AVAILABLE,preventive_maintenance,2026-08-10T06:00:00,Y
WO-000276,RBT-0540,DC-14,OPEN,AVAILABLE,scanner_fault,2026-08-24T06:00:00,N
WO-000277,RBT-0283,DC-07,CLOSED,AVAILABLE,lidar_calibration,2026-08-23T06:00:00,Y
WO-000278,RBT-0168,DC-04,OPEN,AVAILABLE,scanner_fault,2026-08-03T06:00:00,N
WO-000279,RBT-0619,DC-16,OPEN,AVAILABLE,wheel_wear,2026-08-10T06:00:00,N
WO-000280,RBT-0417,DC-11,IN_PROGRESS,UNAVAILABLE,lidar_calibration,2026-08-01T06:00:00,Y
WO-000281,RBT-0106,DC-03,PLANNED,UNAVAILABLE,drive_fault,2026-08-28T06:00:00,Y
WO-000282,RBT-0392,DC-10,OPEN,AVAILABLE,battery_degradation,2026-08-27T06:00:00,N
WO-000283,RBT-0113,DC-03,PLANNED,UNAVAILABLE,drive_fault,2026-08-04T06:00:00,Y
WO-000284,RBT-0210,DC-06,PLANNED,AVAILABLE,battery_degradation,2026-08-29T06:00:00,N
WO-000285,RBT-0388,DC-10,IN_PROGRESS,UNAVAILABLE,battery_degradation,2026-08-03T06:00:00,Y
WO-000286,RBT-0395,DC-10,CLOSED,AVAILABLE,scanner_fault,2026-08-17T06:00:00,Y
WO-000287,RBT-0276,DC-07,OPEN,UNAVAILABLE,preventive_maintenance,2026-08-15T06:00:00,N
WO-000288,RBT-0587,DC-15,OPEN,UNAVAILABLE,drive_fault,2026-09-01T06:00:00,Y
WO-000289,RBT-0252,DC-07,IN_PROGRESS,AVAILABLE,drive_fault,2026-08-02T06:00:00,Y
WO-000290,RBT-0495,DC-13,CLOSED,AVAILABLE,wheel_wear,2026-08-16T06:00:00,Y
WO-000291,RBT-0221,DC-06,IN_PROGRESS,AVAILABLE,drive_fault,2026-08-01T06:00:00,Y
WO-000292,RBT-0663,DC-17,PLANNED,AVAILABLE,wheel_wear,2026-08-28T06:00:00,N
WO-000293,RBT-0146,DC-04,OPEN,AVAILABLE,wheel_wear,2026-08-17T06:00:00,N
WO-000294,RBT-0697,DC-18,OPEN,UNAVAILABLE,drive_fault,2026-08-30T06:00:00,N
WO-000295,RBT-0011,DC-01,OPEN,AVAILABLE,scanner_fault,2026-08-17T06:00:00,Y
WO-000296,RBT-0180,DC-05,CLOSED,AVAILABLE,drive_fault,2026-08-31T06:00:00,Y
WO-000297,RBT-0102,DC-03,PLANNED,AVAILABLE,wheel_wear,2026-08-01T06:00:00,Y
WO-000298,RBT-0610,DC-16,IN_PROGRESS,AVAILABLE,battery_degradation,2026-08-21T06:00:00,Y
WO-000299,RBT-0062,DC-02,OPEN,AVAILABLE,battery_degradation,2026-08-06T06:00:00,Y
WO-000300,RBT-0592,DC-15,PLANNED,AVAILABLE,lidar_calibration,2026-08-07T06:00:00,Y
WO-000301,RBT-0628,DC-16,CLOSED,AVAILABLE,drive_fault,2026-08-23T06:00:00,Y
WO-000302,RBT-0167,DC-04,CLOSED,AVAILABLE,wheel_wear,2026-08-18T06:00:00,Y
WO-000303,RBT-0575,DC-15,IN_PROGRESS,AVAILABLE,battery_degradation,2026-08-07T06:00:00,Y
WO-000304,RBT-0648,DC-17,PLANNED,AVAILABLE,drive_fault,2026-08-01T06:00:00,Y
WO-000305,RBT-0331,DC-09,PLANNED,UNAVAILABLE,drive_fault,2026-08-27T06:00:00,Y
WO-000306,RBT-0677,DC-18,PLANNED,AVAILABLE,drive_fault,2026-08-27T06:00:00,N
WO-000307,RBT-0268,DC-07,PLANNED,UNAVAILABLE,lidar_calibration,2026-08-23T06:00:00,Y
WO-000308,RBT-0155,DC-04,PLANNED,AVAILABLE,preventive_maintenance,2026-09-02T06:00:00,Y
WO-000309,RBT-0204,DC-06,IN_PROGRESS,AVAILABLE,lidar_calibration,2026-08-28T06:00:00,Y
WO-000310,RBT-0278,DC-07,PLANNED,UNAVAILABLE,scanner_fault,2026-08-15T06:00:00,Y
WO-000311,RBT-0195,DC-05,OPEN,UNAVAILABLE,preventive_maintenance,2026-08-14T06:00:00,Y
WO-000312,RBT-0284,DC-07,CLOSED,UNAVAILABLE,wheel_wear,2026-08-15T06:00:00,Y
WO-000313,RBT-0288,DC-07,PLANNED,AVAILABLE,drive_fault,2026-09-01T06:00:00,Y
WO-000314,RBT-0607,DC-16,OPEN,AVAILABLE,wheel_wear,2026-09-02T06:00:00,Y
WO-000315,RBT-0421,DC-11,PLANNED,AVAILABLE,lidar_calibration,2026-08-11T06:00:00,N
WO-000316,RBT-0194,DC-05,CLOSED,AVAILABLE,preventive_maintenance,2026-09-02T06:00:00,Y
WO-000317,RBT-0570,DC-15,CLOSED,AVAILABLE,wheel_wear,2026-08-20T06:00:00,Y
WO-000318,RBT-0664,DC-17,OPEN,AVAILABLE,lidar_calibration,2026-08-03T06:00:00,Y
WO-000319,RBT-0502,DC-13,PLANNED,AVAILABLE,preventive_maintenance,2026-08-22T06:00:00,Y
WO-000320,RBT-0067,DC-02,CLOSED,AVAILABLE,battery_degradation,2026-08-25T06:00:00,Y
WO-000321,RBT-0158,DC-04,IN_PROGRESS,AVAILABLE,battery_degradation,2026-08-01T06:00:00,Y
WO-000322,RBT-0294,DC-08,CLOSED,AVAILABLE,battery_degradation,2026-08-05T06:00:00,Y
WO-000323,RBT-0526,DC-14,OPEN,AVAILABLE,scanner_fault,2026-08-10T06:00:00,N
WO-000324,RBT-0604,DC-16,PLANNED,UNAVAILABLE,scanner_fault,2026-08-04T06:00:00,Y
WO-000325,RBT-0116,DC-03,PLANNED,UNAVAILABLE,lidar_calibration,2026-08-22T06:00:00,Y
WO-000326,RBT-0580,DC-15,PLANNED,AVAILABLE,preventive_maintenance,2026-08-05T06:00:00,Y
WO-000327,RBT-0651,DC-17,PLANNED,AVAILABLE,wheel_wear,2026-08-18T06:00:00,N
WO-000328,RBT-0293,DC-08,PLANNED,AVAILABLE,wheel_wear,2026-08-20T06:00:00,N
WO-000329,RBT-0243,DC-06,PLANNED,AVAILABLE,scanner_fault,2026-08-30T06:00:00,N
WO-000330,RBT-0087,DC-03,CLOSED,AVAILABLE,wheel_wear,2026-08-16T06:00:00,Y
WO-000331,RBT-0545,DC-14,OPEN,AVAILABLE,scanner_fault,2026-08-01T06:00:00,Y
WO-000332,RBT-0330,DC-09,IN_PROGRESS,AVAILABLE,preventive_maintenance,2026-08-23T06:00:00,N
WO-000333,RBT-0541,DC-14,PLANNED,AVAILABLE,preventive_maintenance,2026-08-28T06:00:00,Y
WO-000334,RBT-0031,DC-01,PLANNED,UNAVAILABLE,drive_fault,2026-08-23T06:00:00,Y
WO-000335,RBT-0315,DC-08,OPEN,UNAVAILABLE,scanner_fault,2026-08-17T06:00:00,N
WO-000336,RBT-0413,DC-11,CLOSED,AVAILABLE,scanner_fault,2026-08-08T06:00:00,N
WO-000337,RBT-0046,DC-02,IN_PROGRESS,AVAILABLE,scanner_fault,2026-08-28T06:00:00,N
WO-000338,RBT-0579,DC-15,OPEN,AVAILABLE,wheel_wear,2026-08-12T06:00:00,Y
WO-000339,RBT-0559,DC-14,CLOSED,AVAILABLE,battery_degradation,2026-08-03T06:00:00,Y
WO-000340,RBT-0258,DC-07,OPEN,AVAILABLE,preventive_maintenance,2026-08-02T06:00:00,Y
WO-000341,RBT-0017,DC-01,CLOSED,UNAVAILABLE,wheel_wear,2026-08-15T06:00:00,Y
WO-000342,RBT-0500,DC-13,CLOSED,AVAILABLE,preventive_maintenance,2026-08-31T06:00:00,Y
WO-000343,RBT-0362,DC-09,CLOSED,AVAILABLE,lidar_calibration,2026-08-24T06:00:00,Y
WO-000344,RBT-0141,DC-04,PLANNED,AVAILABLE,preventive_maintenance,2026-08-16T06:00:00,Y
WO-000345,RBT-0306,DC-08,PLANNED,AVAILABLE,lidar_calibration,2026-08-11T06:00:00,Y
WO-000346,RBT-0071,DC-02,IN_PROGRESS,UNAVAILABLE,wheel_wear,2026-08-23T06:00:00,N
WO-000347,RBT-0026,DC-01,OPEN,AVAILABLE,preventive_maintenance,2026-08-03T06:00:00,N
WO-000348,RBT-0455,DC-12,PLANNED,AVAILABLE,battery_degradation,2026-08-21T06:00:00,Y
WO-000349,RBT-0516,DC-13,CLOSED,AVAILABLE,battery_degradation,2026-08-22T06:00:00,Y
WO-000350,RBT-0571,DC-15,OPEN,AVAILABLE,wheel_wear,2026-09-05T06:00:00,N
WO-000351,RBT-0585,DC-15,IN_PROGRESS,AVAILABLE,lidar_calibration,2026-08-05T06:00:00,N
WO-000352,RBT-0170,DC-04,IN_PROGRESS,AVAILABLE,wheel_wear,2026-08-26T06:00:00,Y
WO-000353,RBT-0461,DC-12,IN_PROGRESS,UNAVAILABLE,preventive_maintenance,2026-08-17T06:00:00,Y
WO-000354,RBT-0538,DC-14,OPEN,UNAVAILABLE,preventive_maintenance,2026-08-09T06:00:00,Y
WO-000355,RBT-0326,DC-09,OPEN,AVAILABLE,drive_fault,2026-08-29T06:00:00,Y
WO-000356,RBT-0366,DC-10,IN_PROGRESS,AVAILABLE,drive_fault,2026-08-13T06:00:00,Y
WO-000357,RBT-0044,DC-02,CLOSED,AVAILABLE,battery_degradation,2026-08-06T06:00:00,Y
WO-000358,RBT-0705,DC-18,OPEN,AVAILABLE,wheel_wear,2026-08-10T06:00:00,Y
WO-000359,RBT-0591,DC-15,CLOSED,AVAILABLE,lidar_calibration,2026-08-10T06:00:00,Y
WO-000360,RBT-0061,DC-02,CLOSED,AVAILABLE,lidar_calibration,2026-08-11T06:00:00,Y
WO-000361,RBT-0014,DC-01,IN_PROGRESS,AVAILABLE,battery_degradation,2026-09-04T06:00:00,Y
WO-000362,RBT-0275,DC-07,PLANNED,AVAILABLE,drive_fault,2026-08-12T06:00:00,Y
WO-000363,RBT-0605,DC-16,OPEN,AVAILABLE,scanner_fault,2026-08-10T06:00:00,Y
WO-000364,RBT-0688,DC-18,CLOSED,AVAILABLE,battery_degradation,2026-08-25T06:00:00,Y
WO-000365,RBT-0382,DC-10,CLOSED,UNAVAILABLE,scanner_fault,2026-08-23T06:00:00,Y
WO-000366,RBT-0348,DC-09,CLOSED,AVAILABLE,drive_fault,2026-08-28T06:00:00,Y
WO-000367,RBT-0561,DC-14,CLOSED,UNAVAILABLE,battery_degradation,2026-08-07T06:00:00,Y
WO-000368,RBT-0098,DC-03,IN_PROGRESS,UNAVAILABLE,scanner_fault,2026-08-13T06:00:00,Y
WO-000369,RBT-0048,DC-02,OPEN,UNAVAILABLE,wheel_wear,2026-08-25T06:00:00,Y
WO-000370,RBT-0344,DC-09,CLOSED,AVAILABLE,scanner_fault,2026-08-24T06:00:00,Y
WO-000371,RBT-0398,DC-10,PLANNED,AVAILABLE,lidar_calibration,2026-08-24T06:00:00,N
WO-000372,RBT-0692,DC-18,PLANNED,UNAVAILABLE,preventive_maintenance,2026-08-06T06:00:00,N
WO-000373,RBT-0422,DC-11,CLOSED,AVAILABLE,preventive_maintenance,2026-08-26T06:00:00,Y
WO-000374,RBT-0702,DC-18,PLANNED,UNAVAILABLE,wheel_wear,2026-08-19T06:00:00,Y
WO-000375,RBT-0601,DC-16,OPEN,UNAVAILABLE,battery_degradation,2026-08-03T06:00:00,Y
WO-000376,RBT-0336,DC-09,PLANNED,AVAILABLE,preventive_maintenance,2026-08-04T06:00:00,N
WO-000377,RBT-0136,DC-04,CLOSED,AVAILABLE,drive_fault,2026-08-02T06:00:00,Y
WO-000378,RBT-0319,DC-08,CLOSED,UNAVAILABLE,wheel_wear,2026-08-23T06:00:00,Y
WO-000379,RBT-0523,DC-13,CLOSED,UNAVAILABLE,battery_degradation,2026-08-15T06:00:00,Y
WO-000380,RBT-0001,DC-01,IN_PROGRESS,AVAILABLE,lidar_calibration,2026-08-08T06:00:00,Y
WO-000381,RBT-0254,DC-07,CLOSED,AVAILABLE,battery_degradation,2026-08-04T06:00:00,Y
WO-000382,RBT-0301,DC-08,PLANNED,UNAVAILABLE,battery_degradation,2026-08-19T06:00:00,Y
WO-000383,RBT-0393,DC-10,CLOSED,AVAILABLE,battery_degradation,2026-08-28T06:00:00,Y
WO-000384,RBT-0212,DC-06,PLANNED,UNAVAILABLE,drive_fault,2026-08-12T06:00:00,Y
WO-000385,RBT-0037,DC-01,IN_PROGRESS,UNAVAILABLE,wheel_wear,2026-08-19T06:00:00,Y
WO-000386,RBT-0187,DC-05,OPEN,AVAILABLE,battery_degradation,2026-08-24T06:00:00,Y
WO-000387,RBT-0588,DC-15,PLANNED,UNAVAILABLE,lidar_calibration,2026-09-02T06:00:00,Y
WO-000388,RBT-0259,DC-07,OPEN,AVAILABLE,battery_degradation,2026-08-29T06:00:00,N
WO-000389,RBT-0128,DC-04,OPEN,AVAILABLE,scanner_fault,2026-08-17T06:00:00,Y
WO-000390,RBT-0249,DC-07,IN_PROGRESS,UNAVAILABLE,scanner_fault,2026-08-02T06:00:00,Y
WO-000391,RBT-0590,DC-15,CLOSED,AVAILABLE,lidar_calibration,2026-08-30T06:00:00,N
WO-000392,RBT-0665,DC-17,OPEN,AVAILABLE,preventive_maintenance,2026-08-23T06:00:00,Y
WO-000393,RBT-0279,DC-07,IN_PROGRESS,AVAILABLE,battery_degradation,2026-08-16T06:00:00,N
WO-000394,RBT-0640,DC-17,PLANNED,UNAVAILABLE,preventive_maintenance,2026-08-29T06:00:00,Y
WO-000395,RBT-0086,DC-03,PLANNED,UNAVAILABLE,lidar_calibration,2026-08-02T06:00:00,Y
WO-000396,RBT-0657,DC-17,IN_PROGRESS,AVAILABLE,wheel_wear,2026-08-20T06:00:00,Y
WO-000397,RBT-0150,DC-04,IN_PROGRESS,UNAVAILABLE,battery_degradation,2026-09-05T06:00:00,N
WO-000398,RBT-0192,DC-05,CLOSED,AVAILABLE,wheel_wear,2026-08-17T06:00:00,Y
WO-000399,RBT-0399,DC-10,OPEN,AVAILABLE,scanner_fault,2026-08-13T06:00:00,Y
WO-000400,RBT-0191,DC-05,CLOSED,AVAILABLE,lidar_calibration,2026-08-07T06:00:00,Y
WO-000401,RBT-0239,DC-06,IN_PROGRESS,AVAILABLE,battery_degradation,2026-08-16T06:00:00,N
WO-000402,RBT-0596,DC-16,IN_PROGRESS,UNAVAILABLE,wheel_wear,2026-09-01T06:00:00,N
WO-000403,RBT-0154,DC-04,OPEN,AVAILABLE,preventive_maintenance,2026-08-02T06:00:00,Y
WO-000404,RBT-0346,DC-09,OPEN,UNAVAILABLE,scanner_fault,2026-09-03T06:00:00,Y
WO-000405,RBT-0304,DC-08,CLOSED,AVAILABLE,lidar_calibration,2026-08-30T06:00:00,Y
WO-000406,RBT-0432,DC-11,CLOSED,AVAILABLE,battery_degradation,2026-08-12T06:00:00,Y
WO-000407,RBT-0546,DC-14,PLANNED,UNAVAILABLE,preventive_maintenance,2026-08-16T06:00:00,Y
WO-000408,RBT-0427,DC-11,OPEN,UNAVAILABLE,battery_degradation,2026-08-19T06:00:00,Y
WO-000409,RBT-0535,DC-14,OPEN,AVAILABLE,lidar_calibration,2026-08-15T06:00:00,Y
WO-000410,RBT-0349,DC-09,IN_PROGRESS,AVAILABLE,scanner_fault,2026-08-02T06:00:00,Y
WO-000411,RBT-0095,DC-03,CLOSED,UNAVAILABLE,lidar_calibration,2026-08-08T06:00:00,Y
WO-000412,RBT-0317,DC-08,PLANNED,AVAILABLE,scanner_fault,2026-08-11T06:00:00,Y
WO-000413,RBT-0091,DC-03,PLANNED,AVAILABLE,drive_fault,2026-08-11T06:00:00,Y
WO-000414,RBT-0111,DC-03,CLOSED,AVAILABLE,wheel_wear,2026-08-28T06:00:00,Y
WO-000415,RBT-0492,DC-13,PLANNED,AVAILABLE,drive_fault,2026-08-11T06:00:00,Y
WO-000416,RBT-0253,DC-07,CLOSED,AVAILABLE,wheel_wear,2026-08-31T06:00:00,Y
WO-000417,RBT-0041,DC-01,PLANNED,AVAILABLE,drive_fault,2026-08-22T06:00:00,Y
WO-000418,RBT-0458,DC-12,PLANNED,AVAILABLE,drive_fault,2026-08-19T06:00:00,Y
WO-000419,RBT-0508,DC-13,OPEN,UNAVAILABLE,scanner_fault,2026-08-26T06:00:00,Y
WO-000420,RBT-0375,DC-10,CLOSED,AVAILABLE,scanner_fault,2026-09-01T06:00:00,Y
WO-000421,RBT-0620,DC-16,PLANNED,AVAILABLE,wheel_wear,2026-08-05T06:00:00,Y
WO-000422,RBT-0428,DC-11,OPEN,AVAILABLE,battery_degradation,2026-08-30T06:00:00,Y
WO-000423,RBT-0486,DC-13,CLOSED,UNAVAILABLE,lidar_calibration,2026-08-01T06:00:00,Y
WO-000424,RBT-0114,DC-03,PLANNED,AVAILABLE,lidar_calibration,2026-08-16T06:00:00,N
WO-000425,RBT-0408,DC-10,OPEN,AVAILABLE,preventive_maintenance,2026-09-03T06:00:00,N
WO-000426,RBT-0238,DC-06,CLOSED,AVAILABLE,battery_degradation,2026-08-24T06:00:00,Y
WO-000427,RBT-0536,DC-14,IN_PROGRESS,AVAILABLE,wheel_wear,2026-08-13T06:00:00,Y
WO-000428,RBT-0466,DC-12,OPEN,UNAVAILABLE,drive_fault,2026-08-08T06:00:00,Y
WO-000429,RBT-0608,DC-16,OPEN,AVAILABLE,battery_degradation,2026-08-03T06:00:00,Y
WO-000430,RBT-0368,DC-10,IN_PROGRESS,AVAILABLE,lidar_calibration,2026-08-15T06:00:00,Y
WO-000431,RBT-0015,DC-01,IN_PROGRESS,AVAILABLE,scanner_fault,2026-08-27T06:00:00,Y
WO-000432,RBT-0047,DC-02,CLOSED,UNAVAILABLE,battery_degradation,2026-08-09T06:00:00,Y
WO-000433,RBT-0639,DC-17,IN_PROGRESS,UNAVAILABLE,wheel_wear,2026-08-18T06:00:00,N
WO-000434,RBT-0405,DC-10,PLANNED,AVAILABLE,lidar_calibration,2026-08-21T06:00:00,Y
WO-000435,RBT-0645,DC-17,OPEN,AVAILABLE,battery_degradation,2026-08-22T06:00:00,Y
WO-000436,RBT-0519,DC-13,OPEN,UNAVAILABLE,scanner_fault,2026-08-03T06:00:00,Y
WO-000437,RBT-0352,DC-09,CLOSED,AVAILABLE,scanner_fault,2026-08-14T06:00:00,N
WO-000438,RBT-0342,DC-09,IN_PROGRESS,UNAVAILABLE,wheel_wear,2026-09-02T06:00:00,Y
WO-000439,RBT-0489,DC-13,OPEN,AVAILABLE,battery_degradation,2026-08-28T06:00:00,Y
WO-000440,RBT-0483,DC-13,IN_PROGRESS,AVAILABLE,preventive_maintenance,2026-09-02T06:00:00,Y
WO-000441,RBT-0586,DC-15,IN_PROGRESS,AVAILABLE,scanner_fault,2026-08-17T06:00:00,N
WO-000442,RBT-0070,DC-02,OPEN,AVAILABLE,wheel_wear,2026-08-25T06:00:00,N
WO-000443,RBT-0103,DC-03,IN_PROGRESS,UNAVAILABLE,scanner_fault,2026-09-02T06:00:00,N
WO-000444,RBT-0595,DC-16,CLOSED,UNAVAILABLE,drive_fault,2026-08-01T06:00:00,Y
WO-000445,RBT-0269,DC-07,PLANNED,AVAILABLE,battery_degradation,2026-08-06T06:00:00,N
WO-000446,RBT-0196,DC-05,CLOSED,AVAILABLE,scanner_fault,2026-08-11T06:00:00,Y
WO-000447,RBT-0593,DC-15,CLOSED,UNAVAILABLE,drive_fault,2026-08-04T06:00:00,N
WO-000448,RBT-0534,DC-14,CLOSED,AVAILABLE,scanner_fault,2026-08-01T06:00:00,N
WO-000449,RBT-0652,DC-17,CLOSED,AVAILABLE,scanner_fault,2026-08-30T06:00:00,N
WO-000450,RBT-0138,DC-04,OPEN,AVAILABLE,wheel_wear,2026-08-01T06:00:00,N
WO-000451,RBT-0694,DC-18,OPEN,AVAILABLE,drive_fault,2026-08-31T06:00:00,Y
WO-000452,RBT-0104,DC-03,IN_PROGRESS,AVAILABLE,drive_fault,2026-08-03T06:00:00,Y
WO-000453,RBT-0361,DC-09,OPEN,AVAILABLE,lidar_calibration,2026-08-15T06:00:00,N
WO-000454,RBT-0266,DC-07,CLOSED,AVAILABLE,wheel_wear,2026-08-28T06:00:00,Y
WO-000455,RBT-0142,DC-04,OPEN,AVAILABLE,lidar_calibration,2026-08-12T06:00:00,Y
WO-000456,RBT-0088,DC-03,CLOSED,UNAVAILABLE,battery_degradation,2026-08-29T06:00:00,Y
WO-000457,RBT-0381,DC-10,OPEN,AVAILABLE,wheel_wear,2026-08-28T06:00:00,N
WO-000458,RBT-0578,DC-15,IN_PROGRESS,UNAVAILABLE,drive_fault,2026-08-01T06:00:00,Y
WO-000459,RBT-0583,DC-15,OPEN,AVAILABLE,scanner_fault,2026-08-10T06:00:00,Y
WO-000460,RBT-0510,DC-13,OPEN,AVAILABLE,battery_degradation,2026-08-30T06:00:00,N
WO-000461,RBT-0406,DC-10,CLOSED,UNAVAILABLE,lidar_calibration,2026-08-02T06:00:00,Y
WO-000462,RBT-0681,DC-18,CLOSED,AVAILABLE,scanner_fault,2026-08-07T06:00:00,Y
WO-000463,RBT-0131,DC-04,PLANNED,AVAILABLE,drive_fault,2026-08-18T06:00:00,Y
WO-000464,RBT-0351,DC-09,OPEN,AVAILABLE,drive_fault,2026-08-08T06:00:00,N
WO-000465,RBT-0357,DC-09,PLANNED,AVAILABLE,drive_fault,2026-08-11T06:00:00,Y
WO-000466,RBT-0429,DC-11,IN_PROGRESS,AVAILABLE,preventive_maintenance,2026-08-08T06:00:00,Y
WO-000467,RBT-0481,DC-12,CLOSED,AVAILABLE,preventive_maintenance,2026-08-04T06:00:00,Y
WO-000468,RBT-0309,DC-08,CLOSED,AVAILABLE,wheel_wear,2026-09-04T06:00:00,Y
WO-000469,RBT-0240,DC-06,IN_PROGRESS,AVAILABLE,scanner_fault,2026-08-01T06:00:00,Y
WO-000470,RBT-0090,DC-03,PLANNED,AVAILABLE,wheel_wear,2026-08-23T06:00:00,Y
WO-000471,RBT-0034,DC-01,OPEN,AVAILABLE,drive_fault,2026-08-23T06:00:00,Y
WO-000472,RBT-0109,DC-03,OPEN,UNAVAILABLE,drive_fault,2026-08-31T06:00:00,Y
WO-000473,RBT-0083,DC-02,PLANNED,UNAVAILABLE,battery_degradation,2026-08-17T06:00:00,Y
WO-000474,RBT-0054,DC-02,IN_PROGRESS,UNAVAILABLE,drive_fault,2026-08-14T06:00:00,Y
WO-000475,RBT-0600,DC-16,IN_PROGRESS,UNAVAILABLE,drive_fault,2026-08-21T06:00:00,N
WO-000476,RBT-0638,DC-17,PLANNED,AVAILABLE,wheel_wear,2026-08-03T06:00:00,N
WO-000477,RBT-0372,DC-10,IN_PROGRESS,UNAVAILABLE,battery_degradation,2026-08-27T06:00:00,Y
WO-000478,RBT-0162,DC-04,CLOSED,AVAILABLE,wheel_wear,2026-08-24T06:00:00,Y
WO-000479,RBT-0072,DC-02,CLOSED,AVAILABLE,scanner_fault,2026-08-28T06:00:00,Y
WO-000480,RBT-0160,DC-04,OPEN,AVAILABLE,wheel_wear,2026-08-22T06:00:00,N
WO-000481,RBT-0456,DC-12,OPEN,AVAILABLE,battery_degradation,2026-08-09T06:00:00,Y
WO-000482,RBT-0699,DC-18,IN_PROGRESS,AVAILABLE,battery_degradation,2026-08-17T06:00:00,Y
WO-000483,RBT-0582,DC-15,PLANNED,AVAILABLE,lidar_calibration,2026-09-04T06:00:00,Y
WO-000484,RBT-0563,DC-14,OPEN,AVAILABLE,battery_degradation,2026-08-23T06:00:00,Y
WO-000485,RBT-0647,DC-17,IN_PROGRESS,AVAILABLE,battery_degradation,2026-08-19T06:00:00,Y
WO-000486,RBT-0656,DC-17,IN_PROGRESS,UNAVAILABLE,scanner_fault,2026-08-09T06:00:00,Y
WO-000487,RBT-0251,DC-07,OPEN,AVAILABLE,lidar_calibration,2026-08-02T06:00:00,Y
WO-000488,RBT-0198,DC-05,PLANNED,AVAILABLE,drive_fault,2026-08-15T06:00:00,Y
WO-000489,RBT-0321,DC-08,PLANNED,AVAILABLE,wheel_wear,2026-09-04T06:00:00,N
WO-000490,RBT-0166,DC-04,PLANNED,AVAILABLE,battery_degradation,2026-08-09T06:00:00,Y
WO-000491,RBT-0418,DC-11,PLANNED,AVAILABLE,lidar_calibration,2026-08-03T06:00:00,Y
WO-000492,RBT-0247,DC-07,OPEN,AVAILABLE,preventive_maintenance,2026-08-26T06:00:00,Y
WO-000493,RBT-0311,DC-08,OPEN,AVAILABLE,battery_degradation,2026-08-20T06:00:00,N
WO-000494,RBT-0430,DC-11,OPEN,AVAILABLE,battery_degradation,2026-08-28T06:00:00,Y
WO-000495,RBT-0396,DC-10,IN_PROGRESS,UNAVAILABLE,wheel_wear,2026-08-22T06:00:00,Y
WO-000496,RBT-0359,DC-09,IN_PROGRESS,AVAILABLE,preventive_maintenance,2026-08-26T06:00:00,Y
WO-000497,RBT-0529,DC-14,OPEN,AVAILABLE,drive_fault,2026-08-11T06:00:00,N
WO-000498,RBT-0097,DC-03,CLOSED,AVAILABLE,battery_degradation,2026-08-18T06:00:00,Y
WO-000499,RBT-0711,DC-18,PLANNED,AVAILABLE,preventive_maintenance,2026-08-07T06:00:00,N
WO-000500,RBT-0025,DC-01,PLANNED,UNAVAILABLE,battery_degradation,2026-08-20T06:00:00,Y
WO-000501,RBT-0435,DC-11,OPEN,AVAILABLE,drive_fault,2026-09-01T06:00:00,N
WO-000502,RBT-0134,DC-04,PLANNED,AVAILABLE,scanner_fault,2026-08-05T06:00:00,Y
WO-000503,RBT-0020,DC-01,OPEN,AVAILABLE,battery_degradation,2026-08-22T06:00:00,N
WO-000504,RBT-0255,DC-07,PLANNED,UNAVAILABLE,scanner_fault,2026-08-24T06:00:00,N
WO-000505,RBT-0690,DC-18,IN_PROGRESS,AVAILABLE,battery_degradation,2026-08-29T06:00:00,Y
WO-000506,RBT-0007,DC-01,OPEN,AVAILABLE,lidar_calibration,2026-08-30T06:00:00,N
WO-000507,RBT-0390,DC-10,PLANNED,AVAILABLE,scanner_fault,2026-09-03T06:00:00,Y
WO-000508,RBT-0233,DC-06,IN_PROGRESS,AVAILABLE,wheel_wear,2026-08-29T06:00:00,Y
WO-000509,RBT-0297,DC-08,IN_PROGRESS,AVAILABLE,drive_fault,2026-08-25T06:00:00,Y
WO-000510,RBT-0019,DC-01,CLOSED,AVAILABLE,wheel_wear,2026-08-09T06:00:00,N
WO-000511,RBT-0584,DC-15,IN_PROGRESS,AVAILABLE,scanner_fault,2026-08-07T06:00:00,Y
WO-000512,RBT-0332,DC-09,IN_PROGRESS,AVAILABLE,wheel_wear,2026-08-13T06:00:00,Y
WO-000513,RBT-0264,DC-07,IN_PROGRESS,AVAILABLE,battery_degradation,2026-08-20T06:00:00,N
WO-000514,RBT-0686,DC-18,CLOSED,AVAILABLE,drive_fault,2026-08-19T06:00:00,Y
WO-000515,RBT-0612,DC-16,IN_PROGRESS,UNAVAILABLE,wheel_wear,2026-08-15T06:00:00,Y
WO-000516,RBT-0682,DC-18,OPEN,AVAILABLE,scanner_fault,2026-08-17T06:00:00,Y
WO-000517,RBT-0642,DC-17,CLOSED,AVAILABLE,preventive_maintenance,2026-08-23T06:00:00,Y
WO-000518,RBT-0445,DC-11,CLOSED,AVAILABLE,drive_fault,2026-08-07T06:00:00,Y
WO-000519,RBT-0228,DC-06,IN_PROGRESS,AVAILABLE,preventive_maintenance,2026-08-23T06:00:00,N
WO-000520,RBT-0211,DC-06,CLOSED,AVAILABLE,drive_fault,2026-08-03T06:00:00,Y
