robot_id,warehouse_id,robot_type,vendor,fleet_id,firmware,battery_soc,battery_soh,health_status,payload_kg,safety_cert_status,calibration_status,connectivity
RBT-0001,DC-01,AMR,RoboFlow,DC-01-F2,4.8.9,72,82,HEALTHY,1500,VALID,VALID,ONLINE
RBT-0002,DC-01,TUGGER,RoboFlow,DC-01-F2,2.5.1,87,96,DEGRADED,1500,VALID,VALID,ONLINE
RBT-0003,DC-01,AGV,RoboFlow,DC-01-F2,3.4.2,31,70,HEALTHY,500,VALID,VALID,ONLINE
RBT-0004,DC-01,AMR,RoboFlow,DC-01-F4,3.5.2,88,99,HEALTHY,100,VALID,VALID,ONLINE
RBT-0005,DC-01,AMR,RoboFlow,DC-01-F3,2.3.5,100,98,MAINTENANCE,250,VALID,VALID,ONLINE
RBT-0006,DC-01,CASE_PICKER,RoboFlow,DC-01-F2,2.2.5,87,90,HEALTHY,1500,VALID,VALID,ONLINE
RBT-0007,DC-01,FORK_AMR,RoboFlow,DC-01-F1,1.5.6,31,70,HEALTHY,100,EXPIRED,VALID,ONLINE
RBT-0008,DC-01,PALLET_MOVER,RoboFlow,DC-01-F3,2.7.2,28,85,DEGRADED,100,VALID,VALID,ONLINE
RBT-0009,DC-01,FORK_AMR,RoboFlow,DC-01-F1,3.4.1,86,68,HEALTHY,250,VALID,DUE,ONLINE
RBT-0010,DC-01,TUGGER,RoboFlow,DC-01-F1,2.1.6,24,97,HEALTHY,1000,VALID,VALID,ONLINE
RBT-0011,DC-01,FORK_AMR,RoboFlow,DC-01-F2,2.5.4,91,89,DEGRADED,100,EXPIRED,VALID,INTERMITTENT
RBT-0012,DC-01,PALLET_MOVER,RoboFlow,DC-01-F2,4.5.4,77,94,HEALTHY,1500,VALID,VALID,ONLINE
RBT-0013,DC-01,AGV,RoboFlow,DC-01-F3,2.5.2,41,92,DEGRADED,1000,VALID,OVERDUE,ONLINE
RBT-0014,DC-01,PALLET_MOVER,RoboFlow,DC-01-F1,2.8.4,62,88,HEALTHY,250,VALID,OVERDUE,INTERMITTENT
RBT-0015,DC-01,FORK_AMR,RoboFlow,DC-01-F2,3.9.6,8,96,MAINTENANCE,500,VALID,DUE,ONLINE
RBT-0016,DC-01,FORK_AMR,RoboFlow,DC-01-F3,4.8.4,43,93,MAINTENANCE,1500,VALID,VALID,ONLINE
RBT-0017,DC-01,PALLET_MOVER,RoboFlow,DC-01-F2,2.2.5,19,94,HEALTHY,100,VALID,VALID,ONLINE
RBT-0018,DC-01,CASE_PICKER,RoboFlow,DC-01-F4,4.6.3,69,95,HEALTHY,100,VALID,VALID,ONLINE
RBT-0019,DC-01,FORK_AMR,RoboFlow,DC-01-F1,4.3.1,13,84,MAINTENANCE,500,VALID,VALID,ONLINE
RBT-0020,DC-01,TUGGER,RoboFlow,DC-01-F1,1.6.5,47,85,HEALTHY,100,EXPIRED,VALID,INTERMITTENT
RBT-0021,DC-01,FORK_AMR,RoboFlow,DC-01-F3,2.1.0,28,71,HEALTHY,100,EXPIRED,VALID,ONLINE
RBT-0022,DC-01,CASE_PICKER,RoboFlow,DC-01-F2,4.6.9,75,80,DEGRADED,500,VALID,VALID,ONLINE
RBT-0023,DC-01,TUGGER,RoboFlow,DC-01-F3,1.8.2,23,97,DEGRADED,1000,VALID,VALID,OFFLINE
RBT-0024,DC-01,PALLET_MOVER,RoboFlow,DC-01-F3,3.4.9,69,73,DEGRADED,250,VALID,VALID,INTERMITTENT
RBT-0025,DC-01,FORK_AMR,RoboFlow,DC-01-F2,1.0.7,84,94,HEALTHY,100,VALID,VALID,INTERMITTENT
RBT-0026,DC-01,AGV,RoboFlow,DC-01-F2,1.0.9,85,82,DEGRADED,500,VALID,VALID,ONLINE
RBT-0027,DC-01,AMR,RoboFlow,DC-01-F2,4.5.1,95,100,MAINTENANCE,250,VALID,VALID,ONLINE
RBT-0028,DC-01,FORK_AMR,RoboFlow,DC-01-F1,2.1.6,25,89,HEALTHY,1500,VALID,VALID,OFFLINE
RBT-0029,DC-01,FORK_AMR,RoboFlow,DC-01-F4,2.0.0,40,87,DEGRADED,1500,VALID,VALID,ONLINE
RBT-0030,DC-01,TUGGER,RoboFlow,DC-01-F3,4.9.7,8,75,HEALTHY,1500,VALID,VALID,ONLINE
RBT-0031,DC-01,CASE_PICKER,RoboFlow,DC-01-F1,4.1.6,81,87,HEALTHY,1000,VALID,VALID,ONLINE
RBT-0032,DC-01,AGV,RoboFlow,DC-01-F2,3.0.4,66,72,HEALTHY,1000,EXPIRED,VALID,INTERMITTENT
RBT-0033,DC-01,CASE_PICKER,RoboFlow,DC-01-F2,4.4.7,90,96,HEALTHY,100,VALID,VALID,ONLINE
RBT-0034,DC-01,CASE_PICKER,RoboFlow,DC-01-F4,3.9.7,85,95,HEALTHY,1000,VALID,VALID,ONLINE
RBT-0035,DC-01,FORK_AMR,RoboFlow,DC-01-F3,4.9.9,53,72,HEALTHY,250,VALID,DUE,ONLINE
RBT-0036,DC-01,CASE_PICKER,RoboFlow,DC-01-F4,3.8.7,98,83,MAINTENANCE,1500,VALID,VALID,ONLINE
RBT-0037,DC-01,TUGGER,RoboFlow,DC-01-F1,1.4.3,84,72,HEALTHY,250,VALID,DUE,ONLINE
RBT-0038,DC-01,TUGGER,RoboFlow,DC-01-F2,4.4.6,76,97,HEALTHY,500,VALID,DUE,INTERMITTENT
RBT-0039,DC-01,PALLET_MOVER,RoboFlow,DC-01-F3,2.4.6,26,73,HEALTHY,100,VALID,VALID,ONLINE
RBT-0040,DC-01,TUGGER,RoboFlow,DC-01-F3,3.8.4,42,92,HEALTHY,250,VALID,VALID,ONLINE
RBT-0041,DC-01,PALLET_MOVER,RoboFlow,DC-01-F3,4.0.9,67,82,MAINTENANCE,250,EXPIRED,VALID,ONLINE
RBT-0042,DC-01,AMR,RoboFlow,DC-01-F3,3.8.4,16,75,HEALTHY,100,VALID,VALID,ONLINE
RBT-0043,DC-02,TUGGER,MoveIQ,DC-02-F2,3.9.0,95,96,DEGRADED,500,VALID,VALID,OFFLINE
RBT-0044,DC-02,AGV,MoveIQ,DC-02-F2,2.1.4,63,73,HEALTHY,250,VALID,VALID,ONLINE
RBT-0045,DC-02,TUGGER,MoveIQ,DC-02-F4,1.2.5,54,78,HEALTHY,500,VALID,VALID,INTERMITTENT
RBT-0046,DC-02,AMR,MoveIQ,DC-02-F3,2.4.6,98,98,HEALTHY,500,VALID,VALID,ONLINE
RBT-0047,DC-02,FORK_AMR,MoveIQ,DC-02-F2,2.7.0,59,75,HEALTHY,1000,VALID,VALID,ONLINE
RBT-0048,DC-02,CASE_PICKER,MoveIQ,DC-02-F4,4.8.2,22,99,HEALTHY,250,VALID,VALID,OFFLINE
RBT-0049,DC-02,FORK_AMR,MoveIQ,DC-02-F1,3.1.2,52,72,HEALTHY,1000,VALID,VALID,ONLINE
RBT-0050,DC-02,FORK_AMR,MoveIQ,DC-02-F3,4.8.6,87,73,HEALTHY,1000,VALID,VALID,ONLINE
RBT-0051,DC-02,FORK_AMR,MoveIQ,DC-02-F3,1.5.1,25,95,HEALTHY,500,VALID,VALID,ONLINE
RBT-0052,DC-02,PALLET_MOVER,MoveIQ,DC-02-F3,3.5.6,65,68,HEALTHY,250,EXPIRED,VALID,ONLINE
RBT-0053,DC-02,CASE_PICKER,MoveIQ,DC-02-F1,1.5.8,52,72,MAINTENANCE,250,VALID,VALID,ONLINE
RBT-0054,DC-02,FORK_AMR,MoveIQ,DC-02-F4,3.0.7,57,86,HEALTHY,1000,VALID,VALID,ONLINE
RBT-0055,DC-02,PALLET_MOVER,MoveIQ,DC-02-F4,2.3.6,26,68,HEALTHY,1500,VALID,DUE,ONLINE
RBT-0056,DC-02,AGV,MoveIQ,DC-02-F3,3.5.7,64,82,HEALTHY,1000,VALID,DUE,ONLINE
RBT-0057,DC-02,AGV,MoveIQ,DC-02-F2,2.2.3,29,77,DEGRADED,100,VALID,DUE,INTERMITTENT
RBT-0058,DC-02,TUGGER,MoveIQ,DC-02-F1,1.6.5,42,95,HEALTHY,100,VALID,VALID,ONLINE
RBT-0059,DC-02,CASE_PICKER,MoveIQ,DC-02-F4,1.0.5,15,89,HEALTHY,500,VALID,VALID,ONLINE
RBT-0060,DC-02,AMR,MoveIQ,DC-02-F1,1.6.0,55,72,HEALTHY,1000,VALID,VALID,ONLINE
RBT-0061,DC-02,CASE_PICKER,MoveIQ,DC-02-F1,3.9.1,19,75,HEALTHY,1500,VALID,DUE,ONLINE
RBT-0062,DC-02,AGV,MoveIQ,DC-02-F2,3.7.6,90,98,DEGRADED,500,VALID,VALID,OFFLINE
RBT-0063,DC-02,AGV,MoveIQ,DC-02-F4,2.3.0,75,71,HEALTHY,1000,VALID,VALID,ONLINE
RBT-0064,DC-02,FORK_AMR,MoveIQ,DC-02-F3,2.6.9,81,88,HEALTHY,250,VALID,VALID,ONLINE
RBT-0065,DC-02,PALLET_MOVER,MoveIQ,DC-02-F1,2.5.0,44,77,HEALTHY,100,VALID,VALID,ONLINE
RBT-0066,DC-02,TUGGER,MoveIQ,DC-02-F1,4.4.9,29,68,HEALTHY,1000,EXPIRING,DUE,ONLINE
RBT-0067,DC-02,AGV,MoveIQ,DC-02-F4,1.8.7,89,99,HEALTHY,250,VALID,VALID,ONLINE
RBT-0068,DC-02,FORK_AMR,MoveIQ,DC-02-F1,4.5.3,91,73,HEALTHY,100,VALID,VALID,ONLINE
RBT-0069,DC-02,PALLET_MOVER,MoveIQ,DC-02-F4,3.2.1,29,97,HEALTHY,100,VALID,VALID,ONLINE
RBT-0070,DC-02,AMR,MoveIQ,DC-02-F4,1.3.8,28,68,HEALTHY,100,VALID,VALID,ONLINE
RBT-0071,DC-02,CASE_PICKER,MoveIQ,DC-02-F2,4.2.2,53,89,HEALTHY,500,VALID,VALID,ONLINE
RBT-0072,DC-02,AGV,MoveIQ,DC-02-F2,4.2.0,18,89,HEALTHY,1000,VALID,DUE,INTERMITTENT
RBT-0073,DC-02,FORK_AMR,MoveIQ,DC-02-F3,4.7.9,99,98,HEALTHY,1500,VALID,VALID,ONLINE
RBT-0074,DC-02,FORK_AMR,MoveIQ,DC-02-F3,3.6.0,30,71,HEALTHY,100,EXPIRING,OVERDUE,ONLINE
RBT-0075,DC-02,FORK_AMR,MoveIQ,DC-02-F4,3.2.1,25,88,DEGRADED,500,VALID,VALID,ONLINE
RBT-0076,DC-02,TUGGER,MoveIQ,DC-02-F4,4.7.0,60,71,DEGRADED,500,VALID,VALID,OFFLINE
RBT-0077,DC-02,CASE_PICKER,MoveIQ,DC-02-F1,2.3.1,42,93,HEALTHY,100,VALID,VALID,ONLINE
RBT-0078,DC-02,AMR,MoveIQ,DC-02-F1,3.7.5,65,86,HEALTHY,100,EXPIRED,VALID,ONLINE
RBT-0079,DC-02,PALLET_MOVER,MoveIQ,DC-02-F4,2.6.5,14,69,HEALTHY,250,VALID,OVERDUE,ONLINE
RBT-0080,DC-02,AMR,MoveIQ,DC-02-F1,3.3.1,61,88,HEALTHY,250,VALID,VALID,ONLINE
RBT-0081,DC-02,FORK_AMR,MoveIQ,DC-02-F3,2.7.3,35,96,DEGRADED,1000,EXPIRING,VALID,ONLINE
RBT-0082,DC-02,CASE_PICKER,MoveIQ,DC-02-F1,3.6.6,22,89,DEGRADED,100,VALID,VALID,ONLINE
RBT-0083,DC-02,CASE_PICKER,MoveIQ,DC-02-F2,1.4.4,22,78,HEALTHY,250,VALID,VALID,ONLINE
RBT-0084,DC-02,CASE_PICKER,MoveIQ,DC-02-F1,1.4.7,99,76,HEALTHY,1500,VALID,DUE,ONLINE
RBT-0085,DC-02,AMR,MoveIQ,DC-02-F1,2.3.7,62,71,HEALTHY,1500,VALID,VALID,ONLINE
RBT-0086,DC-03,CASE_PICKER,LegacyAGV,DC-03-F3,4.3.3,58,72,DEGRADED,500,VALID,VALID,ONLINE
RBT-0087,DC-03,CASE_PICKER,LegacyAGV,DC-03-F1,4.5.0,36,100,HEALTHY,500,VALID,VALID,ONLINE
RBT-0088,DC-03,TUGGER,LegacyAGV,DC-03-F3,2.5.5,36,78,MAINTENANCE,1500,VALID,DUE,ONLINE
RBT-0089,DC-03,TUGGER,LegacyAGV,DC-03-F2,3.3.8,80,70,HEALTHY,1500,VALID,VALID,ONLINE
RBT-0090,DC-03,FORK_AMR,LegacyAGV,DC-03-F4,3.3.7,20,76,HEALTHY,500,VALID,VALID,ONLINE
RBT-0091,DC-03,FORK_AMR,LegacyAGV,DC-03-F1,3.4.3,91,97,HEALTHY,500,VALID,VALID,ONLINE
RBT-0092,DC-03,FORK_AMR,LegacyAGV,DC-03-F4,1.4.7,19,92,HEALTHY,1000,EXPIRED,VALID,ONLINE
RBT-0093,DC-03,AMR,LegacyAGV,DC-03-F3,4.5.5,70,72,HEALTHY,500,VALID,VALID,ONLINE
RBT-0094,DC-03,TUGGER,LegacyAGV,DC-03-F4,3.8.4,57,73,HEALTHY,100,VALID,VALID,ONLINE
RBT-0095,DC-03,AGV,LegacyAGV,DC-03-F3,4.1.7,95,87,HEALTHY,1500,VALID,VALID,ONLINE
RBT-0096,DC-03,AGV,LegacyAGV,DC-03-F3,3.6.3,38,99,HEALTHY,250,VALID,VALID,ONLINE
RBT-0097,DC-03,AMR,LegacyAGV,DC-03-F2,2.9.2,26,93,DEGRADED,250,VALID,VALID,ONLINE
RBT-0098,DC-03,PALLET_MOVER,LegacyAGV,DC-03-F3,4.4.7,59,95,HEALTHY,500,VALID,VALID,ONLINE
RBT-0099,DC-03,AMR,LegacyAGV,DC-03-F4,4.0.2,96,80,HEALTHY,1000,EXPIRING,VALID,OFFLINE
RBT-0100,DC-03,FORK_AMR,LegacyAGV,DC-03-F3,4.1.7,73,70,HEALTHY,1500,VALID,DUE,OFFLINE
RBT-0101,DC-03,PALLET_MOVER,LegacyAGV,DC-03-F2,2.0.3,43,94,HEALTHY,250,VALID,OVERDUE,ONLINE
RBT-0102,DC-03,PALLET_MOVER,LegacyAGV,DC-03-F3,4.8.8,82,92,HEALTHY,100,VALID,VALID,ONLINE
RBT-0103,DC-03,FORK_AMR,LegacyAGV,DC-03-F1,3.5.7,42,75,HEALTHY,250,VALID,VALID,ONLINE
RBT-0104,DC-03,TUGGER,LegacyAGV,DC-03-F3,2.4.9,53,96,DEGRADED,250,VALID,VALID,ONLINE
RBT-0105,DC-03,FORK_AMR,LegacyAGV,DC-03-F2,1.8.5,21,98,DEGRADED,100,VALID,VALID,ONLINE
RBT-0106,DC-03,AGV,LegacyAGV,DC-03-F3,4.1.0,11,72,DEGRADED,500,VALID,VALID,ONLINE
RBT-0107,DC-03,AMR,LegacyAGV,DC-03-F1,4.4.7,30,81,HEALTHY,1000,VALID,VALID,ONLINE
RBT-0108,DC-03,TUGGER,LegacyAGV,DC-03-F3,4.6.9,36,88,HEALTHY,100,VALID,VALID,INTERMITTENT
RBT-0109,DC-03,FORK_AMR,LegacyAGV,DC-03-F1,1.0.9,90,69,MAINTENANCE,100,VALID,VALID,ONLINE
RBT-0110,DC-03,AGV,LegacyAGV,DC-03-F2,1.4.5,83,82,HEALTHY,1500,VALID,VALID,ONLINE
RBT-0111,DC-03,PALLET_MOVER,LegacyAGV,DC-03-F4,1.7.4,66,76,HEALTHY,1500,VALID,VALID,ONLINE
RBT-0112,DC-03,PALLET_MOVER,LegacyAGV,DC-03-F4,3.3.8,53,77,HEALTHY,100,VALID,VALID,ONLINE
RBT-0113,DC-03,AMR,LegacyAGV,DC-03-F4,1.7.4,65,72,DEGRADED,250,VALID,DUE,ONLINE
RBT-0114,DC-03,AMR,LegacyAGV,DC-03-F3,4.6.1,92,78,DEGRADED,100,VALID,VALID,ONLINE
RBT-0115,DC-03,CASE_PICKER,LegacyAGV,DC-03-F4,4.0.7,99,68,HEALTHY,1500,VALID,VALID,ONLINE
RBT-0116,DC-03,AGV,LegacyAGV,DC-03-F1,3.4.4,9,84,HEALTHY,1500,VALID,VALID,ONLINE
RBT-0117,DC-03,FORK_AMR,LegacyAGV,DC-03-F3,3.1.4,24,87,DEGRADED,500,EXPIRING,VALID,INTERMITTENT
RBT-0118,DC-03,TUGGER,LegacyAGV,DC-03-F4,3.5.1,65,81,HEALTHY,500,VALID,DUE,OFFLINE
RBT-0119,DC-03,AMR,LegacyAGV,DC-03-F4,4.8.0,82,77,HEALTHY,1000,EXPIRING,VALID,INTERMITTENT
RBT-0120,DC-03,PALLET_MOVER,LegacyAGV,DC-03-F3,1.5.6,100,85,DEGRADED,1000,VALID,VALID,ONLINE
RBT-0121,DC-03,FORK_AMR,LegacyAGV,DC-03-F3,3.9.6,32,84,HEALTHY,1500,EXPIRED,VALID,ONLINE
RBT-0122,DC-03,PALLET_MOVER,LegacyAGV,DC-03-F4,2.9.6,40,93,HEALTHY,1000,VALID,VALID,ONLINE
RBT-0123,DC-03,TUGGER,LegacyAGV,DC-03-F3,2.0.3,37,89,MAINTENANCE,500,VALID,VALID,ONLINE
RBT-0124,DC-03,TUGGER,LegacyAGV,DC-03-F1,4.6.8,18,96,HEALTHY,1000,VALID,VALID,ONLINE
RBT-0125,DC-03,FORK_AMR,LegacyAGV,DC-03-F1,2.8.3,85,84,HEALTHY,1500,EXPIRED,VALID,ONLINE
RBT-0126,DC-04,AMR,FleetOne,DC-04-F4,1.7.9,66,77,DEGRADED,500,VALID,VALID,INTERMITTENT
RBT-0127,DC-04,AGV,FleetOne,DC-04-F4,3.8.7,79,96,HEALTHY,100,VALID,VALID,ONLINE
RBT-0128,DC-04,TUGGER,FleetOne,DC-04-F4,3.1.9,81,76,DEGRADED,250,VALID,VALID,ONLINE
RBT-0129,DC-04,AMR,FleetOne,DC-04-F1,1.1.3,63,72,DEGRADED,1000,VALID,VALID,ONLINE
RBT-0130,DC-04,AGV,FleetOne,DC-04-F1,2.6.0,34,100,HEALTHY,1000,VALID,DUE,ONLINE
RBT-0131,DC-04,CASE_PICKER,FleetOne,DC-04-F1,3.7.8,30,73,HEALTHY,100,VALID,VALID,ONLINE
RBT-0132,DC-04,AGV,FleetOne,DC-04-F4,3.2.7,49,78,HEALTHY,500,VALID,VALID,ONLINE
RBT-0133,DC-04,FORK_AMR,FleetOne,DC-04-F4,1.6.9,19,72,HEALTHY,100,VALID,VALID,ONLINE
RBT-0134,DC-04,TUGGER,FleetOne,DC-04-F2,1.0.9,26,90,DEGRADED,100,VALID,VALID,ONLINE
RBT-0135,DC-04,PALLET_MOVER,FleetOne,DC-04-F3,1.0.8,9,94,HEALTHY,250,VALID,VALID,OFFLINE
RBT-0136,DC-04,AGV,FleetOne,DC-04-F1,2.7.0,14,69,MAINTENANCE,500,VALID,DUE,ONLINE
RBT-0137,DC-04,PALLET_MOVER,FleetOne,DC-04-F2,3.3.4,31,86,HEALTHY,1500,VALID,VALID,ONLINE
RBT-0138,DC-04,AMR,FleetOne,DC-04-F4,3.3.0,82,82,DEGRADED,250,VALID,VALID,ONLINE
RBT-0139,DC-04,AGV,FleetOne,DC-04-F1,2.0.4,92,81,DEGRADED,250,VALID,VALID,ONLINE
RBT-0140,DC-04,CASE_PICKER,FleetOne,DC-04-F1,2.9.3,72,70,HEALTHY,1000,VALID,VALID,ONLINE
RBT-0141,DC-04,FORK_AMR,FleetOne,DC-04-F1,3.4.0,95,91,DEGRADED,1500,VALID,VALID,ONLINE
RBT-0142,DC-04,TUGGER,FleetOne,DC-04-F4,1.6.1,63,72,HEALTHY,1000,VALID,VALID,ONLINE
RBT-0143,DC-04,TUGGER,FleetOne,DC-04-F1,3.1.8,49,74,HEALTHY,250,VALID,VALID,ONLINE
RBT-0144,DC-04,PALLET_MOVER,FleetOne,DC-04-F4,2.4.6,15,92,DEGRADED,1000,VALID,VALID,ONLINE
RBT-0145,DC-04,AMR,FleetOne,DC-04-F4,3.4.5,86,75,HEALTHY,1500,VALID,OVERDUE,ONLINE
RBT-0146,DC-04,TUGGER,FleetOne,DC-04-F1,1.2.7,57,72,HEALTHY,1000,VALID,VALID,ONLINE
RBT-0147,DC-04,PALLET_MOVER,FleetOne,DC-04-F4,2.6.8,67,89,MAINTENANCE,1500,VALID,VALID,ONLINE
RBT-0148,DC-04,TUGGER,FleetOne,DC-04-F3,2.7.3,73,94,HEALTHY,1500,VALID,VALID,ONLINE
RBT-0149,DC-04,FORK_AMR,FleetOne,DC-04-F4,1.8.1,57,71,HEALTHY,100,VALID,VALID,ONLINE
RBT-0150,DC-04,CASE_PICKER,FleetOne,DC-04-F3,4.2.4,44,77,HEALTHY,250,VALID,VALID,ONLINE
RBT-0151,DC-04,TUGGER,FleetOne,DC-04-F1,2.1.0,31,98,MAINTENANCE,250,VALID,DUE,ONLINE
RBT-0152,DC-04,CASE_PICKER,FleetOne,DC-04-F2,4.3.8,90,90,HEALTHY,500,VALID,VALID,ONLINE
RBT-0153,DC-04,AMR,FleetOne,DC-04-F2,1.8.7,72,76,HEALTHY,500,VALID,VALID,ONLINE
RBT-0154,DC-04,AGV,FleetOne,DC-04-F4,3.6.3,12,98,MAINTENANCE,500,VALID,VALID,INTERMITTENT
RBT-0155,DC-04,PALLET_MOVER,FleetOne,DC-04-F3,2.2.2,49,69,MAINTENANCE,1500,VALID,VALID,ONLINE
RBT-0156,DC-04,AMR,FleetOne,DC-04-F4,3.4.5,31,85,HEALTHY,250,VALID,DUE,ONLINE
RBT-0157,DC-04,AMR,FleetOne,DC-04-F1,2.3.2,81,75,HEALTHY,500,EXPIRED,VALID,INTERMITTENT
RBT-0158,DC-04,AGV,FleetOne,DC-04-F4,4.6.7,79,75,HEALTHY,1000,VALID,DUE,ONLINE
RBT-0159,DC-04,AMR,FleetOne,DC-04-F3,4.3.5,83,89,HEALTHY,500,VALID,VALID,ONLINE
RBT-0160,DC-04,AGV,FleetOne,DC-04-F4,3.0.3,49,71,DEGRADED,1000,VALID,VALID,ONLINE
RBT-0161,DC-04,AGV,FleetOne,DC-04-F4,2.4.5,100,84,HEALTHY,1500,VALID,VALID,ONLINE
RBT-0162,DC-04,AGV,FleetOne,DC-04-F2,1.1.1,63,69,MAINTENANCE,1500,VALID,VALID,ONLINE
RBT-0163,DC-04,TUGGER,FleetOne,DC-04-F3,3.1.6,29,89,HEALTHY,1000,EXPIRING,OVERDUE,OFFLINE
RBT-0164,DC-04,FORK_AMR,FleetOne,DC-04-F2,1.5.0,71,90,DEGRADED,1500,VALID,VALID,ONLINE
RBT-0165,DC-04,PALLET_MOVER,FleetOne,DC-04-F1,2.7.3,36,69,HEALTHY,1500,VALID,DUE,ONLINE
RBT-0166,DC-04,AMR,FleetOne,DC-04-F1,4.2.8,85,72,DEGRADED,1000,VALID,VALID,ONLINE
RBT-0167,DC-04,AMR,FleetOne,DC-04-F3,1.8.8,9,68,HEALTHY,100,VALID,OVERDUE,ONLINE
RBT-0168,DC-04,AGV,FleetOne,DC-04-F1,4.2.2,55,78,HEALTHY,250,VALID,DUE,ONLINE
RBT-0169,DC-04,AMR,FleetOne,DC-04-F1,4.8.3,19,68,DEGRADED,1000,EXPIRED,VALID,INTERMITTENT
RBT-0170,DC-04,TUGGER,FleetOne,DC-04-F3,4.0.7,57,84,HEALTHY,1500,EXPIRED,VALID,OFFLINE
RBT-0171,DC-05,CASE_PICKER,RoboFlow,DC-05-F1,1.0.5,97,87,HEALTHY,100,VALID,VALID,INTERMITTENT
RBT-0172,DC-05,FORK_AMR,RoboFlow,DC-05-F1,2.5.0,78,74,DEGRADED,1000,VALID,VALID,ONLINE
RBT-0173,DC-05,TUGGER,RoboFlow,DC-05-F2,1.6.4,84,89,HEALTHY,1000,VALID,OVERDUE,ONLINE
RBT-0174,DC-05,AMR,RoboFlow,DC-05-F4,4.2.3,51,70,HEALTHY,1500,VALID,VALID,ONLINE
RBT-0175,DC-05,TUGGER,RoboFlow,DC-05-F3,2.3.2,26,90,HEALTHY,100,VALID,OVERDUE,OFFLINE
RBT-0176,DC-05,TUGGER,RoboFlow,DC-05-F1,1.9.5,30,83,DEGRADED,500,VALID,VALID,ONLINE
RBT-0177,DC-05,PALLET_MOVER,RoboFlow,DC-05-F1,4.6.3,93,99,HEALTHY,500,VALID,VALID,ONLINE
RBT-0178,DC-05,PALLET_MOVER,RoboFlow,DC-05-F2,4.1.4,83,83,HEALTHY,100,EXPIRED,VALID,ONLINE
RBT-0179,DC-05,PALLET_MOVER,RoboFlow,DC-05-F3,1.9.0,42,89,HEALTHY,1500,VALID,VALID,ONLINE
RBT-0180,DC-05,PALLET_MOVER,RoboFlow,DC-05-F3,1.1.2,75,84,HEALTHY,1500,VALID,VALID,ONLINE
RBT-0181,DC-05,FORK_AMR,RoboFlow,DC-05-F1,3.8.2,74,97,HEALTHY,1500,VALID,VALID,ONLINE
RBT-0182,DC-05,AMR,RoboFlow,DC-05-F2,1.4.0,58,91,DEGRADED,250,VALID,VALID,ONLINE
RBT-0183,DC-05,PALLET_MOVER,RoboFlow,DC-05-F3,2.6.5,35,93,HEALTHY,1000,VALID,VALID,ONLINE
RBT-0184,DC-05,CASE_PICKER,RoboFlow,DC-05-F1,3.3.6,54,98,HEALTHY,250,VALID,VALID,ONLINE
RBT-0185,DC-05,AGV,RoboFlow,DC-05-F2,4.0.5,55,98,HEALTHY,1500,VALID,VALID,ONLINE
RBT-0186,DC-05,AMR,RoboFlow,DC-05-F2,2.1.4,95,81,HEALTHY,1500,VALID,VALID,ONLINE
RBT-0187,DC-05,TUGGER,RoboFlow,DC-05-F2,4.3.2,13,90,HEALTHY,500,VALID,VALID,INTERMITTENT
RBT-0188,DC-05,PALLET_MOVER,RoboFlow,DC-05-F1,2.4.7,80,92,MAINTENANCE,1000,VALID,VALID,ONLINE
RBT-0189,DC-05,AMR,RoboFlow,DC-05-F1,4.5.4,74,76,HEALTHY,500,VALID,DUE,OFFLINE
RBT-0190,DC-05,CASE_PICKER,RoboFlow,DC-05-F1,2.2.9,9,84,DEGRADED,500,VALID,DUE,ONLINE
RBT-0191,DC-05,CASE_PICKER,RoboFlow,DC-05-F2,4.2.1,66,81,HEALTHY,500,VALID,VALID,ONLINE
RBT-0192,DC-05,PALLET_MOVER,RoboFlow,DC-05-F4,3.6.7,91,70,HEALTHY,250,VALID,DUE,ONLINE
RBT-0193,DC-05,AGV,RoboFlow,DC-05-F2,2.9.0,70,83,MAINTENANCE,1500,VALID,VALID,ONLINE
RBT-0194,DC-05,AMR,RoboFlow,DC-05-F2,4.5.8,50,93,HEALTHY,1500,VALID,VALID,ONLINE
RBT-0195,DC-05,AGV,RoboFlow,DC-05-F1,4.4.1,80,77,HEALTHY,500,VALID,DUE,ONLINE
RBT-0196,DC-05,TUGGER,RoboFlow,DC-05-F1,4.5.9,53,83,HEALTHY,100,VALID,VALID,ONLINE
RBT-0197,DC-05,CASE_PICKER,RoboFlow,DC-05-F2,3.4.8,77,70,HEALTHY,250,VALID,VALID,ONLINE
RBT-0198,DC-05,CASE_PICKER,RoboFlow,DC-05-F1,2.6.3,48,75,HEALTHY,500,VALID,VALID,ONLINE
RBT-0199,DC-05,CASE_PICKER,RoboFlow,DC-05-F4,4.4.9,64,78,HEALTHY,250,VALID,DUE,ONLINE
RBT-0200,DC-05,FORK_AMR,RoboFlow,DC-05-F1,3.2.0,82,71,HEALTHY,100,VALID,VALID,ONLINE
RBT-0201,DC-06,FORK_AMR,MoveIQ,DC-06-F1,3.5.2,16,85,HEALTHY,1000,EXPIRED,VALID,ONLINE
RBT-0202,DC-06,AGV,MoveIQ,DC-06-F1,1.6.7,94,85,HEALTHY,1500,VALID,OVERDUE,ONLINE
RBT-0203,DC-06,PALLET_MOVER,MoveIQ,DC-06-F3,2.3.0,87,89,HEALTHY,100,VALID,DUE,ONLINE
RBT-0204,DC-06,AMR,MoveIQ,DC-06-F1,4.2.0,27,71,HEALTHY,250,EXPIRED,DUE,INTERMITTENT
RBT-0205,DC-06,AMR,MoveIQ,DC-06-F3,3.5.3,34,79,HEALTHY,1000,VALID,VALID,OFFLINE
RBT-0206,DC-06,AGV,MoveIQ,DC-06-F4,3.4.5,96,92,HEALTHY,1500,VALID,VALID,ONLINE
RBT-0207,DC-06,FORK_AMR,MoveIQ,DC-06-F3,3.8.8,13,74,MAINTENANCE,100,VALID,VALID,OFFLINE
RBT-0208,DC-06,FORK_AMR,MoveIQ,DC-06-F4,4.3.1,86,93,DEGRADED,250,VALID,VALID,ONLINE
RBT-0209,DC-06,AMR,MoveIQ,DC-06-F2,1.8.1,63,68,MAINTENANCE,100,VALID,VALID,ONLINE
RBT-0210,DC-06,TUGGER,MoveIQ,DC-06-F2,1.7.7,12,98,DEGRADED,100,VALID,VALID,ONLINE
RBT-0211,DC-06,TUGGER,MoveIQ,DC-06-F3,1.3.6,46,100,MAINTENANCE,1500,VALID,VALID,ONLINE
RBT-0212,DC-06,CASE_PICKER,MoveIQ,DC-06-F2,4.4.7,45,79,HEALTHY,100,EXPIRED,VALID,ONLINE
RBT-0213,DC-06,PALLET_MOVER,MoveIQ,DC-06-F4,4.2.2,27,76,HEALTHY,250,EXPIRED,VALID,ONLINE
RBT-0214,DC-06,AGV,MoveIQ,DC-06-F2,2.7.9,48,95,HEALTHY,250,VALID,VALID,ONLINE
RBT-0215,DC-06,FORK_AMR,MoveIQ,DC-06-F4,4.6.7,29,77,HEALTHY,1500,VALID,VALID,ONLINE
RBT-0216,DC-06,AGV,MoveIQ,DC-06-F3,4.2.2,9,93,HEALTHY,500,VALID,VALID,ONLINE
RBT-0217,DC-06,AGV,MoveIQ,DC-06-F4,4.6.6,61,91,HEALTHY,250,VALID,VALID,ONLINE
RBT-0218,DC-06,FORK_AMR,MoveIQ,DC-06-F4,4.9.8,9,71,HEALTHY,100,VALID,VALID,ONLINE
RBT-0219,DC-06,AMR,MoveIQ,DC-06-F1,4.7.6,84,70,HEALTHY,1000,VALID,VALID,ONLINE
RBT-0220,DC-06,PALLET_MOVER,MoveIQ,DC-06-F1,4.3.3,34,70,HEALTHY,1000,VALID,VALID,ONLINE
RBT-0221,DC-06,PALLET_MOVER,MoveIQ,DC-06-F4,4.1.8,61,77,HEALTHY,500,VALID,VALID,ONLINE
RBT-0222,DC-06,CASE_PICKER,MoveIQ,DC-06-F4,4.3.9,14,77,HEALTHY,1000,VALID,VALID,ONLINE
RBT-0223,DC-06,TUGGER,MoveIQ,DC-06-F2,3.2.7,39,83,MAINTENANCE,1000,VALID,DUE,ONLINE
RBT-0224,DC-06,PALLET_MOVER,MoveIQ,DC-06-F4,3.7.1,12,87,HEALTHY,500,VALID,DUE,ONLINE
RBT-0225,DC-06,AGV,MoveIQ,DC-06-F1,2.6.2,87,74,HEALTHY,1000,VALID,VALID,INTERMITTENT
RBT-0226,DC-06,TUGGER,MoveIQ,DC-06-F3,2.0.0,77,91,HEALTHY,250,VALID,VALID,OFFLINE
RBT-0227,DC-06,PALLET_MOVER,MoveIQ,DC-06-F4,3.2.8,45,69,HEALTHY,1000,EXPIRING,VALID,ONLINE
RBT-0228,DC-06,CASE_PICKER,MoveIQ,DC-06-F3,2.2.9,52,75,DEGRADED,1000,VALID,VALID,ONLINE
RBT-0229,DC-06,TUGGER,MoveIQ,DC-06-F2,1.9.9,58,94,HEALTHY,250,VALID,VALID,ONLINE
RBT-0230,DC-06,FORK_AMR,MoveIQ,DC-06-F2,4.6.0,44,72,DEGRADED,500,VALID,VALID,ONLINE
RBT-0231,DC-06,PALLET_MOVER,MoveIQ,DC-06-F1,2.3.1,69,71,HEALTHY,1000,VALID,VALID,ONLINE
RBT-0232,DC-06,CASE_PICKER,MoveIQ,DC-06-F2,4.1.0,56,76,DEGRADED,1000,VALID,VALID,ONLINE
RBT-0233,DC-06,AMR,MoveIQ,DC-06-F3,2.3.0,55,90,DEGRADED,1500,VALID,VALID,OFFLINE
RBT-0234,DC-06,TUGGER,MoveIQ,DC-06-F3,3.5.9,80,72,HEALTHY,250,VALID,DUE,ONLINE
RBT-0235,DC-06,FORK_AMR,MoveIQ,DC-06-F1,4.4.7,29,87,HEALTHY,1500,VALID,VALID,ONLINE
RBT-0236,DC-06,AMR,MoveIQ,DC-06-F3,2.9.2,50,79,HEALTHY,1500,VALID,VALID,ONLINE
RBT-0237,DC-06,AGV,MoveIQ,DC-06-F4,1.4.5,76,72,HEALTHY,1000,VALID,VALID,ONLINE
RBT-0238,DC-06,FORK_AMR,MoveIQ,DC-06-F3,2.2.3,68,97,HEALTHY,250,VALID,VALID,ONLINE
RBT-0239,DC-06,CASE_PICKER,MoveIQ,DC-06-F1,2.3.3,80,86,HEALTHY,500,VALID,VALID,INTERMITTENT
RBT-0240,DC-06,PALLET_MOVER,MoveIQ,DC-06-F4,4.7.5,44,78,HEALTHY,100,VALID,VALID,ONLINE
RBT-0241,DC-06,FORK_AMR,MoveIQ,DC-06-F4,1.5.6,9,83,HEALTHY,250,VALID,DUE,ONLINE
RBT-0242,DC-06,AGV,MoveIQ,DC-06-F3,3.7.9,61,73,HEALTHY,100,VALID,DUE,ONLINE
RBT-0243,DC-06,PALLET_MOVER,MoveIQ,DC-06-F2,2.6.6,66,68,DEGRADED,250,VALID,VALID,ONLINE
RBT-0244,DC-06,TUGGER,MoveIQ,DC-06-F4,1.5.2,65,100,HEALTHY,1000,VALID,VALID,ONLINE
RBT-0245,DC-07,AGV,LegacyAGV,DC-07-F3,2.9.5,62,90,HEALTHY,1000,VALID,DUE,OFFLINE
RBT-0246,DC-07,TUGGER,LegacyAGV,DC-07-F2,2.4.3,87,71,HEALTHY,250,VALID,VALID,ONLINE
RBT-0247,DC-07,AGV,LegacyAGV,DC-07-F4,4.8.1,13,97,HEALTHY,250,VALID,VALID,ONLINE
RBT-0248,DC-07,AGV,LegacyAGV,DC-07-F4,2.3.0,100,87,HEALTHY,1500,VALID,VALID,ONLINE
RBT-0249,DC-07,CASE_PICKER,LegacyAGV,DC-07-F4,4.3.9,81,91,HEALTHY,100,VALID,VALID,ONLINE
RBT-0250,DC-07,TUGGER,LegacyAGV,DC-07-F3,3.3.4,60,69,HEALTHY,1000,VALID,VALID,ONLINE
RBT-0251,DC-07,FORK_AMR,LegacyAGV,DC-07-F1,1.1.2,73,71,HEALTHY,1500,VALID,VALID,ONLINE
RBT-0252,DC-07,PALLET_MOVER,LegacyAGV,DC-07-F4,2.4.0,26,87,DEGRADED,500,VALID,VALID,ONLINE
RBT-0253,DC-07,PALLET_MOVER,LegacyAGV,DC-07-F1,2.5.4,13,73,HEALTHY,100,VALID,VALID,ONLINE
RBT-0254,DC-07,AGV,LegacyAGV,DC-07-F1,1.5.3,48,72,HEALTHY,500,VALID,VALID,ONLINE
RBT-0255,DC-07,AGV,LegacyAGV,DC-07-F3,1.1.0,84,69,HEALTHY,1500,VALID,VALID,ONLINE
RBT-0256,DC-07,AGV,LegacyAGV,DC-07-F3,4.2.3,46,100,DEGRADED,100,VALID,OVERDUE,ONLINE
RBT-0257,DC-07,CASE_PICKER,LegacyAGV,DC-07-F4,4.6.9,13,85,HEALTHY,250,VALID,VALID,OFFLINE
RBT-0258,DC-07,FORK_AMR,LegacyAGV,DC-07-F3,3.2.7,84,94,DEGRADED,100,VALID,VALID,ONLINE
RBT-0259,DC-07,AMR,LegacyAGV,DC-07-F2,3.2.8,43,86,HEALTHY,1000,VALID,DUE,ONLINE
RBT-0260,DC-07,PALLET_MOVER,LegacyAGV,DC-07-F3,4.4.8,16,80,HEALTHY,1000,VALID,VALID,ONLINE
RBT-0261,DC-07,AMR,LegacyAGV,DC-07-F4,1.9.0,81,97,HEALTHY,1500,VALID,VALID,ONLINE
RBT-0262,DC-07,AMR,LegacyAGV,DC-07-F3,2.8.4,54,95,DEGRADED,1000,VALID,VALID,ONLINE
RBT-0263,DC-07,AGV,LegacyAGV,DC-07-F1,4.7.8,30,78,HEALTHY,250,VALID,VALID,ONLINE
RBT-0264,DC-07,AGV,LegacyAGV,DC-07-F3,2.7.4,75,68,MAINTENANCE,1500,VALID,VALID,ONLINE
RBT-0265,DC-07,PALLET_MOVER,LegacyAGV,DC-07-F1,3.0.0,44,94,HEALTHY,250,VALID,VALID,ONLINE
RBT-0266,DC-07,CASE_PICKER,LegacyAGV,DC-07-F1,1.9.6,24,72,HEALTHY,250,VALID,DUE,ONLINE
RBT-0267,DC-07,AGV,LegacyAGV,DC-07-F3,4.2.0,89,93,DEGRADED,500,VALID,OVERDUE,ONLINE
RBT-0268,DC-07,FORK_AMR,LegacyAGV,DC-07-F3,1.5.9,92,88,DEGRADED,500,VALID,DUE,OFFLINE
RBT-0269,DC-07,CASE_PICKER,LegacyAGV,DC-07-F1,1.4.7,57,80,HEALTHY,500,VALID,VALID,ONLINE
RBT-0270,DC-07,FORK_AMR,LegacyAGV,DC-07-F1,3.0.6,9,78,HEALTHY,100,VALID,VALID,ONLINE
RBT-0271,DC-07,AMR,LegacyAGV,DC-07-F4,2.2.9,89,69,HEALTHY,1000,VALID,DUE,ONLINE
RBT-0272,DC-07,TUGGER,LegacyAGV,DC-07-F1,2.8.6,22,75,HEALTHY,1500,VALID,VALID,INTERMITTENT
RBT-0273,DC-07,AMR,LegacyAGV,DC-07-F3,4.3.7,78,79,HEALTHY,1000,VALID,VALID,ONLINE
RBT-0274,DC-07,FORK_AMR,LegacyAGV,DC-07-F3,4.5.2,76,84,HEALTHY,250,VALID,VALID,ONLINE
RBT-0275,DC-07,AGV,LegacyAGV,DC-07-F2,4.8.9,73,74,MAINTENANCE,250,EXPIRING,DUE,ONLINE
RBT-0276,DC-07,FORK_AMR,LegacyAGV,DC-07-F1,1.0.7,99,75,HEALTHY,100,VALID,VALID,ONLINE
RBT-0277,DC-07,FORK_AMR,LegacyAGV,DC-07-F1,4.7.6,66,97,HEALTHY,250,VALID,VALID,ONLINE
RBT-0278,DC-07,PALLET_MOVER,LegacyAGV,DC-07-F1,2.1.5,36,89,HEALTHY,500,VALID,DUE,ONLINE
RBT-0279,DC-07,FORK_AMR,LegacyAGV,DC-07-F4,1.6.2,10,83,HEALTHY,1500,VALID,DUE,ONLINE
RBT-0280,DC-07,AMR,LegacyAGV,DC-07-F3,1.1.9,85,89,DEGRADED,100,VALID,VALID,OFFLINE
RBT-0281,DC-07,CASE_PICKER,LegacyAGV,DC-07-F1,2.5.2,32,85,HEALTHY,250,VALID,VALID,ONLINE
RBT-0282,DC-07,TUGGER,LegacyAGV,DC-07-F4,4.4.8,21,94,HEALTHY,100,VALID,VALID,ONLINE
RBT-0283,DC-07,FORK_AMR,LegacyAGV,DC-07-F3,4.7.4,53,74,HEALTHY,1500,EXPIRING,OVERDUE,ONLINE
RBT-0284,DC-07,PALLET_MOVER,LegacyAGV,DC-07-F2,3.2.1,57,80,HEALTHY,250,EXPIRED,VALID,OFFLINE
RBT-0285,DC-07,TUGGER,LegacyAGV,DC-07-F2,2.1.5,38,76,HEALTHY,500,VALID,VALID,ONLINE
RBT-0286,DC-07,PALLET_MOVER,LegacyAGV,DC-07-F3,4.4.1,43,81,HEALTHY,500,EXPIRED,VALID,OFFLINE
RBT-0287,DC-07,CASE_PICKER,LegacyAGV,DC-07-F3,3.9.8,84,96,HEALTHY,100,VALID,DUE,ONLINE
RBT-0288,DC-07,CASE_PICKER,LegacyAGV,DC-07-F4,1.6.2,65,98,HEALTHY,100,VALID,VALID,OFFLINE
RBT-0289,DC-07,PALLET_MOVER,LegacyAGV,DC-07-F1,4.8.9,75,87,MAINTENANCE,1000,VALID,VALID,INTERMITTENT
RBT-0290,DC-07,AMR,LegacyAGV,DC-07-F4,2.7.8,62,89,HEALTHY,1000,VALID,VALID,ONLINE
RBT-0291,DC-08,AMR,FleetOne,DC-08-F3,3.6.5,26,81,HEALTHY,500,VALID,VALID,ONLINE
RBT-0292,DC-08,AMR,FleetOne,DC-08-F2,4.0.2,43,94,HEALTHY,500,VALID,VALID,ONLINE
RBT-0293,DC-08,FORK_AMR,FleetOne,DC-08-F1,1.2.9,16,79,HEALTHY,100,EXPIRED,VALID,ONLINE
RBT-0294,DC-08,AGV,FleetOne,DC-08-F3,2.9.8,76,89,HEALTHY,250,EXPIRING,VALID,ONLINE
RBT-0295,DC-08,CASE_PICKER,FleetOne,DC-08-F3,1.1.8,98,85,HEALTHY,100,VALID,OVERDUE,ONLINE
RBT-0296,DC-08,FORK_AMR,FleetOne,DC-08-F1,1.3.6,73,88,HEALTHY,250,EXPIRED,VALID,ONLINE
RBT-0297,DC-08,AMR,FleetOne,DC-08-F3,3.0.1,48,94,HEALTHY,1000,VALID,DUE,ONLINE
RBT-0298,DC-08,AMR,FleetOne,DC-08-F3,1.3.7,43,78,HEALTHY,500,EXPIRING,VALID,ONLINE
RBT-0299,DC-08,CASE_PICKER,FleetOne,DC-08-F1,2.5.6,97,99,HEALTHY,1000,EXPIRED,OVERDUE,ONLINE
RBT-0300,DC-08,PALLET_MOVER,FleetOne,DC-08-F3,4.4.7,90,93,HEALTHY,1500,VALID,VALID,OFFLINE
RBT-0301,DC-08,FORK_AMR,FleetOne,DC-08-F3,1.6.5,67,87,MAINTENANCE,250,VALID,VALID,ONLINE
RBT-0302,DC-08,AMR,FleetOne,DC-08-F4,1.4.3,61,68,HEALTHY,100,EXPIRING,VALID,ONLINE
RBT-0303,DC-08,FORK_AMR,FleetOne,DC-08-F4,4.1.9,50,83,HEALTHY,250,VALID,VALID,ONLINE
RBT-0304,DC-08,AMR,FleetOne,DC-08-F4,1.6.2,59,97,HEALTHY,250,VALID,VALID,ONLINE
RBT-0305,DC-08,AMR,FleetOne,DC-08-F1,2.6.8,80,77,HEALTHY,1000,VALID,VALID,ONLINE
RBT-0306,DC-08,FORK_AMR,FleetOne,DC-08-F3,2.4.9,22,98,HEALTHY,1000,VALID,VALID,INTERMITTENT
RBT-0307,DC-08,AGV,FleetOne,DC-08-F3,3.3.9,20,98,DEGRADED,1000,VALID,OVERDUE,ONLINE
RBT-0308,DC-08,CASE_PICKER,FleetOne,DC-08-F1,3.4.0,35,73,HEALTHY,100,VALID,VALID,ONLINE
RBT-0309,DC-08,AMR,FleetOne,DC-08-F2,1.4.5,43,89,HEALTHY,500,VALID,VALID,ONLINE
RBT-0310,DC-08,AGV,FleetOne,DC-08-F1,2.0.7,97,92,HEALTHY,500,VALID,DUE,INTERMITTENT
RBT-0311,DC-08,TUGGER,FleetOne,DC-08-F2,4.1.7,76,88,HEALTHY,100,VALID,VALID,ONLINE
RBT-0312,DC-08,PALLET_MOVER,FleetOne,DC-08-F4,2.9.2,65,91,MAINTENANCE,250,VALID,VALID,ONLINE
RBT-0313,DC-08,FORK_AMR,FleetOne,DC-08-F3,2.1.9,42,97,MAINTENANCE,250,VALID,VALID,ONLINE
RBT-0314,DC-08,TUGGER,FleetOne,DC-08-F1,1.1.9,95,100,HEALTHY,250,VALID,VALID,ONLINE
RBT-0315,DC-08,FORK_AMR,FleetOne,DC-08-F1,1.7.2,30,85,HEALTHY,500,VALID,VALID,ONLINE
RBT-0316,DC-08,PALLET_MOVER,FleetOne,DC-08-F4,4.8.4,51,98,HEALTHY,500,VALID,VALID,INTERMITTENT
RBT-0317,DC-08,AGV,FleetOne,DC-08-F3,3.3.4,50,99,HEALTHY,250,VALID,VALID,INTERMITTENT
RBT-0318,DC-08,AMR,FleetOne,DC-08-F3,2.2.3,41,79,HEALTHY,1000,VALID,VALID,ONLINE
RBT-0319,DC-08,AGV,FleetOne,DC-08-F2,2.0.9,99,68,HEALTHY,500,VALID,VALID,ONLINE
RBT-0320,DC-08,TUGGER,FleetOne,DC-08-F4,2.2.8,76,90,HEALTHY,1500,VALID,VALID,ONLINE
RBT-0321,DC-08,CASE_PICKER,FleetOne,DC-08-F4,2.7.9,72,92,MAINTENANCE,1000,VALID,DUE,ONLINE
RBT-0322,DC-08,AGV,FleetOne,DC-08-F3,2.6.8,93,77,HEALTHY,250,EXPIRING,DUE,ONLINE
RBT-0323,DC-08,AMR,FleetOne,DC-08-F1,4.5.1,59,79,MAINTENANCE,1500,VALID,VALID,ONLINE
RBT-0324,DC-09,AGV,RoboFlow,DC-09-F1,2.6.4,66,83,DEGRADED,250,VALID,VALID,ONLINE
RBT-0325,DC-09,CASE_PICKER,RoboFlow,DC-09-F3,4.2.2,97,99,HEALTHY,1500,VALID,VALID,ONLINE
RBT-0326,DC-09,TUGGER,RoboFlow,DC-09-F1,3.8.3,44,89,HEALTHY,1000,VALID,VALID,INTERMITTENT
RBT-0327,DC-09,TUGGER,RoboFlow,DC-09-F4,4.2.7,60,69,HEALTHY,250,VALID,OVERDUE,ONLINE
RBT-0328,DC-09,AMR,RoboFlow,DC-09-F4,3.0.8,36,73,HEALTHY,100,VALID,VALID,ONLINE
RBT-0329,DC-09,PALLET_MOVER,RoboFlow,DC-09-F3,3.3.2,95,93,HEALTHY,1500,VALID,VALID,ONLINE
RBT-0330,DC-09,PALLET_MOVER,RoboFlow,DC-09-F1,3.9.4,11,85,HEALTHY,250,VALID,VALID,OFFLINE
RBT-0331,DC-09,AMR,RoboFlow,DC-09-F2,2.5.5,91,80,HEALTHY,250,VALID,VALID,INTERMITTENT
RBT-0332,DC-09,FORK_AMR,RoboFlow,DC-09-F1,4.5.9,12,93,HEALTHY,250,VALID,DUE,ONLINE
RBT-0333,DC-09,TUGGER,RoboFlow,DC-09-F1,2.5.6,94,81,MAINTENANCE,250,VALID,OVERDUE,ONLINE
RBT-0334,DC-09,CASE_PICKER,RoboFlow,DC-09-F4,2.4.6,87,81,HEALTHY,1500,VALID,DUE,ONLINE
RBT-0335,DC-09,CASE_PICKER,RoboFlow,DC-09-F4,3.5.1,13,71,HEALTHY,500,VALID,VALID,ONLINE
RBT-0336,DC-09,TUGGER,RoboFlow,DC-09-F1,3.5.3,60,82,HEALTHY,100,EXPIRING,VALID,ONLINE
RBT-0337,DC-09,AMR,RoboFlow,DC-09-F2,2.8.7,99,71,DEGRADED,250,VALID,VALID,ONLINE
RBT-0338,DC-09,FORK_AMR,RoboFlow,DC-09-F4,4.9.4,9,96,HEALTHY,1000,VALID,VALID,ONLINE
RBT-0339,DC-09,CASE_PICKER,RoboFlow,DC-09-F1,1.9.9,91,79,HEALTHY,500,VALID,VALID,INTERMITTENT
RBT-0340,DC-09,CASE_PICKER,RoboFlow,DC-09-F1,4.6.1,91,90,HEALTHY,250,VALID,OVERDUE,ONLINE
RBT-0341,DC-09,PALLET_MOVER,RoboFlow,DC-09-F1,3.7.9,93,97,HEALTHY,1500,VALID,VALID,ONLINE
RBT-0342,DC-09,PALLET_MOVER,RoboFlow,DC-09-F2,3.1.8,14,79,HEALTHY,1500,VALID,OVERDUE,ONLINE
RBT-0343,DC-09,FORK_AMR,RoboFlow,DC-09-F2,4.9.0,94,72,HEALTHY,100,VALID,VALID,ONLINE
RBT-0344,DC-09,TUGGER,RoboFlow,DC-09-F2,4.5.4,31,98,HEALTHY,1500,VALID,VALID,ONLINE
RBT-0345,DC-09,PALLET_MOVER,RoboFlow,DC-09-F4,4.5.1,36,85,HEALTHY,1000,VALID,VALID,ONLINE
RBT-0346,DC-09,PALLET_MOVER,RoboFlow,DC-09-F4,3.7.8,64,85,HEALTHY,500,VALID,VALID,INTERMITTENT
RBT-0347,DC-09,CASE_PICKER,RoboFlow,DC-09-F4,2.4.0,41,74,HEALTHY,250,VALID,VALID,ONLINE
RBT-0348,DC-09,AGV,RoboFlow,DC-09-F2,2.4.3,90,73,HEALTHY,1000,EXPIRING,VALID,ONLINE
RBT-0349,DC-09,PALLET_MOVER,RoboFlow,DC-09-F1,4.9.0,18,72,HEALTHY,1500,VALID,OVERDUE,ONLINE
RBT-0350,DC-09,FORK_AMR,RoboFlow,DC-09-F4,1.5.3,72,77,DEGRADED,1500,VALID,DUE,ONLINE
RBT-0351,DC-09,TUGGER,RoboFlow,DC-09-F3,4.1.0,95,72,HEALTHY,500,EXPIRING,VALID,INTERMITTENT
RBT-0352,DC-09,FORK_AMR,RoboFlow,DC-09-F3,3.8.1,66,79,HEALTHY,500,VALID,VALID,ONLINE
RBT-0353,DC-09,TUGGER,RoboFlow,DC-09-F1,4.4.0,100,98,DEGRADED,1000,VALID,VALID,INTERMITTENT
RBT-0354,DC-09,TUGGER,RoboFlow,DC-09-F3,2.8.1,50,98,HEALTHY,500,VALID,DUE,ONLINE
RBT-0355,DC-09,CASE_PICKER,RoboFlow,DC-09-F4,1.3.8,62,97,HEALTHY,500,VALID,DUE,INTERMITTENT
RBT-0356,DC-09,AGV,RoboFlow,DC-09-F2,3.3.0,62,87,MAINTENANCE,250,VALID,VALID,OFFLINE
RBT-0357,DC-09,FORK_AMR,RoboFlow,DC-09-F1,3.4.6,45,70,HEALTHY,500,EXPIRED,VALID,ONLINE
RBT-0358,DC-09,AGV,RoboFlow,DC-09-F1,4.5.5,36,98,HEALTHY,250,VALID,VALID,ONLINE
RBT-0359,DC-09,PALLET_MOVER,RoboFlow,DC-09-F4,1.8.6,41,82,HEALTHY,250,VALID,VALID,ONLINE
RBT-0360,DC-09,CASE_PICKER,RoboFlow,DC-09-F2,2.6.5,20,99,HEALTHY,250,VALID,VALID,ONLINE
RBT-0361,DC-09,FORK_AMR,RoboFlow,DC-09-F1,4.5.6,50,81,HEALTHY,500,VALID,DUE,ONLINE
RBT-0362,DC-09,TUGGER,RoboFlow,DC-09-F3,4.6.0,85,77,DEGRADED,1000,VALID,OVERDUE,ONLINE
RBT-0363,DC-09,FORK_AMR,RoboFlow,DC-09-F1,4.8.5,9,88,HEALTHY,100,VALID,VALID,ONLINE
RBT-0364,DC-09,AMR,RoboFlow,DC-09-F2,3.0.9,50,72,DEGRADED,1500,VALID,VALID,ONLINE
RBT-0365,DC-09,AMR,RoboFlow,DC-09-F1,1.1.2,18,68,HEALTHY,250,VALID,VALID,ONLINE
RBT-0366,DC-10,AGV,MoveIQ,DC-10-F3,3.2.4,49,68,HEALTHY,1500,VALID,VALID,ONLINE
RBT-0367,DC-10,TUGGER,MoveIQ,DC-10-F2,2.6.7,55,70,HEALTHY,1000,VALID,VALID,ONLINE
RBT-0368,DC-10,PALLET_MOVER,MoveIQ,DC-10-F3,1.8.1,26,86,HEALTHY,1000,VALID,VALID,ONLINE
RBT-0369,DC-10,PALLET_MOVER,MoveIQ,DC-10-F4,1.4.2,91,81,HEALTHY,500,VALID,VALID,ONLINE
RBT-0370,DC-10,FORK_AMR,MoveIQ,DC-10-F3,2.3.5,55,92,HEALTHY,100,VALID,VALID,ONLINE
RBT-0371,DC-10,PALLET_MOVER,MoveIQ,DC-10-F1,4.5.6,53,86,HEALTHY,1500,EXPIRING,VALID,INTERMITTENT
RBT-0372,DC-10,AGV,MoveIQ,DC-10-F2,4.9.9,32,69,DEGRADED,250,VALID,VALID,ONLINE
RBT-0373,DC-10,PALLET_MOVER,MoveIQ,DC-10-F1,1.6.8,82,90,DEGRADED,500,VALID,DUE,ONLINE
RBT-0374,DC-10,FORK_AMR,MoveIQ,DC-10-F3,3.4.7,19,75,HEALTHY,250,VALID,VALID,ONLINE
RBT-0375,DC-10,FORK_AMR,MoveIQ,DC-10-F4,2.1.7,23,100,HEALTHY,1500,EXPIRED,VALID,ONLINE
RBT-0376,DC-10,PALLET_MOVER,MoveIQ,DC-10-F4,2.4.4,70,100,DEGRADED,1500,VALID,VALID,ONLINE
RBT-0377,DC-10,PALLET_MOVER,MoveIQ,DC-10-F2,2.3.4,99,86,HEALTHY,1500,VALID,VALID,ONLINE
RBT-0378,DC-10,CASE_PICKER,MoveIQ,DC-10-F1,4.6.8,96,82,HEALTHY,1500,VALID,DUE,ONLINE
RBT-0379,DC-10,TUGGER,MoveIQ,DC-10-F1,2.9.7,35,98,HEALTHY,1000,VALID,VALID,ONLINE
RBT-0380,DC-10,TUGGER,MoveIQ,DC-10-F4,4.6.2,86,97,HEALTHY,100,VALID,VALID,ONLINE
RBT-0381,DC-10,AGV,MoveIQ,DC-10-F1,4.5.1,24,70,HEALTHY,500,VALID,VALID,ONLINE
RBT-0382,DC-10,FORK_AMR,MoveIQ,DC-10-F3,2.3.2,82,91,MAINTENANCE,500,EXPIRED,VALID,ONLINE
RBT-0383,DC-10,CASE_PICKER,MoveIQ,DC-10-F1,4.4.6,40,93,HEALTHY,1500,VALID,VALID,ONLINE
RBT-0384,DC-10,CASE_PICKER,MoveIQ,DC-10-F2,1.8.6,76,100,HEALTHY,1000,VALID,VALID,ONLINE
RBT-0385,DC-10,AGV,MoveIQ,DC-10-F3,3.2.3,42,85,HEALTHY,250,VALID,VALID,ONLINE
RBT-0386,DC-10,AMR,MoveIQ,DC-10-F1,2.5.3,24,98,DEGRADED,250,VALID,VALID,ONLINE
RBT-0387,DC-10,AGV,MoveIQ,DC-10-F3,3.4.3,78,72,HEALTHY,250,VALID,VALID,ONLINE
RBT-0388,DC-10,PALLET_MOVER,MoveIQ,DC-10-F1,4.1.6,27,98,HEALTHY,1500,VALID,VALID,ONLINE
RBT-0389,DC-10,FORK_AMR,MoveIQ,DC-10-F4,1.5.9,88,100,HEALTHY,500,VALID,VALID,ONLINE
RBT-0390,DC-10,FORK_AMR,MoveIQ,DC-10-F4,3.8.4,48,88,HEALTHY,500,VALID,VALID,ONLINE
RBT-0391,DC-10,CASE_PICKER,MoveIQ,DC-10-F2,2.3.8,61,89,DEGRADED,250,VALID,DUE,ONLINE
RBT-0392,DC-10,CASE_PICKER,MoveIQ,DC-10-F4,1.4.5,14,68,MAINTENANCE,1000,VALID,VALID,INTERMITTENT
RBT-0393,DC-10,TUGGER,MoveIQ,DC-10-F3,1.9.2,56,78,DEGRADED,1000,VALID,DUE,ONLINE
RBT-0394,DC-10,AMR,MoveIQ,DC-10-F1,1.7.3,52,96,DEGRADED,500,VALID,VALID,ONLINE
RBT-0395,DC-10,TUGGER,MoveIQ,DC-10-F1,3.0.8,78,72,HEALTHY,250,VALID,VALID,ONLINE
RBT-0396,DC-10,CASE_PICKER,MoveIQ,DC-10-F3,4.0.0,59,68,HEALTHY,500,VALID,VALID,INTERMITTENT
RBT-0397,DC-10,AGV,MoveIQ,DC-10-F1,2.5.0,47,91,HEALTHY,500,VALID,VALID,ONLINE
RBT-0398,DC-10,CASE_PICKER,MoveIQ,DC-10-F1,3.9.8,44,93,HEALTHY,500,VALID,VALID,ONLINE
RBT-0399,DC-10,FORK_AMR,MoveIQ,DC-10-F1,2.9.1,48,69,HEALTHY,100,VALID,VALID,ONLINE
RBT-0400,DC-10,AMR,MoveIQ,DC-10-F3,2.4.1,15,70,HEALTHY,1500,VALID,VALID,ONLINE
RBT-0401,DC-10,AGV,MoveIQ,DC-10-F3,4.6.1,90,99,DEGRADED,500,VALID,VALID,ONLINE
RBT-0402,DC-10,AGV,MoveIQ,DC-10-F4,4.4.9,71,88,HEALTHY,100,VALID,VALID,ONLINE
RBT-0403,DC-10,TUGGER,MoveIQ,DC-10-F3,2.5.7,72,71,HEALTHY,250,EXPIRING,VALID,ONLINE
RBT-0404,DC-10,AGV,MoveIQ,DC-10-F3,4.2.4,85,72,HEALTHY,1000,VALID,DUE,ONLINE
RBT-0405,DC-10,AMR,MoveIQ,DC-10-F3,4.1.9,37,68,MAINTENANCE,100,VALID,VALID,ONLINE
RBT-0406,DC-10,TUGGER,MoveIQ,DC-10-F3,4.4.3,90,78,HEALTHY,500,VALID,DUE,ONLINE
RBT-0407,DC-10,AMR,MoveIQ,DC-10-F2,3.4.0,39,68,HEALTHY,250,VALID,VALID,INTERMITTENT
RBT-0408,DC-10,CASE_PICKER,MoveIQ,DC-10-F4,1.0.2,27,97,HEALTHY,1000,VALID,VALID,ONLINE
RBT-0409,DC-10,PALLET_MOVER,MoveIQ,DC-10-F3,3.0.7,86,96,HEALTHY,1000,EXPIRING,VALID,INTERMITTENT
RBT-0410,DC-10,FORK_AMR,MoveIQ,DC-10-F4,1.1.8,25,74,DEGRADED,1000,VALID,VALID,ONLINE
RBT-0411,DC-10,CASE_PICKER,MoveIQ,DC-10-F2,2.2.3,22,85,HEALTHY,250,VALID,VALID,ONLINE
RBT-0412,DC-11,TUGGER,LegacyAGV,DC-11-F3,2.3.8,92,84,DEGRADED,500,EXPIRED,VALID,ONLINE
RBT-0413,DC-11,CASE_PICKER,LegacyAGV,DC-11-F3,3.4.9,74,91,HEALTHY,500,VALID,VALID,ONLINE
RBT-0414,DC-11,FORK_AMR,LegacyAGV,DC-11-F1,3.3.1,84,68,HEALTHY,500,VALID,VALID,ONLINE
RBT-0415,DC-11,CASE_PICKER,LegacyAGV,DC-11-F2,1.8.3,79,69,HEALTHY,1500,VALID,VALID,ONLINE
RBT-0416,DC-11,AGV,LegacyAGV,DC-11-F2,1.0.3,30,92,HEALTHY,100,VALID,VALID,INTERMITTENT
RBT-0417,DC-11,AMR,LegacyAGV,DC-11-F3,1.4.1,92,89,DEGRADED,250,EXPIRING,VALID,ONLINE
RBT-0418,DC-11,AMR,LegacyAGV,DC-11-F4,2.5.4,34,79,DEGRADED,250,VALID,VALID,ONLINE
RBT-0419,DC-11,AGV,LegacyAGV,DC-11-F3,1.2.2,55,86,HEALTHY,250,VALID,VALID,ONLINE
RBT-0420,DC-11,AGV,LegacyAGV,DC-11-F4,4.1.6,96,70,HEALTHY,500,EXPIRING,DUE,ONLINE
RBT-0421,DC-11,AMR,LegacyAGV,DC-11-F3,3.1.1,32,80,HEALTHY,500,EXPIRING,VALID,ONLINE
RBT-0422,DC-11,AMR,LegacyAGV,DC-11-F4,2.7.2,19,82,HEALTHY,250,VALID,DUE,ONLINE
RBT-0423,DC-11,AMR,LegacyAGV,DC-11-F3,2.5.0,44,74,HEALTHY,1500,VALID,VALID,INTERMITTENT
RBT-0424,DC-11,AMR,LegacyAGV,DC-11-F4,2.8.9,73,69,HEALTHY,1000,VALID,VALID,ONLINE
RBT-0425,DC-11,AGV,LegacyAGV,DC-11-F4,1.3.7,15,96,DEGRADED,500,VALID,VALID,ONLINE
RBT-0426,DC-11,CASE_PICKER,LegacyAGV,DC-11-F2,4.6.9,42,84,HEALTHY,1500,VALID,VALID,ONLINE
RBT-0427,DC-11,CASE_PICKER,LegacyAGV,DC-11-F3,2.7.5,31,70,HEALTHY,1000,VALID,DUE,ONLINE
RBT-0428,DC-11,CASE_PICKER,LegacyAGV,DC-11-F1,2.9.8,77,93,HEALTHY,1500,VALID,DUE,INTERMITTENT
RBT-0429,DC-11,TUGGER,LegacyAGV,DC-11-F4,4.3.2,67,100,HEALTHY,250,VALID,VALID,ONLINE
RBT-0430,DC-11,CASE_PICKER,LegacyAGV,DC-11-F3,4.1.5,88,84,MAINTENANCE,500,VALID,VALID,ONLINE
RBT-0431,DC-11,TUGGER,LegacyAGV,DC-11-F4,3.6.9,69,70,HEALTHY,500,VALID,VALID,ONLINE
RBT-0432,DC-11,AGV,LegacyAGV,DC-11-F3,1.5.0,73,88,DEGRADED,500,EXPIRING,DUE,ONLINE
RBT-0433,DC-11,AMR,LegacyAGV,DC-11-F1,4.3.9,16,73,HEALTHY,250,VALID,VALID,OFFLINE
RBT-0434,DC-11,TUGGER,LegacyAGV,DC-11-F4,2.2.5,79,93,DEGRADED,1000,VALID,OVERDUE,ONLINE
RBT-0435,DC-11,PALLET_MOVER,LegacyAGV,DC-11-F4,1.3.0,73,85,HEALTHY,1500,VALID,VALID,ONLINE
RBT-0436,DC-11,AMR,LegacyAGV,DC-11-F1,4.4.9,73,92,HEALTHY,250,VALID,VALID,ONLINE
RBT-0437,DC-11,PALLET_MOVER,LegacyAGV,DC-11-F4,2.7.6,100,74,HEALTHY,100,VALID,VALID,ONLINE
RBT-0438,DC-11,AGV,LegacyAGV,DC-11-F4,1.0.1,74,68,HEALTHY,250,VALID,VALID,ONLINE
RBT-0439,DC-11,CASE_PICKER,LegacyAGV,DC-11-F2,1.4.8,17,68,HEALTHY,500,VALID,DUE,ONLINE
RBT-0440,DC-11,FORK_AMR,LegacyAGV,DC-11-F1,1.7.0,96,76,HEALTHY,100,VALID,VALID,ONLINE
RBT-0441,DC-11,AMR,LegacyAGV,DC-11-F2,1.5.1,38,77,HEALTHY,500,EXPIRING,VALID,ONLINE
RBT-0442,DC-11,TUGGER,LegacyAGV,DC-11-F4,3.7.3,68,70,HEALTHY,500,VALID,VALID,ONLINE
RBT-0443,DC-11,TUGGER,LegacyAGV,DC-11-F2,4.2.0,47,97,HEALTHY,1000,VALID,VALID,ONLINE
RBT-0444,DC-11,AGV,LegacyAGV,DC-11-F4,2.0.5,91,85,HEALTHY,100,VALID,DUE,ONLINE
RBT-0445,DC-11,TUGGER,LegacyAGV,DC-11-F1,4.5.9,36,76,HEALTHY,100,VALID,VALID,ONLINE
RBT-0446,DC-12,AGV,FleetOne,DC-12-F2,1.6.5,91,71,HEALTHY,250,VALID,VALID,INTERMITTENT
RBT-0447,DC-12,CASE_PICKER,FleetOne,DC-12-F2,2.7.7,80,87,HEALTHY,500,VALID,VALID,ONLINE
RBT-0448,DC-12,FORK_AMR,FleetOne,DC-12-F3,4.7.7,64,69,HEALTHY,1000,VALID,VALID,ONLINE
RBT-0449,DC-12,CASE_PICKER,FleetOne,DC-12-F2,3.4.7,46,76,HEALTHY,1500,VALID,VALID,ONLINE
RBT-0450,DC-12,FORK_AMR,FleetOne,DC-12-F4,1.4.5,77,99,HEALTHY,500,VALID,VALID,ONLINE
RBT-0451,DC-12,CASE_PICKER,FleetOne,DC-12-F3,1.3.4,62,71,HEALTHY,250,VALID,VALID,ONLINE
RBT-0452,DC-12,PALLET_MOVER,FleetOne,DC-12-F1,3.9.5,40,73,HEALTHY,250,VALID,VALID,ONLINE
RBT-0453,DC-12,AMR,FleetOne,DC-12-F3,2.6.0,56,80,HEALTHY,1000,VALID,DUE,ONLINE
RBT-0454,DC-12,PALLET_MOVER,FleetOne,DC-12-F3,2.3.7,99,89,HEALTHY,1500,VALID,VALID,INTERMITTENT
RBT-0455,DC-12,AMR,FleetOne,DC-12-F2,1.1.2,85,83,HEALTHY,100,VALID,VALID,ONLINE
RBT-0456,DC-12,PALLET_MOVER,FleetOne,DC-12-F1,3.7.7,43,80,HEALTHY,1000,VALID,VALID,ONLINE
RBT-0457,DC-12,FORK_AMR,FleetOne,DC-12-F4,4.8.0,33,71,HEALTHY,500,VALID,VALID,ONLINE
RBT-0458,DC-12,TUGGER,FleetOne,DC-12-F4,2.7.4,22,68,HEALTHY,1000,VALID,VALID,ONLINE
RBT-0459,DC-12,AGV,FleetOne,DC-12-F3,3.2.5,82,98,DEGRADED,250,EXPIRING,VALID,ONLINE
RBT-0460,DC-12,CASE_PICKER,FleetOne,DC-12-F4,4.8.3,17,71,HEALTHY,250,VALID,DUE,ONLINE
RBT-0461,DC-12,CASE_PICKER,FleetOne,DC-12-F4,3.1.7,41,97,HEALTHY,500,VALID,DUE,ONLINE
RBT-0462,DC-12,TUGGER,FleetOne,DC-12-F4,1.5.6,43,100,HEALTHY,100,EXPIRING,VALID,ONLINE
RBT-0463,DC-12,CASE_PICKER,FleetOne,DC-12-F4,3.6.8,79,88,HEALTHY,1500,VALID,VALID,OFFLINE
RBT-0464,DC-12,AGV,FleetOne,DC-12-F2,2.9.2,89,77,HEALTHY,500,EXPIRING,VALID,ONLINE
RBT-0465,DC-12,FORK_AMR,FleetOne,DC-12-F3,3.0.0,22,99,HEALTHY,1500,VALID,VALID,ONLINE
RBT-0466,DC-12,AMR,FleetOne,DC-12-F2,3.2.7,48,69,MAINTENANCE,1500,VALID,VALID,ONLINE
RBT-0467,DC-12,FORK_AMR,FleetOne,DC-12-F3,2.6.3,97,85,HEALTHY,500,EXPIRED,VALID,ONLINE
RBT-0468,DC-12,PALLET_MOVER,FleetOne,DC-12-F4,3.1.6,75,92,HEALTHY,250,VALID,DUE,ONLINE
RBT-0469,DC-12,FORK_AMR,FleetOne,DC-12-F2,4.8.6,47,81,HEALTHY,500,EXPIRED,DUE,ONLINE
RBT-0470,DC-12,AMR,FleetOne,DC-12-F3,4.1.9,10,99,HEALTHY,100,VALID,OVERDUE,ONLINE
RBT-0471,DC-12,PALLET_MOVER,FleetOne,DC-12-F1,2.0.9,93,72,HEALTHY,1500,VALID,VALID,OFFLINE
RBT-0472,DC-12,TUGGER,FleetOne,DC-12-F2,4.3.2,45,91,HEALTHY,1000,VALID,VALID,ONLINE
RBT-0473,DC-12,PALLET_MOVER,FleetOne,DC-12-F2,1.7.8,93,76,DEGRADED,1000,VALID,VALID,ONLINE
RBT-0474,DC-12,AMR,FleetOne,DC-12-F4,3.8.1,62,77,HEALTHY,1000,VALID,VALID,OFFLINE
RBT-0475,DC-12,AGV,FleetOne,DC-12-F3,3.6.4,35,76,DEGRADED,250,VALID,DUE,ONLINE
RBT-0476,DC-12,CASE_PICKER,FleetOne,DC-12-F2,1.5.3,77,91,HEALTHY,100,VALID,VALID,INTERMITTENT
RBT-0477,DC-12,FORK_AMR,FleetOne,DC-12-F3,4.5.3,92,79,HEALTHY,100,VALID,VALID,ONLINE
RBT-0478,DC-12,FORK_AMR,FleetOne,DC-12-F4,3.1.2,35,100,HEALTHY,1000,VALID,VALID,INTERMITTENT
RBT-0479,DC-12,FORK_AMR,FleetOne,DC-12-F1,1.5.8,52,85,HEALTHY,100,VALID,VALID,ONLINE
RBT-0480,DC-12,AMR,FleetOne,DC-12-F2,3.7.6,57,75,HEALTHY,1500,VALID,DUE,INTERMITTENT
RBT-0481,DC-12,AMR,FleetOne,DC-12-F4,4.6.6,27,95,MAINTENANCE,500,VALID,DUE,ONLINE
RBT-0482,DC-13,CASE_PICKER,RoboFlow,DC-13-F4,4.0.3,88,99,HEALTHY,100,VALID,VALID,ONLINE
RBT-0483,DC-13,FORK_AMR,RoboFlow,DC-13-F1,2.9.1,58,70,HEALTHY,250,EXPIRING,VALID,ONLINE
RBT-0484,DC-13,TUGGER,RoboFlow,DC-13-F3,1.0.6,49,82,MAINTENANCE,250,VALID,VALID,ONLINE
RBT-0485,DC-13,FORK_AMR,RoboFlow,DC-13-F1,2.2.6,90,90,HEALTHY,1000,VALID,VALID,ONLINE
RBT-0486,DC-13,TUGGER,RoboFlow,DC-13-F3,2.1.3,8,75,HEALTHY,100,EXPIRING,VALID,ONLINE
RBT-0487,DC-13,AGV,RoboFlow,DC-13-F2,2.8.5,40,77,MAINTENANCE,1500,VALID,VALID,ONLINE
RBT-0488,DC-13,FORK_AMR,RoboFlow,DC-13-F2,2.6.3,23,89,HEALTHY,1000,VALID,DUE,ONLINE
RBT-0489,DC-13,AGV,RoboFlow,DC-13-F3,1.0.6,28,93,HEALTHY,250,VALID,VALID,ONLINE
RBT-0490,DC-13,CASE_PICKER,RoboFlow,DC-13-F3,4.2.0,72,100,HEALTHY,500,EXPIRING,OVERDUE,ONLINE
RBT-0491,DC-13,CASE_PICKER,RoboFlow,DC-13-F3,4.4.0,11,69,HEALTHY,100,VALID,VALID,ONLINE
RBT-0492,DC-13,TUGGER,RoboFlow,DC-13-F2,4.1.6,52,77,HEALTHY,250,VALID,VALID,INTERMITTENT
RBT-0493,DC-13,PALLET_MOVER,RoboFlow,DC-13-F4,2.0.6,8,71,HEALTHY,250,VALID,VALID,ONLINE
RBT-0494,DC-13,AMR,RoboFlow,DC-13-F1,3.5.1,24,86,HEALTHY,500,VALID,VALID,ONLINE
RBT-0495,DC-13,TUGGER,RoboFlow,DC-13-F2,3.5.4,97,85,MAINTENANCE,100,EXPIRING,VALID,ONLINE
RBT-0496,DC-13,FORK_AMR,RoboFlow,DC-13-F1,1.9.1,57,76,DEGRADED,1500,EXPIRING,VALID,ONLINE
RBT-0497,DC-13,TUGGER,RoboFlow,DC-13-F3,3.5.5,14,100,MAINTENANCE,1500,VALID,VALID,ONLINE
RBT-0498,DC-13,PALLET_MOVER,RoboFlow,DC-13-F2,2.7.9,95,79,HEALTHY,500,VALID,VALID,ONLINE
RBT-0499,DC-13,FORK_AMR,RoboFlow,DC-13-F1,1.6.9,11,98,DEGRADED,250,EXPIRING,OVERDUE,ONLINE
RBT-0500,DC-13,TUGGER,RoboFlow,DC-13-F2,3.6.5,79,89,DEGRADED,100,VALID,VALID,OFFLINE
RBT-0501,DC-13,CASE_PICKER,RoboFlow,DC-13-F1,3.4.2,49,73,DEGRADED,500,VALID,VALID,ONLINE
RBT-0502,DC-13,AGV,RoboFlow,DC-13-F2,3.5.8,88,94,HEALTHY,500,VALID,VALID,INTERMITTENT
RBT-0503,DC-13,FORK_AMR,RoboFlow,DC-13-F2,1.6.9,91,95,DEGRADED,100,VALID,VALID,ONLINE
RBT-0504,DC-13,AGV,RoboFlow,DC-13-F1,1.5.2,92,84,HEALTHY,1500,VALID,VALID,ONLINE
RBT-0505,DC-13,TUGGER,RoboFlow,DC-13-F4,3.4.4,48,81,HEALTHY,1500,VALID,VALID,ONLINE
RBT-0506,DC-13,CASE_PICKER,RoboFlow,DC-13-F4,4.4.6,53,99,HEALTHY,250,VALID,VALID,ONLINE
RBT-0507,DC-13,CASE_PICKER,RoboFlow,DC-13-F3,4.1.2,86,95,DEGRADED,1000,VALID,DUE,INTERMITTENT
RBT-0508,DC-13,PALLET_MOVER,RoboFlow,DC-13-F1,1.2.2,24,85,HEALTHY,250,VALID,VALID,ONLINE
RBT-0509,DC-13,AMR,RoboFlow,DC-13-F1,1.0.9,75,70,DEGRADED,1000,VALID,OVERDUE,INTERMITTENT
RBT-0510,DC-13,PALLET_MOVER,RoboFlow,DC-13-F4,1.8.9,37,75,HEALTHY,1000,VALID,OVERDUE,INTERMITTENT
RBT-0511,DC-13,TUGGER,RoboFlow,DC-13-F4,4.7.1,32,75,DEGRADED,1500,VALID,VALID,ONLINE
RBT-0512,DC-13,CASE_PICKER,RoboFlow,DC-13-F3,1.8.2,67,79,HEALTHY,500,VALID,VALID,ONLINE
RBT-0513,DC-13,FORK_AMR,RoboFlow,DC-13-F1,4.1.9,99,80,HEALTHY,1000,VALID,VALID,ONLINE
RBT-0514,DC-13,AGV,RoboFlow,DC-13-F1,2.1.6,97,80,HEALTHY,1500,VALID,VALID,ONLINE
RBT-0515,DC-13,TUGGER,RoboFlow,DC-13-F2,1.0.3,51,81,HEALTHY,1500,VALID,VALID,INTERMITTENT
RBT-0516,DC-13,TUGGER,RoboFlow,DC-13-F2,1.9.2,64,69,HEALTHY,1500,VALID,VALID,ONLINE
RBT-0517,DC-13,CASE_PICKER,RoboFlow,DC-13-F2,4.2.1,97,68,HEALTHY,100,VALID,VALID,ONLINE
RBT-0518,DC-13,FORK_AMR,RoboFlow,DC-13-F1,1.2.0,12,89,HEALTHY,100,VALID,VALID,ONLINE
RBT-0519,DC-13,AGV,RoboFlow,DC-13-F2,4.4.9,15,97,HEALTHY,500,VALID,VALID,ONLINE
RBT-0520,DC-13,PALLET_MOVER,RoboFlow,DC-13-F4,2.5.1,25,99,HEALTHY,1000,VALID,VALID,ONLINE
RBT-0521,DC-13,PALLET_MOVER,RoboFlow,DC-13-F3,4.2.0,67,93,HEALTHY,100,VALID,VALID,ONLINE
RBT-0522,DC-13,TUGGER,RoboFlow,DC-13-F2,2.1.8,49,77,HEALTHY,250,VALID,VALID,ONLINE
RBT-0523,DC-13,AGV,RoboFlow,DC-13-F3,3.6.2,83,86,HEALTHY,250,VALID,VALID,ONLINE
RBT-0524,DC-13,AGV,RoboFlow,DC-13-F2,3.9.0,36,74,HEALTHY,1000,VALID,VALID,ONLINE
RBT-0525,DC-13,CASE_PICKER,RoboFlow,DC-13-F4,3.7.7,37,85,HEALTHY,100,VALID,VALID,ONLINE
RBT-0526,DC-14,AGV,MoveIQ,DC-14-F4,4.9.4,27,74,DEGRADED,250,VALID,VALID,ONLINE
RBT-0527,DC-14,AMR,MoveIQ,DC-14-F4,3.5.4,80,86,HEALTHY,250,VALID,VALID,ONLINE
RBT-0528,DC-14,TUGGER,MoveIQ,DC-14-F3,1.8.8,70,97,HEALTHY,500,VALID,OVERDUE,ONLINE
RBT-0529,DC-14,PALLET_MOVER,MoveIQ,DC-14-F4,4.2.1,81,83,HEALTHY,500,VALID,VALID,OFFLINE
RBT-0530,DC-14,TUGGER,MoveIQ,DC-14-F4,2.5.2,50,77,HEALTHY,250,VALID,VALID,ONLINE
RBT-0531,DC-14,AMR,MoveIQ,DC-14-F2,2.3.2,23,84,HEALTHY,1000,VALID,OVERDUE,INTERMITTENT
RBT-0532,DC-14,AMR,MoveIQ,DC-14-F2,4.5.3,15,99,HEALTHY,250,EXPIRED,DUE,ONLINE
RBT-0533,DC-14,TUGGER,MoveIQ,DC-14-F1,4.7.1,60,88,HEALTHY,100,VALID,VALID,ONLINE
RBT-0534,DC-14,AGV,MoveIQ,DC-14-F2,1.7.3,64,81,MAINTENANCE,500,VALID,VALID,ONLINE
RBT-0535,DC-14,PALLET_MOVER,MoveIQ,DC-14-F1,1.0.6,34,86,HEALTHY,250,VALID,OVERDUE,ONLINE
RBT-0536,DC-14,FORK_AMR,MoveIQ,DC-14-F4,2.5.2,93,95,HEALTHY,500,VALID,VALID,OFFLINE
RBT-0537,DC-14,CASE_PICKER,MoveIQ,DC-14-F4,1.6.3,61,100,DEGRADED,1500,VALID,VALID,ONLINE
RBT-0538,DC-14,AMR,MoveIQ,DC-14-F3,4.9.2,34,82,MAINTENANCE,250,EXPIRING,VALID,ONLINE
RBT-0539,DC-14,PALLET_MOVER,MoveIQ,DC-14-F1,4.0.6,13,91,HEALTHY,250,VALID,VALID,ONLINE
RBT-0540,DC-14,CASE_PICKER,MoveIQ,DC-14-F1,2.2.7,98,77,HEALTHY,250,VALID,VALID,ONLINE
RBT-0541,DC-14,TUGGER,MoveIQ,DC-14-F3,1.1.5,18,84,DEGRADED,500,VALID,VALID,ONLINE
RBT-0542,DC-14,TUGGER,MoveIQ,DC-14-F3,4.7.8,64,100,HEALTHY,100,VALID,VALID,OFFLINE
RBT-0543,DC-14,CASE_PICKER,MoveIQ,DC-14-F4,1.1.0,71,74,HEALTHY,100,VALID,VALID,INTERMITTENT
RBT-0544,DC-14,AMR,MoveIQ,DC-14-F4,1.0.5,73,79,HEALTHY,100,VALID,VALID,ONLINE
RBT-0545,DC-14,TUGGER,MoveIQ,DC-14-F1,1.1.3,23,95,HEALTHY,1000,VALID,OVERDUE,INTERMITTENT
RBT-0546,DC-14,AMR,MoveIQ,DC-14-F4,2.3.2,60,86,HEALTHY,1000,VALID,DUE,ONLINE
RBT-0547,DC-14,AGV,MoveIQ,DC-14-F2,1.0.0,16,85,DEGRADED,1000,VALID,VALID,OFFLINE
RBT-0548,DC-14,FORK_AMR,MoveIQ,DC-14-F4,4.0.7,80,78,HEALTHY,500,EXPIRED,VALID,ONLINE
RBT-0549,DC-14,AMR,MoveIQ,DC-14-F1,1.7.9,71,89,HEALTHY,1000,VALID,VALID,ONLINE
RBT-0550,DC-14,AMR,MoveIQ,DC-14-F1,1.0.9,47,97,HEALTHY,100,VALID,VALID,ONLINE
RBT-0551,DC-14,AGV,MoveIQ,DC-14-F4,4.0.6,55,77,MAINTENANCE,500,VALID,VALID,ONLINE
RBT-0552,DC-14,AGV,MoveIQ,DC-14-F3,3.4.7,57,69,HEALTHY,500,VALID,VALID,ONLINE
RBT-0553,DC-14,CASE_PICKER,MoveIQ,DC-14-F2,2.9.0,80,86,HEALTHY,250,VALID,VALID,ONLINE
RBT-0554,DC-14,PALLET_MOVER,MoveIQ,DC-14-F1,1.3.0,81,89,HEALTHY,100,VALID,VALID,OFFLINE
RBT-0555,DC-14,FORK_AMR,MoveIQ,DC-14-F3,1.5.0,46,69,DEGRADED,1000,VALID,VALID,ONLINE
RBT-0556,DC-14,FORK_AMR,MoveIQ,DC-14-F3,3.0.9,79,69,HEALTHY,100,VALID,VALID,ONLINE
RBT-0557,DC-14,PALLET_MOVER,MoveIQ,DC-14-F2,4.1.4,61,93,HEALTHY,1500,VALID,VALID,ONLINE
RBT-0558,DC-14,AGV,MoveIQ,DC-14-F2,4.1.9,43,83,HEALTHY,100,EXPIRED,VALID,ONLINE
RBT-0559,DC-14,TUGGER,MoveIQ,DC-14-F3,1.9.9,41,95,HEALTHY,100,VALID,DUE,ONLINE
RBT-0560,DC-14,TUGGER,MoveIQ,DC-14-F4,3.0.0,40,95,HEALTHY,100,VALID,VALID,ONLINE
RBT-0561,DC-14,AMR,MoveIQ,DC-14-F3,2.0.8,81,83,HEALTHY,100,VALID,VALID,ONLINE
RBT-0562,DC-14,PALLET_MOVER,MoveIQ,DC-14-F4,4.8.6,19,96,HEALTHY,250,VALID,VALID,ONLINE
RBT-0563,DC-14,AMR,MoveIQ,DC-14-F4,4.0.7,69,83,HEALTHY,1500,VALID,VALID,INTERMITTENT
RBT-0564,DC-14,TUGGER,MoveIQ,DC-14-F2,3.3.4,78,84,HEALTHY,100,VALID,VALID,ONLINE
RBT-0565,DC-14,TUGGER,MoveIQ,DC-14-F3,4.5.0,97,85,HEALTHY,500,EXPIRING,DUE,ONLINE
RBT-0566,DC-15,TUGGER,LegacyAGV,DC-15-F2,1.9.4,99,83,MAINTENANCE,1000,VALID,VALID,ONLINE
RBT-0567,DC-15,FORK_AMR,LegacyAGV,DC-15-F2,1.7.9,86,76,HEALTHY,1500,VALID,VALID,OFFLINE
RBT-0568,DC-15,FORK_AMR,LegacyAGV,DC-15-F2,1.4.0,55,96,DEGRADED,100,VALID,VALID,ONLINE
RBT-0569,DC-15,AMR,LegacyAGV,DC-15-F3,2.6.5,69,69,HEALTHY,500,EXPIRING,VALID,ONLINE
RBT-0570,DC-15,TUGGER,LegacyAGV,DC-15-F4,1.7.0,32,83,DEGRADED,1500,VALID,VALID,ONLINE
RBT-0571,DC-15,CASE_PICKER,LegacyAGV,DC-15-F1,2.4.3,35,94,HEALTHY,1000,VALID,VALID,ONLINE
RBT-0572,DC-15,FORK_AMR,LegacyAGV,DC-15-F2,2.2.1,98,84,HEALTHY,250,VALID,VALID,INTERMITTENT
RBT-0573,DC-15,AMR,LegacyAGV,DC-15-F4,1.3.2,41,72,HEALTHY,500,VALID,DUE,ONLINE
RBT-0574,DC-15,AMR,LegacyAGV,DC-15-F3,3.7.0,27,83,DEGRADED,500,VALID,DUE,ONLINE
RBT-0575,DC-15,AGV,LegacyAGV,DC-15-F1,4.0.7,73,88,HEALTHY,1500,VALID,VALID,ONLINE
RBT-0576,DC-15,CASE_PICKER,LegacyAGV,DC-15-F3,2.1.5,53,87,MAINTENANCE,1500,VALID,OVERDUE,ONLINE
RBT-0577,DC-15,AGV,LegacyAGV,DC-15-F4,1.4.4,100,76,HEALTHY,500,VALID,VALID,ONLINE
RBT-0578,DC-15,FORK_AMR,LegacyAGV,DC-15-F4,2.0.2,34,75,HEALTHY,1500,VALID,DUE,ONLINE
RBT-0579,DC-15,AGV,LegacyAGV,DC-15-F2,2.1.1,83,83,MAINTENANCE,1000,VALID,DUE,ONLINE
RBT-0580,DC-15,PALLET_MOVER,LegacyAGV,DC-15-F2,4.9.7,49,70,MAINTENANCE,250,VALID,VALID,ONLINE
RBT-0581,DC-15,AGV,LegacyAGV,DC-15-F4,4.0.1,38,70,HEALTHY,1000,VALID,DUE,ONLINE
RBT-0582,DC-15,CASE_PICKER,LegacyAGV,DC-15-F3,4.3.0,74,96,HEALTHY,1000,VALID,DUE,INTERMITTENT
RBT-0583,DC-15,CASE_PICKER,LegacyAGV,DC-15-F4,3.0.4,82,97,HEALTHY,250,VALID,VALID,ONLINE
RBT-0584,DC-15,AGV,LegacyAGV,DC-15-F4,2.9.7,34,69,HEALTHY,500,EXPIRING,VALID,ONLINE
RBT-0585,DC-15,CASE_PICKER,LegacyAGV,DC-15-F3,1.5.2,65,85,DEGRADED,1500,VALID,VALID,ONLINE
RBT-0586,DC-15,CASE_PICKER,LegacyAGV,DC-15-F4,4.7.8,58,89,MAINTENANCE,250,VALID,VALID,ONLINE
RBT-0587,DC-15,TUGGER,LegacyAGV,DC-15-F3,3.6.5,52,87,MAINTENANCE,100,VALID,VALID,ONLINE
RBT-0588,DC-15,PALLET_MOVER,LegacyAGV,DC-15-F3,3.2.7,95,81,HEALTHY,1000,VALID,VALID,ONLINE
RBT-0589,DC-15,AMR,LegacyAGV,DC-15-F3,2.3.3,87,77,DEGRADED,1000,VALID,OVERDUE,ONLINE
RBT-0590,DC-15,PALLET_MOVER,LegacyAGV,DC-15-F2,4.4.0,91,92,HEALTHY,250,VALID,VALID,ONLINE
RBT-0591,DC-15,PALLET_MOVER,LegacyAGV,DC-15-F2,1.3.9,61,95,DEGRADED,250,VALID,VALID,INTERMITTENT
RBT-0592,DC-15,AMR,LegacyAGV,DC-15-F3,2.6.6,66,96,HEALTHY,1500,EXPIRED,VALID,INTERMITTENT
RBT-0593,DC-15,AMR,LegacyAGV,DC-15-F2,1.3.6,37,72,HEALTHY,250,EXPIRING,VALID,ONLINE
RBT-0594,DC-15,AGV,LegacyAGV,DC-15-F1,4.8.6,71,81,DEGRADED,1500,VALID,VALID,ONLINE
RBT-0595,DC-16,FORK_AMR,FleetOne,DC-16-F4,4.7.6,58,77,MAINTENANCE,100,VALID,VALID,ONLINE
RBT-0596,DC-16,AGV,FleetOne,DC-16-F2,4.0.0,26,69,DEGRADED,100,VALID,VALID,ONLINE
RBT-0597,DC-16,AGV,FleetOne,DC-16-F3,4.8.8,86,85,HEALTHY,1000,VALID,VALID,ONLINE
RBT-0598,DC-16,CASE_PICKER,FleetOne,DC-16-F1,2.3.5,54,73,DEGRADED,100,VALID,VALID,ONLINE
RBT-0599,DC-16,PALLET_MOVER,FleetOne,DC-16-F2,4.1.9,52,85,HEALTHY,500,VALID,DUE,INTERMITTENT
RBT-0600,DC-16,CASE_PICKER,FleetOne,DC-16-F1,2.9.8,29,100,HEALTHY,500,VALID,VALID,ONLINE
RBT-0601,DC-16,CASE_PICKER,FleetOne,DC-16-F4,3.6.0,8,78,HEALTHY,1000,VALID,VALID,ONLINE
RBT-0602,DC-16,AMR,FleetOne,DC-16-F3,3.5.7,20,99,MAINTENANCE,100,VALID,OVERDUE,ONLINE
RBT-0603,DC-16,AMR,FleetOne,DC-16-F4,2.3.0,73,91,HEALTHY,250,VALID,VALID,ONLINE
RBT-0604,DC-16,CASE_PICKER,FleetOne,DC-16-F1,1.7.5,90,97,HEALTHY,500,VALID,VALID,ONLINE
RBT-0605,DC-16,PALLET_MOVER,FleetOne,DC-16-F1,4.2.9,68,85,HEALTHY,500,VALID,VALID,ONLINE
RBT-0606,DC-16,TUGGER,FleetOne,DC-16-F1,2.1.2,56,90,HEALTHY,500,VALID,VALID,ONLINE
RBT-0607,DC-16,FORK_AMR,FleetOne,DC-16-F2,4.2.2,19,98,HEALTHY,100,EXPIRING,VALID,ONLINE
RBT-0608,DC-16,CASE_PICKER,FleetOne,DC-16-F2,1.0.8,52,80,HEALTHY,100,VALID,DUE,ONLINE
RBT-0609,DC-16,PALLET_MOVER,FleetOne,DC-16-F2,1.7.0,16,86,DEGRADED,100,VALID,VALID,ONLINE
RBT-0610,DC-16,AMR,FleetOne,DC-16-F3,3.6.7,16,92,HEALTHY,1500,VALID,VALID,ONLINE
RBT-0611,DC-16,TUGGER,FleetOne,DC-16-F4,2.4.0,26,75,HEALTHY,1500,VALID,VALID,INTERMITTENT
RBT-0612,DC-16,PALLET_MOVER,FleetOne,DC-16-F1,2.3.6,57,79,HEALTHY,500,EXPIRING,VALID,ONLINE
RBT-0613,DC-16,CASE_PICKER,FleetOne,DC-16-F1,1.9.4,82,91,HEALTHY,250,VALID,VALID,INTERMITTENT
RBT-0614,DC-16,TUGGER,FleetOne,DC-16-F4,4.0.6,49,78,HEALTHY,500,EXPIRING,VALID,ONLINE
RBT-0615,DC-16,PALLET_MOVER,FleetOne,DC-16-F3,4.5.3,98,80,MAINTENANCE,250,VALID,VALID,ONLINE
RBT-0616,DC-16,AMR,FleetOne,DC-16-F1,2.7.7,50,90,HEALTHY,1000,VALID,OVERDUE,INTERMITTENT
RBT-0617,DC-16,TUGGER,FleetOne,DC-16-F3,3.6.6,33,98,HEALTHY,1500,VALID,OVERDUE,ONLINE
RBT-0618,DC-16,AGV,FleetOne,DC-16-F1,2.4.2,25,71,HEALTHY,1500,VALID,VALID,ONLINE
RBT-0619,DC-16,CASE_PICKER,FleetOne,DC-16-F4,2.6.2,68,72,MAINTENANCE,1000,VALID,VALID,INTERMITTENT
RBT-0620,DC-16,FORK_AMR,FleetOne,DC-16-F1,4.8.8,57,71,HEALTHY,500,VALID,VALID,ONLINE
RBT-0621,DC-16,PALLET_MOVER,FleetOne,DC-16-F2,2.2.8,9,68,MAINTENANCE,500,VALID,OVERDUE,ONLINE
RBT-0622,DC-16,TUGGER,FleetOne,DC-16-F3,2.2.4,30,95,HEALTHY,250,VALID,VALID,ONLINE
RBT-0623,DC-16,PALLET_MOVER,FleetOne,DC-16-F4,3.1.3,38,86,HEALTHY,1000,VALID,DUE,ONLINE
RBT-0624,DC-16,TUGGER,FleetOne,DC-16-F1,3.4.5,19,69,DEGRADED,1000,VALID,DUE,ONLINE
RBT-0625,DC-16,PALLET_MOVER,FleetOne,DC-16-F2,1.1.8,38,91,DEGRADED,1000,VALID,VALID,ONLINE
RBT-0626,DC-16,AGV,FleetOne,DC-16-F1,1.2.8,68,100,HEALTHY,500,VALID,VALID,INTERMITTENT
RBT-0627,DC-16,TUGGER,FleetOne,DC-16-F4,3.8.2,87,92,HEALTHY,1500,VALID,VALID,ONLINE
RBT-0628,DC-16,TUGGER,FleetOne,DC-16-F3,4.1.5,26,75,HEALTHY,1000,VALID,VALID,ONLINE
RBT-0629,DC-16,AMR,FleetOne,DC-16-F3,2.7.4,25,85,HEALTHY,100,VALID,VALID,ONLINE
RBT-0630,DC-16,FORK_AMR,FleetOne,DC-16-F3,3.1.8,65,84,HEALTHY,1500,VALID,VALID,ONLINE
RBT-0631,DC-16,AMR,FleetOne,DC-16-F4,4.7.4,94,92,HEALTHY,100,VALID,VALID,ONLINE
RBT-0632,DC-16,AMR,FleetOne,DC-16-F1,3.4.1,32,75,HEALTHY,1000,VALID,VALID,INTERMITTENT
RBT-0633,DC-17,AMR,RoboFlow,DC-17-F4,1.4.1,41,93,HEALTHY,250,EXPIRING,VALID,ONLINE
RBT-0634,DC-17,CASE_PICKER,RoboFlow,DC-17-F1,4.9.3,13,70,HEALTHY,1500,VALID,VALID,ONLINE
RBT-0635,DC-17,CASE_PICKER,RoboFlow,DC-17-F4,3.2.6,12,89,DEGRADED,1500,VALID,VALID,ONLINE
RBT-0636,DC-17,TUGGER,RoboFlow,DC-17-F1,1.7.5,49,82,MAINTENANCE,500,VALID,VALID,ONLINE
RBT-0637,DC-17,TUGGER,RoboFlow,DC-17-F2,2.0.2,87,76,DEGRADED,100,VALID,VALID,ONLINE
RBT-0638,DC-17,AGV,RoboFlow,DC-17-F3,4.2.9,65,83,MAINTENANCE,500,VALID,VALID,INTERMITTENT
RBT-0639,DC-17,PALLET_MOVER,RoboFlow,DC-17-F1,4.9.9,56,85,HEALTHY,100,VALID,DUE,ONLINE
RBT-0640,DC-17,CASE_PICKER,RoboFlow,DC-17-F4,2.7.6,77,89,HEALTHY,1000,VALID,VALID,ONLINE
RBT-0641,DC-17,TUGGER,RoboFlow,DC-17-F1,2.0.7,88,82,HEALTHY,500,VALID,VALID,ONLINE
RBT-0642,DC-17,AGV,RoboFlow,DC-17-F4,2.4.1,100,68,HEALTHY,1500,VALID,VALID,INTERMITTENT
RBT-0643,DC-17,AMR,RoboFlow,DC-17-F2,2.5.7,32,78,DEGRADED,250,VALID,VALID,ONLINE
RBT-0644,DC-17,CASE_PICKER,RoboFlow,DC-17-F4,4.8.8,10,100,DEGRADED,250,VALID,OVERDUE,ONLINE
RBT-0645,DC-17,AMR,RoboFlow,DC-17-F3,2.2.1,52,99,HEALTHY,1000,VALID,VALID,ONLINE
RBT-0646,DC-17,FORK_AMR,RoboFlow,DC-17-F2,1.5.8,100,83,HEALTHY,1000,EXPIRING,VALID,ONLINE
RBT-0647,DC-17,CASE_PICKER,RoboFlow,DC-17-F4,4.7.0,69,96,DEGRADED,1500,VALID,VALID,ONLINE
RBT-0648,DC-17,FORK_AMR,RoboFlow,DC-17-F1,3.5.6,49,80,HEALTHY,100,VALID,VALID,ONLINE
RBT-0649,DC-17,FORK_AMR,RoboFlow,DC-17-F2,3.1.6,38,80,HEALTHY,1500,VALID,VALID,ONLINE
RBT-0650,DC-17,AMR,RoboFlow,DC-17-F1,1.4.8,73,100,HEALTHY,1500,VALID,VALID,OFFLINE
RBT-0651,DC-17,AMR,RoboFlow,DC-17-F4,1.7.0,79,99,DEGRADED,1500,EXPIRED,VALID,ONLINE
RBT-0652,DC-17,PALLET_MOVER,RoboFlow,DC-17-F2,1.7.5,96,69,MAINTENANCE,1500,VALID,VALID,ONLINE
RBT-0653,DC-17,PALLET_MOVER,RoboFlow,DC-17-F1,3.1.2,36,69,HEALTHY,500,EXPIRED,VALID,ONLINE
RBT-0654,DC-17,TUGGER,RoboFlow,DC-17-F3,2.0.0,73,97,MAINTENANCE,250,VALID,VALID,ONLINE
RBT-0655,DC-17,PALLET_MOVER,RoboFlow,DC-17-F3,3.9.8,83,90,HEALTHY,250,VALID,VALID,ONLINE
RBT-0656,DC-17,TUGGER,RoboFlow,DC-17-F1,4.4.3,71,92,HEALTHY,500,VALID,DUE,ONLINE
RBT-0657,DC-17,FORK_AMR,RoboFlow,DC-17-F1,2.4.6,24,94,HEALTHY,500,EXPIRING,VALID,ONLINE
RBT-0658,DC-17,CASE_PICKER,RoboFlow,DC-17-F2,4.1.9,75,68,MAINTENANCE,100,VALID,VALID,ONLINE
RBT-0659,DC-17,FORK_AMR,RoboFlow,DC-17-F1,1.7.0,62,90,HEALTHY,100,VALID,VALID,ONLINE
RBT-0660,DC-17,FORK_AMR,RoboFlow,DC-17-F2,3.3.7,58,100,DEGRADED,1500,VALID,VALID,ONLINE
RBT-0661,DC-17,CASE_PICKER,RoboFlow,DC-17-F2,2.1.0,34,72,HEALTHY,1500,VALID,VALID,INTERMITTENT
RBT-0662,DC-17,CASE_PICKER,RoboFlow,DC-17-F3,4.3.0,81,96,HEALTHY,1000,VALID,VALID,ONLINE
RBT-0663,DC-17,PALLET_MOVER,RoboFlow,DC-17-F4,4.3.9,65,74,HEALTHY,1000,EXPIRING,VALID,ONLINE
RBT-0664,DC-17,AGV,RoboFlow,DC-17-F2,4.0.1,80,100,HEALTHY,500,VALID,VALID,ONLINE
RBT-0665,DC-17,FORK_AMR,RoboFlow,DC-17-F4,3.7.6,32,91,DEGRADED,100,EXPIRING,VALID,OFFLINE
RBT-0666,DC-17,CASE_PICKER,RoboFlow,DC-17-F4,2.5.5,86,68,HEALTHY,1000,VALID,OVERDUE,ONLINE
RBT-0667,DC-17,AGV,RoboFlow,DC-17-F3,2.3.0,57,75,HEALTHY,1000,EXPIRING,VALID,ONLINE
RBT-0668,DC-18,CASE_PICKER,MoveIQ,DC-18-F4,4.9.6,63,90,HEALTHY,1000,EXPIRED,VALID,ONLINE
RBT-0669,DC-18,FORK_AMR,MoveIQ,DC-18-F2,4.8.0,57,75,DEGRADED,1500,VALID,DUE,ONLINE
RBT-0670,DC-18,FORK_AMR,MoveIQ,DC-18-F1,4.8.9,67,90,HEALTHY,1000,VALID,VALID,ONLINE
RBT-0671,DC-18,CASE_PICKER,MoveIQ,DC-18-F3,4.8.3,54,68,MAINTENANCE,1500,VALID,VALID,OFFLINE
RBT-0672,DC-18,PALLET_MOVER,MoveIQ,DC-18-F4,4.8.2,83,73,HEALTHY,1000,VALID,VALID,ONLINE
RBT-0673,DC-18,AMR,MoveIQ,DC-18-F2,4.9.1,85,87,HEALTHY,500,VALID,VALID,ONLINE
RBT-0674,DC-18,PALLET_MOVER,MoveIQ,DC-18-F3,2.0.9,14,85,HEALTHY,1500,VALID,VALID,ONLINE
RBT-0675,DC-18,PALLET_MOVER,MoveIQ,DC-18-F3,1.4.9,13,93,HEALTHY,250,VALID,VALID,ONLINE
RBT-0676,DC-18,TUGGER,MoveIQ,DC-18-F4,3.8.8,9,69,HEALTHY,500,VALID,DUE,ONLINE
RBT-0677,DC-18,PALLET_MOVER,MoveIQ,DC-18-F1,4.9.5,59,85,HEALTHY,500,VALID,DUE,ONLINE
RBT-0678,DC-18,FORK_AMR,MoveIQ,DC-18-F3,1.0.5,76,97,HEALTHY,100,VALID,VALID,ONLINE
RBT-0679,DC-18,PALLET_MOVER,MoveIQ,DC-18-F4,1.0.9,51,87,HEALTHY,1500,VALID,VALID,ONLINE
RBT-0680,DC-18,AMR,MoveIQ,DC-18-F3,3.8.1,85,74,HEALTHY,500,VALID,VALID,ONLINE
RBT-0681,DC-18,TUGGER,MoveIQ,DC-18-F2,1.6.2,100,77,DEGRADED,1500,VALID,VALID,ONLINE
RBT-0682,DC-18,AMR,MoveIQ,DC-18-F4,3.3.4,75,83,HEALTHY,250,VALID,VALID,ONLINE
RBT-0683,DC-18,FORK_AMR,MoveIQ,DC-18-F3,1.5.1,92,84,HEALTHY,500,VALID,VALID,ONLINE
RBT-0684,DC-18,FORK_AMR,MoveIQ,DC-18-F2,3.2.3,19,71,HEALTHY,1000,EXPIRING,VALID,ONLINE
RBT-0685,DC-18,FORK_AMR,MoveIQ,DC-18-F3,1.5.7,64,68,HEALTHY,500,VALID,VALID,ONLINE
RBT-0686,DC-18,AMR,MoveIQ,DC-18-F2,1.7.0,26,88,HEALTHY,1000,VALID,VALID,ONLINE
RBT-0687,DC-18,CASE_PICKER,MoveIQ,DC-18-F1,4.0.2,33,76,HEALTHY,500,VALID,DUE,ONLINE
RBT-0688,DC-18,PALLET_MOVER,MoveIQ,DC-18-F3,4.8.5,32,75,HEALTHY,100,VALID,DUE,ONLINE
RBT-0689,DC-18,AMR,MoveIQ,DC-18-F2,2.8.9,63,97,HEALTHY,1500,VALID,VALID,ONLINE
RBT-0690,DC-18,PALLET_MOVER,MoveIQ,DC-18-F2,2.2.8,62,86,HEALTHY,500,VALID,VALID,ONLINE
RBT-0691,DC-18,CASE_PICKER,MoveIQ,DC-18-F2,3.3.8,93,98,HEALTHY,100,VALID,VALID,ONLINE
RBT-0692,DC-18,CASE_PICKER,MoveIQ,DC-18-F3,1.4.2,76,99,HEALTHY,500,VALID,VALID,ONLINE
RBT-0693,DC-18,TUGGER,MoveIQ,DC-18-F2,3.4.0,99,98,HEALTHY,250,VALID,OVERDUE,ONLINE
RBT-0694,DC-18,TUGGER,MoveIQ,DC-18-F4,2.9.7,73,85,HEALTHY,250,EXPIRED,VALID,ONLINE
RBT-0695,DC-18,FORK_AMR,MoveIQ,DC-18-F1,3.7.9,45,86,HEALTHY,500,VALID,DUE,ONLINE
RBT-0696,DC-18,AMR,MoveIQ,DC-18-F1,4.5.1,35,70,HEALTHY,100,VALID,VALID,ONLINE
RBT-0697,DC-18,AGV,MoveIQ,DC-18-F4,2.2.3,58,98,HEALTHY,250,VALID,VALID,INTERMITTENT
RBT-0698,DC-18,AMR,MoveIQ,DC-18-F3,4.5.7,24,81,HEALTHY,1000,VALID,VALID,ONLINE
RBT-0699,DC-18,AGV,MoveIQ,DC-18-F2,1.4.0,85,100,HEALTHY,100,VALID,DUE,ONLINE
RBT-0700,DC-18,FORK_AMR,MoveIQ,DC-18-F1,1.5.6,47,78,HEALTHY,1500,VALID,VALID,ONLINE
RBT-0701,DC-18,CASE_PICKER,MoveIQ,DC-18-F1,1.7.5,94,69,MAINTENANCE,100,VALID,DUE,ONLINE
RBT-0702,DC-18,FORK_AMR,MoveIQ,DC-18-F4,1.6.3,24,80,MAINTENANCE,1000,VALID,VALID,ONLINE
RBT-0703,DC-18,PALLET_MOVER,MoveIQ,DC-18-F4,2.9.6,83,83,MAINTENANCE,1000,VALID,VALID,ONLINE
RBT-0704,DC-18,AMR,MoveIQ,DC-18-F4,2.5.8,39,70,HEALTHY,500,VALID,VALID,ONLINE
RBT-0705,DC-18,FORK_AMR,MoveIQ,DC-18-F2,1.5.0,50,90,DEGRADED,250,VALID,VALID,ONLINE
RBT-0706,DC-18,CASE_PICKER,MoveIQ,DC-18-F4,4.1.4,95,77,HEALTHY,1000,VALID,OVERDUE,ONLINE
RBT-0707,DC-18,PALLET_MOVER,MoveIQ,DC-18-F1,2.6.8,26,80,HEALTHY,100,EXPIRING,OVERDUE,ONLINE
RBT-0708,DC-18,FORK_AMR,MoveIQ,DC-18-F1,4.6.5,77,82,MAINTENANCE,1500,VALID,OVERDUE,ONLINE
RBT-0709,DC-18,TUGGER,MoveIQ,DC-18-F3,2.0.6,53,69,HEALTHY,1000,VALID,VALID,ONLINE
RBT-0710,DC-18,TUGGER,MoveIQ,DC-18-F2,1.4.9,19,89,DEGRADED,100,VALID,VALID,ONLINE
RBT-0711,DC-18,AGV,MoveIQ,DC-18-F1,3.8.2,68,89,HEALTHY,250,VALID,DUE,ONLINE
RBT-0712,DC-18,PALLET_MOVER,MoveIQ,DC-18-F2,4.4.4,57,95,HEALTHY,100,VALID,VALID,ONLINE
