warehouse_id,event_id,event_time,event_type,zone,severity,resolved,source
DC-01,SAFE-DC-01-000,2026-08-22T03:42:00,SCANNER_FAULT,DC-01-Z01,MEDIUM,N,VISION
DC-01,SAFE-DC-01-001,2026-08-29T10:31:00,NEAR_MISS,DC-01-Z05,MEDIUM,Y,OPERATOR
DC-01,SAFE-DC-01-002,2026-08-18T05:05:00,E_STOP,DC-01-Z09,CRITICAL,Y,VISION
DC-01,SAFE-DC-01-003,2026-08-08T10:02:00,E_STOP,DC-01-Z01,HIGH,N,OPERATOR
DC-01,SAFE-DC-01-004,2026-09-03T09:02:00,ZONE_BREACH,DC-01-Z12,MEDIUM,Y,SAFETY_PLC
DC-01,SAFE-DC-01-005,2026-08-25T13:07:00,NEAR_MISS,DC-01-Z11,CRITICAL,Y,OPERATOR
DC-01,SAFE-DC-01-006,2026-08-25T20:20:00,SPEED_REDUCTION,DC-01-Z04,HIGH,Y,VISION
DC-01,SAFE-DC-01-007,2026-08-16T22:01:00,ZONE_BREACH,DC-01-Z10,HIGH,Y,SAFETY_PLC
DC-01,SAFE-DC-01-008,2026-09-01T01:17:00,E_STOP,DC-01-Z09,HIGH,N,FLEET
DC-01,SAFE-DC-01-009,2026-08-19T07:44:00,SCANNER_FAULT,DC-01-Z08,CRITICAL,Y,FLEET
DC-01,SAFE-DC-01-010,2026-09-01T23:34:00,SPEED_REDUCTION,DC-01-Z03,CRITICAL,Y,SAFETY_PLC
DC-01,SAFE-DC-01-011,2026-08-06T19:27:00,SPEED_REDUCTION,DC-01-Z07,LOW,Y,VISION
DC-01,SAFE-DC-01-012,2026-08-23T12:25:00,E_STOP,DC-01-Z09,CRITICAL,N,FLEET
DC-01,SAFE-DC-01-013,2026-08-03T18:17:00,SCANNER_FAULT,DC-01-Z02,MEDIUM,N,OPERATOR
DC-01,SAFE-DC-01-014,2026-08-30T21:23:00,MANUAL_OVERRIDE,DC-01-Z05,CRITICAL,Y,FLEET
DC-01,SAFE-DC-01-015,2026-09-01T22:04:00,SPEED_REDUCTION,DC-01-Z06,HIGH,Y,SAFETY_PLC
DC-01,SAFE-DC-01-016,2026-08-13T16:23:00,E_STOP,DC-01-Z10,HIGH,Y,SAFETY_PLC
DC-01,SAFE-DC-01-017,2026-09-03T12:45:00,SCANNER_FAULT,DC-01-Z12,MEDIUM,Y,VISION
DC-01,SAFE-DC-01-018,2026-08-28T04:20:00,NEAR_MISS,DC-01-Z04,MEDIUM,Y,SAFETY_PLC
DC-01,SAFE-DC-01-019,2026-08-10T18:55:00,MANUAL_OVERRIDE,DC-01-Z11,LOW,Y,SAFETY_PLC
DC-01,SAFE-DC-01-020,2026-08-30T07:05:00,SPEED_REDUCTION,DC-01-Z02,MEDIUM,Y,OPERATOR
DC-01,SAFE-DC-01-021,2026-08-07T05:52:00,E_STOP,DC-01-Z04,LOW,N,OPERATOR
DC-01,SAFE-DC-01-022,2026-09-04T10:14:00,SPEED_REDUCTION,DC-01-Z11,LOW,Y,VISION
DC-01,SAFE-DC-01-023,2026-08-17T23:41:00,MANUAL_OVERRIDE,DC-01-Z09,LOW,Y,VISION
DC-01,SAFE-DC-01-024,2026-08-11T18:38:00,NEAR_MISS,DC-01-Z10,LOW,N,FLEET
DC-01,SAFE-DC-01-025,2026-08-30T19:46:00,NEAR_MISS,DC-01-Z02,HIGH,N,OPERATOR
DC-01,SAFE-DC-01-026,2026-08-18T00:41:00,E_STOP,DC-01-Z04,HIGH,Y,FLEET
DC-01,SAFE-DC-01-027,2026-08-27T18:18:00,E_STOP,DC-01-Z08,CRITICAL,Y,SAFETY_PLC
DC-01,SAFE-DC-01-028,2026-08-06T16:47:00,NEAR_MISS,DC-01-Z07,LOW,Y,VISION
DC-01,SAFE-DC-01-029,2026-08-29T16:44:00,SCANNER_FAULT,DC-01-Z05,LOW,Y,FLEET
DC-01,SAFE-DC-01-030,2026-08-15T04:04:00,MANUAL_OVERRIDE,DC-01-Z12,MEDIUM,N,FLEET
DC-01,SAFE-DC-01-031,2026-08-21T18:28:00,NEAR_MISS,DC-01-Z06,CRITICAL,Y,SAFETY_PLC
DC-01,SAFE-DC-01-032,2026-08-05T13:51:00,MANUAL_OVERRIDE,DC-01-Z03,CRITICAL,Y,FLEET
DC-01,SAFE-DC-01-033,2026-08-01T07:48:00,SCANNER_FAULT,DC-01-Z03,HIGH,Y,OPERATOR
DC-01,SAFE-DC-01-034,2026-08-22T16:49:00,MANUAL_OVERRIDE,DC-01-Z10,LOW,N,VISION
DC-01,SAFE-DC-01-035,2026-08-08T21:25:00,MANUAL_OVERRIDE,DC-01-Z09,MEDIUM,Y,OPERATOR
DC-01,SAFE-DC-01-036,2026-08-28T18:09:00,MANUAL_OVERRIDE,DC-01-Z06,HIGH,N,OPERATOR
DC-01,SAFE-DC-01-037,2026-09-03T13:35:00,NEAR_MISS,DC-01-Z12,LOW,Y,OPERATOR
DC-01,SAFE-DC-01-038,2026-08-25T20:46:00,NEAR_MISS,DC-01-Z10,CRITICAL,Y,FLEET
DC-01,SAFE-DC-01-039,2026-09-01T16:40:00,SCANNER_FAULT,DC-01-Z06,CRITICAL,Y,OPERATOR
DC-01,SAFE-DC-01-040,2026-08-17T02:25:00,SPEED_REDUCTION,DC-01-Z07,HIGH,Y,SAFETY_PLC
DC-01,SAFE-DC-01-041,2026-08-07T04:57:00,ZONE_BREACH,DC-01-Z08,HIGH,Y,FLEET
DC-01,SAFE-DC-01-042,2026-08-18T17:56:00,E_STOP,DC-01-Z03,MEDIUM,N,FLEET
DC-01,SAFE-DC-01-043,2026-08-22T22:25:00,MANUAL_OVERRIDE,DC-01-Z05,LOW,N,SAFETY_PLC
DC-01,SAFE-DC-01-044,2026-08-21T21:48:00,ZONE_BREACH,DC-01-Z10,HIGH,Y,VISION
DC-01,SAFE-DC-01-045,2026-08-17T02:17:00,ZONE_BREACH,DC-01-Z05,LOW,Y,FLEET
DC-01,SAFE-DC-01-046,2026-08-16T16:24:00,ZONE_BREACH,DC-01-Z03,LOW,Y,VISION
DC-01,SAFE-DC-01-047,2026-09-01T15:26:00,ZONE_BREACH,DC-01-Z05,CRITICAL,N,SAFETY_PLC
DC-01,SAFE-DC-01-048,2026-08-01T20:55:00,SCANNER_FAULT,DC-01-Z11,MEDIUM,Y,OPERATOR
DC-01,SAFE-DC-01-049,2026-09-03T12:03:00,SCANNER_FAULT,DC-01-Z04,MEDIUM,Y,FLEET
DC-01,SAFE-DC-01-050,2026-08-15T12:01:00,NEAR_MISS,DC-01-Z12,MEDIUM,Y,OPERATOR
DC-01,SAFE-DC-01-051,2026-08-30T02:14:00,SCANNER_FAULT,DC-01-Z08,LOW,Y,SAFETY_PLC
DC-01,SAFE-DC-01-052,2026-08-13T18:39:00,SCANNER_FAULT,DC-01-Z12,CRITICAL,Y,VISION
DC-01,SAFE-DC-01-053,2026-08-22T01:14:00,SPEED_REDUCTION,DC-01-Z10,MEDIUM,Y,SAFETY_PLC
DC-01,SAFE-DC-01-054,2026-08-02T19:47:00,SCANNER_FAULT,DC-01-Z04,CRITICAL,Y,VISION
DC-01,SAFE-DC-01-055,2026-08-10T03:04:00,SPEED_REDUCTION,DC-01-Z03,HIGH,Y,VISION
DC-01,SAFE-DC-01-056,2026-08-27T05:54:00,SCANNER_FAULT,DC-01-Z10,CRITICAL,Y,VISION
DC-01,SAFE-DC-01-057,2026-09-04T12:15:00,MANUAL_OVERRIDE,DC-01-Z05,CRITICAL,Y,OPERATOR
DC-01,SAFE-DC-01-058,2026-08-10T14:38:00,SPEED_REDUCTION,DC-01-Z07,CRITICAL,Y,OPERATOR
DC-01,SAFE-DC-01-059,2026-09-04T18:11:00,SPEED_REDUCTION,DC-01-Z07,LOW,Y,FLEET
DC-01,SAFE-DC-01-060,2026-08-05T17:01:00,ZONE_BREACH,DC-01-Z07,CRITICAL,Y,FLEET
DC-01,SAFE-DC-01-061,2026-08-13T07:58:00,MANUAL_OVERRIDE,DC-01-Z03,HIGH,Y,OPERATOR
DC-01,SAFE-DC-01-062,2026-08-21T19:32:00,SPEED_REDUCTION,DC-01-Z01,MEDIUM,Y,SAFETY_PLC
DC-01,SAFE-DC-01-063,2026-08-14T23:51:00,MANUAL_OVERRIDE,DC-01-Z10,HIGH,Y,FLEET
DC-01,SAFE-DC-01-064,2026-08-01T15:26:00,MANUAL_OVERRIDE,DC-01-Z06,CRITICAL,Y,SAFETY_PLC
DC-02,SAFE-DC-02-000,2026-09-04T10:20:00,E_STOP,DC-02-Z10,HIGH,Y,OPERATOR
DC-02,SAFE-DC-02-001,2026-09-03T00:30:00,E_STOP,DC-02-Z06,CRITICAL,Y,SAFETY_PLC
DC-02,SAFE-DC-02-002,2026-08-18T01:54:00,NEAR_MISS,DC-02-Z07,LOW,Y,FLEET
DC-02,SAFE-DC-02-003,2026-08-13T20:07:00,ZONE_BREACH,DC-02-Z03,HIGH,Y,SAFETY_PLC
DC-02,SAFE-DC-02-004,2026-08-03T07:14:00,ZONE_BREACH,DC-02-Z04,MEDIUM,Y,SAFETY_PLC
DC-02,SAFE-DC-02-005,2026-08-02T06:41:00,ZONE_BREACH,DC-02-Z09,CRITICAL,Y,OPERATOR
DC-02,SAFE-DC-02-006,2026-08-28T00:08:00,MANUAL_OVERRIDE,DC-02-Z01,HIGH,N,OPERATOR
DC-02,SAFE-DC-02-007,2026-08-22T20:15:00,NEAR_MISS,DC-02-Z10,MEDIUM,Y,OPERATOR
DC-02,SAFE-DC-02-008,2026-08-09T18:15:00,NEAR_MISS,DC-02-Z11,LOW,Y,SAFETY_PLC
DC-02,SAFE-DC-02-009,2026-08-05T22:10:00,SPEED_REDUCTION,DC-02-Z03,LOW,Y,OPERATOR
DC-02,SAFE-DC-02-010,2026-08-08T12:45:00,E_STOP,DC-02-Z03,MEDIUM,Y,SAFETY_PLC
DC-02,SAFE-DC-02-011,2026-08-27T10:45:00,SPEED_REDUCTION,DC-02-Z09,MEDIUM,N,SAFETY_PLC
DC-02,SAFE-DC-02-012,2026-08-17T17:11:00,ZONE_BREACH,DC-02-Z09,LOW,Y,VISION
DC-02,SAFE-DC-02-013,2026-08-27T06:12:00,ZONE_BREACH,DC-02-Z05,CRITICAL,N,SAFETY_PLC
DC-02,SAFE-DC-02-014,2026-08-05T09:26:00,SPEED_REDUCTION,DC-02-Z07,CRITICAL,Y,SAFETY_PLC
DC-02,SAFE-DC-02-015,2026-09-04T01:39:00,MANUAL_OVERRIDE,DC-02-Z12,HIGH,Y,VISION
DC-02,SAFE-DC-02-016,2026-08-01T20:41:00,NEAR_MISS,DC-02-Z07,CRITICAL,Y,VISION
DC-02,SAFE-DC-02-017,2026-08-06T05:03:00,MANUAL_OVERRIDE,DC-02-Z01,LOW,N,SAFETY_PLC
DC-02,SAFE-DC-02-018,2026-08-04T22:59:00,E_STOP,DC-02-Z06,MEDIUM,Y,VISION
DC-02,SAFE-DC-02-019,2026-08-01T16:17:00,NEAR_MISS,DC-02-Z11,HIGH,Y,VISION
DC-02,SAFE-DC-02-020,2026-08-09T12:45:00,MANUAL_OVERRIDE,DC-02-Z01,HIGH,Y,OPERATOR
DC-02,SAFE-DC-02-021,2026-08-27T06:21:00,NEAR_MISS,DC-02-Z08,LOW,Y,FLEET
DC-02,SAFE-DC-02-022,2026-08-09T12:39:00,SCANNER_FAULT,DC-02-Z02,MEDIUM,N,OPERATOR
DC-02,SAFE-DC-02-023,2026-08-01T10:20:00,ZONE_BREACH,DC-02-Z07,MEDIUM,Y,FLEET
DC-02,SAFE-DC-02-024,2026-08-06T14:40:00,E_STOP,DC-02-Z05,LOW,Y,SAFETY_PLC
DC-02,SAFE-DC-02-025,2026-08-12T05:37:00,SPEED_REDUCTION,DC-02-Z08,LOW,Y,SAFETY_PLC
DC-02,SAFE-DC-02-026,2026-08-04T02:09:00,E_STOP,DC-02-Z10,HIGH,N,VISION
DC-02,SAFE-DC-02-027,2026-08-22T11:02:00,SCANNER_FAULT,DC-02-Z07,HIGH,N,VISION
DC-02,SAFE-DC-02-028,2026-08-02T18:23:00,SPEED_REDUCTION,DC-02-Z01,CRITICAL,Y,SAFETY_PLC
DC-02,SAFE-DC-02-029,2026-08-25T17:02:00,SCANNER_FAULT,DC-02-Z11,LOW,Y,FLEET
DC-02,SAFE-DC-02-030,2026-08-12T04:58:00,ZONE_BREACH,DC-02-Z05,MEDIUM,Y,VISION
DC-02,SAFE-DC-02-031,2026-08-07T21:34:00,MANUAL_OVERRIDE,DC-02-Z06,HIGH,Y,FLEET
DC-02,SAFE-DC-02-032,2026-08-04T18:50:00,E_STOP,DC-02-Z03,CRITICAL,N,SAFETY_PLC
DC-02,SAFE-DC-02-033,2026-08-08T02:48:00,SPEED_REDUCTION,DC-02-Z04,HIGH,N,OPERATOR
DC-02,SAFE-DC-02-034,2026-08-16T21:39:00,NEAR_MISS,DC-02-Z01,MEDIUM,Y,SAFETY_PLC
DC-02,SAFE-DC-02-035,2026-08-02T13:58:00,NEAR_MISS,DC-02-Z06,CRITICAL,Y,SAFETY_PLC
DC-02,SAFE-DC-02-036,2026-08-11T06:25:00,NEAR_MISS,DC-02-Z06,MEDIUM,Y,SAFETY_PLC
DC-02,SAFE-DC-02-037,2026-08-28T06:27:00,NEAR_MISS,DC-02-Z12,HIGH,N,FLEET
DC-02,SAFE-DC-02-038,2026-08-15T07:57:00,ZONE_BREACH,DC-02-Z04,HIGH,Y,FLEET
DC-02,SAFE-DC-02-039,2026-08-24T23:24:00,SPEED_REDUCTION,DC-02-Z02,HIGH,Y,OPERATOR
DC-02,SAFE-DC-02-040,2026-09-03T11:58:00,ZONE_BREACH,DC-02-Z04,MEDIUM,N,VISION
DC-02,SAFE-DC-02-041,2026-08-15T19:11:00,SPEED_REDUCTION,DC-02-Z08,CRITICAL,N,OPERATOR
DC-02,SAFE-DC-02-042,2026-08-04T21:49:00,MANUAL_OVERRIDE,DC-02-Z01,LOW,N,VISION
DC-02,SAFE-DC-02-043,2026-08-07T09:42:00,E_STOP,DC-02-Z05,MEDIUM,Y,OPERATOR
DC-02,SAFE-DC-02-044,2026-08-23T06:59:00,ZONE_BREACH,DC-02-Z09,HIGH,Y,VISION
DC-02,SAFE-DC-02-045,2026-08-08T05:51:00,ZONE_BREACH,DC-02-Z04,CRITICAL,Y,OPERATOR
DC-02,SAFE-DC-02-046,2026-08-14T22:22:00,MANUAL_OVERRIDE,DC-02-Z04,MEDIUM,Y,VISION
DC-02,SAFE-DC-02-047,2026-08-04T04:45:00,ZONE_BREACH,DC-02-Z12,LOW,Y,FLEET
DC-02,SAFE-DC-02-048,2026-08-27T03:18:00,ZONE_BREACH,DC-02-Z01,LOW,Y,VISION
DC-02,SAFE-DC-02-049,2026-08-28T19:42:00,E_STOP,DC-02-Z01,MEDIUM,N,FLEET
DC-02,SAFE-DC-02-050,2026-08-18T14:24:00,SPEED_REDUCTION,DC-02-Z01,MEDIUM,Y,OPERATOR
DC-02,SAFE-DC-02-051,2026-08-06T11:06:00,E_STOP,DC-02-Z08,MEDIUM,N,SAFETY_PLC
DC-02,SAFE-DC-02-052,2026-08-27T12:31:00,MANUAL_OVERRIDE,DC-02-Z04,HIGH,Y,SAFETY_PLC
DC-02,SAFE-DC-02-053,2026-08-30T21:52:00,E_STOP,DC-02-Z07,LOW,Y,VISION
DC-02,SAFE-DC-02-054,2026-08-10T13:57:00,SCANNER_FAULT,DC-02-Z03,LOW,Y,VISION
DC-02,SAFE-DC-02-055,2026-08-05T03:21:00,ZONE_BREACH,DC-02-Z05,CRITICAL,Y,FLEET
DC-02,SAFE-DC-02-056,2026-08-08T06:56:00,MANUAL_OVERRIDE,DC-02-Z09,HIGH,Y,OPERATOR
DC-02,SAFE-DC-02-057,2026-08-15T01:13:00,NEAR_MISS,DC-02-Z03,HIGH,N,VISION
DC-02,SAFE-DC-02-058,2026-08-20T16:25:00,NEAR_MISS,DC-02-Z05,CRITICAL,Y,OPERATOR
DC-02,SAFE-DC-02-059,2026-08-31T07:04:00,E_STOP,DC-02-Z09,MEDIUM,Y,VISION
DC-02,SAFE-DC-02-060,2026-08-02T00:30:00,SCANNER_FAULT,DC-02-Z02,CRITICAL,Y,FLEET
DC-02,SAFE-DC-02-061,2026-08-08T22:41:00,ZONE_BREACH,DC-02-Z02,LOW,Y,FLEET
DC-02,SAFE-DC-02-062,2026-08-06T09:06:00,ZONE_BREACH,DC-02-Z10,MEDIUM,N,OPERATOR
DC-02,SAFE-DC-02-063,2026-08-12T13:17:00,MANUAL_OVERRIDE,DC-02-Z07,HIGH,Y,OPERATOR
DC-02,SAFE-DC-02-064,2026-08-26T17:54:00,E_STOP,DC-02-Z05,MEDIUM,Y,FLEET
DC-03,SAFE-DC-03-000,2026-09-04T01:36:00,E_STOP,DC-03-Z06,HIGH,N,FLEET
DC-03,SAFE-DC-03-001,2026-08-24T04:39:00,E_STOP,DC-03-Z03,MEDIUM,Y,VISION
DC-03,SAFE-DC-03-002,2026-08-09T22:24:00,NEAR_MISS,DC-03-Z08,MEDIUM,Y,SAFETY_PLC
DC-03,SAFE-DC-03-003,2026-08-28T23:25:00,ZONE_BREACH,DC-03-Z07,CRITICAL,Y,OPERATOR
DC-03,SAFE-DC-03-004,2026-08-23T14:09:00,SPEED_REDUCTION,DC-03-Z11,CRITICAL,Y,OPERATOR
DC-03,SAFE-DC-03-005,2026-08-12T18:44:00,ZONE_BREACH,DC-03-Z06,MEDIUM,N,FLEET
DC-03,SAFE-DC-03-006,2026-08-25T10:16:00,NEAR_MISS,DC-03-Z09,CRITICAL,Y,OPERATOR
DC-03,SAFE-DC-03-007,2026-08-23T12:39:00,NEAR_MISS,DC-03-Z01,LOW,N,SAFETY_PLC
DC-03,SAFE-DC-03-008,2026-08-23T19:46:00,SPEED_REDUCTION,DC-03-Z07,HIGH,Y,OPERATOR
DC-03,SAFE-DC-03-009,2026-09-02T21:00:00,ZONE_BREACH,DC-03-Z07,MEDIUM,Y,OPERATOR
DC-03,SAFE-DC-03-010,2026-08-30T00:09:00,SPEED_REDUCTION,DC-03-Z11,CRITICAL,Y,FLEET
DC-03,SAFE-DC-03-011,2026-08-22T14:54:00,SPEED_REDUCTION,DC-03-Z09,HIGH,Y,FLEET
DC-03,SAFE-DC-03-012,2026-08-26T11:43:00,NEAR_MISS,DC-03-Z05,LOW,N,SAFETY_PLC
DC-03,SAFE-DC-03-013,2026-08-20T15:29:00,ZONE_BREACH,DC-03-Z09,MEDIUM,Y,FLEET
DC-03,SAFE-DC-03-014,2026-08-02T16:17:00,E_STOP,DC-03-Z11,LOW,Y,VISION
DC-03,SAFE-DC-03-015,2026-08-12T01:20:00,MANUAL_OVERRIDE,DC-03-Z06,LOW,N,FLEET
DC-03,SAFE-DC-03-016,2026-09-04T14:40:00,E_STOP,DC-03-Z12,LOW,Y,SAFETY_PLC
DC-03,SAFE-DC-03-017,2026-08-11T04:22:00,ZONE_BREACH,DC-03-Z01,HIGH,N,FLEET
DC-03,SAFE-DC-03-018,2026-08-11T09:06:00,SCANNER_FAULT,DC-03-Z10,MEDIUM,N,SAFETY_PLC
DC-03,SAFE-DC-03-019,2026-09-03T07:45:00,SCANNER_FAULT,DC-03-Z06,HIGH,Y,FLEET
DC-03,SAFE-DC-03-020,2026-08-14T14:56:00,SPEED_REDUCTION,DC-03-Z07,CRITICAL,Y,SAFETY_PLC
DC-03,SAFE-DC-03-021,2026-08-19T03:56:00,ZONE_BREACH,DC-03-Z10,LOW,Y,OPERATOR
DC-03,SAFE-DC-03-022,2026-08-24T08:03:00,NEAR_MISS,DC-03-Z09,CRITICAL,Y,FLEET
DC-03,SAFE-DC-03-023,2026-09-02T04:32:00,MANUAL_OVERRIDE,DC-03-Z02,CRITICAL,Y,SAFETY_PLC
DC-03,SAFE-DC-03-024,2026-08-26T14:09:00,MANUAL_OVERRIDE,DC-03-Z05,LOW,Y,OPERATOR
DC-03,SAFE-DC-03-025,2026-08-15T19:29:00,ZONE_BREACH,DC-03-Z11,MEDIUM,Y,SAFETY_PLC
DC-03,SAFE-DC-03-026,2026-08-09T22:13:00,SCANNER_FAULT,DC-03-Z05,MEDIUM,Y,FLEET
DC-03,SAFE-DC-03-027,2026-08-29T17:28:00,MANUAL_OVERRIDE,DC-03-Z07,CRITICAL,Y,VISION
DC-03,SAFE-DC-03-028,2026-08-16T18:54:00,SCANNER_FAULT,DC-03-Z01,MEDIUM,Y,VISION
DC-03,SAFE-DC-03-029,2026-08-01T23:38:00,NEAR_MISS,DC-03-Z11,CRITICAL,Y,FLEET
DC-03,SAFE-DC-03-030,2026-08-06T00:12:00,SPEED_REDUCTION,DC-03-Z02,CRITICAL,Y,VISION
DC-03,SAFE-DC-03-031,2026-08-02T22:49:00,E_STOP,DC-03-Z09,CRITICAL,Y,OPERATOR
DC-03,SAFE-DC-03-032,2026-08-14T03:06:00,SPEED_REDUCTION,DC-03-Z09,LOW,Y,SAFETY_PLC
DC-03,SAFE-DC-03-033,2026-08-22T21:27:00,SPEED_REDUCTION,DC-03-Z10,HIGH,Y,OPERATOR
DC-03,SAFE-DC-03-034,2026-08-27T21:35:00,SCANNER_FAULT,DC-03-Z08,MEDIUM,N,FLEET
DC-03,SAFE-DC-03-035,2026-08-13T02:40:00,SCANNER_FAULT,DC-03-Z11,MEDIUM,Y,VISION
DC-03,SAFE-DC-03-036,2026-08-17T12:50:00,SCANNER_FAULT,DC-03-Z10,MEDIUM,Y,FLEET
DC-03,SAFE-DC-03-037,2026-08-01T17:19:00,ZONE_BREACH,DC-03-Z08,HIGH,Y,VISION
DC-03,SAFE-DC-03-038,2026-08-08T19:02:00,E_STOP,DC-03-Z12,HIGH,Y,VISION
DC-03,SAFE-DC-03-039,2026-08-03T09:22:00,E_STOP,DC-03-Z03,CRITICAL,Y,VISION
DC-03,SAFE-DC-03-040,2026-08-01T13:32:00,SCANNER_FAULT,DC-03-Z08,MEDIUM,Y,SAFETY_PLC
DC-03,SAFE-DC-03-041,2026-08-28T13:55:00,NEAR_MISS,DC-03-Z07,HIGH,Y,SAFETY_PLC
DC-03,SAFE-DC-03-042,2026-08-18T20:01:00,NEAR_MISS,DC-03-Z04,LOW,Y,OPERATOR
DC-03,SAFE-DC-03-043,2026-08-12T22:06:00,SPEED_REDUCTION,DC-03-Z12,MEDIUM,Y,VISION
DC-03,SAFE-DC-03-044,2026-08-10T06:42:00,ZONE_BREACH,DC-03-Z03,CRITICAL,Y,OPERATOR
DC-03,SAFE-DC-03-045,2026-08-01T06:36:00,NEAR_MISS,DC-03-Z01,LOW,Y,OPERATOR
DC-03,SAFE-DC-03-046,2026-09-01T06:52:00,NEAR_MISS,DC-03-Z05,MEDIUM,Y,SAFETY_PLC
DC-03,SAFE-DC-03-047,2026-08-08T01:14:00,ZONE_BREACH,DC-03-Z05,HIGH,Y,VISION
DC-03,SAFE-DC-03-048,2026-08-28T23:16:00,SPEED_REDUCTION,DC-03-Z06,LOW,Y,OPERATOR
DC-03,SAFE-DC-03-049,2026-08-14T19:53:00,SPEED_REDUCTION,DC-03-Z03,CRITICAL,Y,VISION
DC-03,SAFE-DC-03-050,2026-09-04T01:16:00,MANUAL_OVERRIDE,DC-03-Z11,HIGH,Y,VISION
DC-03,SAFE-DC-03-051,2026-08-22T04:09:00,E_STOP,DC-03-Z06,MEDIUM,Y,SAFETY_PLC
DC-03,SAFE-DC-03-052,2026-08-13T03:02:00,ZONE_BREACH,DC-03-Z01,LOW,Y,VISION
DC-03,SAFE-DC-03-053,2026-08-23T21:06:00,NEAR_MISS,DC-03-Z05,LOW,Y,SAFETY_PLC
DC-03,SAFE-DC-03-054,2026-08-27T01:34:00,ZONE_BREACH,DC-03-Z05,LOW,Y,VISION
DC-03,SAFE-DC-03-055,2026-08-09T07:35:00,NEAR_MISS,DC-03-Z02,MEDIUM,Y,VISION
DC-03,SAFE-DC-03-056,2026-08-10T20:39:00,MANUAL_OVERRIDE,DC-03-Z01,LOW,Y,OPERATOR
DC-03,SAFE-DC-03-057,2026-08-26T14:21:00,SCANNER_FAULT,DC-03-Z12,LOW,Y,SAFETY_PLC
DC-03,SAFE-DC-03-058,2026-08-24T10:36:00,SPEED_REDUCTION,DC-03-Z10,HIGH,Y,SAFETY_PLC
DC-03,SAFE-DC-03-059,2026-08-04T01:26:00,ZONE_BREACH,DC-03-Z01,HIGH,Y,FLEET
DC-03,SAFE-DC-03-060,2026-09-03T14:42:00,NEAR_MISS,DC-03-Z05,HIGH,Y,SAFETY_PLC
DC-03,SAFE-DC-03-061,2026-08-29T12:27:00,ZONE_BREACH,DC-03-Z09,MEDIUM,Y,FLEET
DC-03,SAFE-DC-03-062,2026-08-12T13:06:00,MANUAL_OVERRIDE,DC-03-Z04,CRITICAL,Y,VISION
DC-03,SAFE-DC-03-063,2026-08-10T19:23:00,SPEED_REDUCTION,DC-03-Z07,MEDIUM,N,OPERATOR
DC-03,SAFE-DC-03-064,2026-08-03T23:21:00,ZONE_BREACH,DC-03-Z01,LOW,Y,SAFETY_PLC
DC-04,SAFE-DC-04-000,2026-09-02T06:26:00,ZONE_BREACH,DC-04-Z04,LOW,N,FLEET
DC-04,SAFE-DC-04-001,2026-08-20T07:49:00,SPEED_REDUCTION,DC-04-Z08,HIGH,Y,SAFETY_PLC
DC-04,SAFE-DC-04-002,2026-08-09T14:58:00,ZONE_BREACH,DC-04-Z07,HIGH,Y,VISION
DC-04,SAFE-DC-04-003,2026-08-13T02:47:00,SCANNER_FAULT,DC-04-Z12,CRITICAL,Y,FLEET
DC-04,SAFE-DC-04-004,2026-08-21T14:38:00,MANUAL_OVERRIDE,DC-04-Z05,LOW,Y,FLEET
DC-04,SAFE-DC-04-005,2026-08-01T16:46:00,SPEED_REDUCTION,DC-04-Z02,HIGH,N,SAFETY_PLC
DC-04,SAFE-DC-04-006,2026-08-01T15:21:00,NEAR_MISS,DC-04-Z11,LOW,Y,SAFETY_PLC
DC-04,SAFE-DC-04-007,2026-08-28T00:30:00,SPEED_REDUCTION,DC-04-Z06,HIGH,Y,FLEET
DC-04,SAFE-DC-04-008,2026-08-23T00:58:00,E_STOP,DC-04-Z06,HIGH,Y,VISION
DC-04,SAFE-DC-04-009,2026-08-08T12:37:00,ZONE_BREACH,DC-04-Z09,LOW,Y,SAFETY_PLC
DC-04,SAFE-DC-04-010,2026-08-21T13:08:00,SPEED_REDUCTION,DC-04-Z01,HIGH,Y,OPERATOR
DC-04,SAFE-DC-04-011,2026-08-30T01:48:00,ZONE_BREACH,DC-04-Z05,LOW,Y,FLEET
DC-04,SAFE-DC-04-012,2026-08-29T17:59:00,E_STOP,DC-04-Z12,LOW,Y,SAFETY_PLC
DC-04,SAFE-DC-04-013,2026-08-06T01:54:00,MANUAL_OVERRIDE,DC-04-Z04,CRITICAL,Y,OPERATOR
DC-04,SAFE-DC-04-014,2026-08-27T03:02:00,NEAR_MISS,DC-04-Z04,MEDIUM,Y,FLEET
DC-04,SAFE-DC-04-015,2026-08-04T22:31:00,NEAR_MISS,DC-04-Z11,LOW,Y,SAFETY_PLC
DC-04,SAFE-DC-04-016,2026-08-29T03:11:00,SCANNER_FAULT,DC-04-Z05,HIGH,Y,OPERATOR
DC-04,SAFE-DC-04-017,2026-08-28T07:32:00,NEAR_MISS,DC-04-Z05,HIGH,N,FLEET
DC-04,SAFE-DC-04-018,2026-08-28T14:21:00,MANUAL_OVERRIDE,DC-04-Z11,CRITICAL,Y,SAFETY_PLC
DC-04,SAFE-DC-04-019,2026-08-30T10:46:00,MANUAL_OVERRIDE,DC-04-Z11,MEDIUM,N,VISION
DC-04,SAFE-DC-04-020,2026-08-15T08:21:00,NEAR_MISS,DC-04-Z02,LOW,Y,FLEET
DC-04,SAFE-DC-04-021,2026-08-01T15:50:00,SCANNER_FAULT,DC-04-Z10,CRITICAL,Y,VISION
DC-04,SAFE-DC-04-022,2026-08-04T10:21:00,MANUAL_OVERRIDE,DC-04-Z08,MEDIUM,Y,SAFETY_PLC
DC-04,SAFE-DC-04-023,2026-08-23T17:09:00,E_STOP,DC-04-Z12,HIGH,Y,SAFETY_PLC
DC-04,SAFE-DC-04-024,2026-09-01T19:45:00,ZONE_BREACH,DC-04-Z11,LOW,N,FLEET
DC-04,SAFE-DC-04-025,2026-09-02T09:50:00,MANUAL_OVERRIDE,DC-04-Z10,HIGH,Y,SAFETY_PLC
DC-04,SAFE-DC-04-026,2026-08-04T05:05:00,E_STOP,DC-04-Z09,CRITICAL,Y,FLEET
DC-04,SAFE-DC-04-027,2026-08-07T10:02:00,E_STOP,DC-04-Z05,MEDIUM,Y,VISION
DC-04,SAFE-DC-04-028,2026-08-15T01:49:00,SPEED_REDUCTION,DC-04-Z10,CRITICAL,Y,OPERATOR
DC-04,SAFE-DC-04-029,2026-08-05T22:26:00,NEAR_MISS,DC-04-Z10,MEDIUM,Y,SAFETY_PLC
DC-04,SAFE-DC-04-030,2026-08-16T08:10:00,SPEED_REDUCTION,DC-04-Z08,CRITICAL,Y,OPERATOR
DC-04,SAFE-DC-04-031,2026-08-05T01:50:00,NEAR_MISS,DC-04-Z03,MEDIUM,N,FLEET
DC-04,SAFE-DC-04-032,2026-09-02T11:05:00,MANUAL_OVERRIDE,DC-04-Z03,LOW,Y,OPERATOR
DC-04,SAFE-DC-04-033,2026-08-30T23:31:00,NEAR_MISS,DC-04-Z06,HIGH,Y,SAFETY_PLC
DC-04,SAFE-DC-04-034,2026-08-07T22:06:00,MANUAL_OVERRIDE,DC-04-Z04,MEDIUM,N,SAFETY_PLC
DC-04,SAFE-DC-04-035,2026-08-22T15:31:00,E_STOP,DC-04-Z10,CRITICAL,Y,VISION
DC-04,SAFE-DC-04-036,2026-08-01T11:15:00,NEAR_MISS,DC-04-Z08,LOW,Y,OPERATOR
DC-04,SAFE-DC-04-037,2026-08-04T07:47:00,SPEED_REDUCTION,DC-04-Z08,CRITICAL,N,OPERATOR
DC-04,SAFE-DC-04-038,2026-08-14T10:54:00,MANUAL_OVERRIDE,DC-04-Z06,MEDIUM,Y,FLEET
DC-04,SAFE-DC-04-039,2026-08-13T19:03:00,SPEED_REDUCTION,DC-04-Z03,HIGH,Y,OPERATOR
DC-04,SAFE-DC-04-040,2026-08-13T13:43:00,ZONE_BREACH,DC-04-Z04,MEDIUM,N,OPERATOR
DC-04,SAFE-DC-04-041,2026-08-31T01:02:00,SCANNER_FAULT,DC-04-Z10,HIGH,N,OPERATOR
DC-04,SAFE-DC-04-042,2026-09-04T16:11:00,SPEED_REDUCTION,DC-04-Z08,LOW,Y,FLEET
DC-04,SAFE-DC-04-043,2026-08-31T09:32:00,MANUAL_OVERRIDE,DC-04-Z05,LOW,Y,OPERATOR
DC-04,SAFE-DC-04-044,2026-08-20T23:09:00,NEAR_MISS,DC-04-Z06,LOW,Y,SAFETY_PLC
DC-04,SAFE-DC-04-045,2026-08-15T00:06:00,SPEED_REDUCTION,DC-04-Z02,MEDIUM,Y,SAFETY_PLC
DC-04,SAFE-DC-04-046,2026-08-01T08:43:00,E_STOP,DC-04-Z08,CRITICAL,Y,VISION
DC-04,SAFE-DC-04-047,2026-08-11T15:57:00,MANUAL_OVERRIDE,DC-04-Z04,HIGH,N,FLEET
DC-04,SAFE-DC-04-048,2026-08-08T18:10:00,SCANNER_FAULT,DC-04-Z07,MEDIUM,Y,SAFETY_PLC
DC-04,SAFE-DC-04-049,2026-08-03T05:39:00,ZONE_BREACH,DC-04-Z07,LOW,Y,FLEET
DC-04,SAFE-DC-04-050,2026-08-07T02:39:00,NEAR_MISS,DC-04-Z08,LOW,Y,VISION
DC-04,SAFE-DC-04-051,2026-08-20T15:58:00,MANUAL_OVERRIDE,DC-04-Z08,CRITICAL,Y,OPERATOR
DC-04,SAFE-DC-04-052,2026-08-28T17:01:00,E_STOP,DC-04-Z07,LOW,Y,SAFETY_PLC
DC-04,SAFE-DC-04-053,2026-08-17T15:35:00,SPEED_REDUCTION,DC-04-Z01,HIGH,Y,OPERATOR
DC-04,SAFE-DC-04-054,2026-09-03T23:44:00,MANUAL_OVERRIDE,DC-04-Z01,CRITICAL,Y,VISION
DC-04,SAFE-DC-04-055,2026-08-21T15:23:00,NEAR_MISS,DC-04-Z12,MEDIUM,Y,OPERATOR
DC-04,SAFE-DC-04-056,2026-08-24T00:49:00,SCANNER_FAULT,DC-04-Z07,MEDIUM,N,FLEET
DC-04,SAFE-DC-04-057,2026-08-25T03:46:00,ZONE_BREACH,DC-04-Z11,LOW,Y,FLEET
DC-04,SAFE-DC-04-058,2026-08-08T08:27:00,E_STOP,DC-04-Z09,HIGH,Y,VISION
DC-04,SAFE-DC-04-059,2026-08-25T15:28:00,SCANNER_FAULT,DC-04-Z07,LOW,N,OPERATOR
DC-04,SAFE-DC-04-060,2026-08-22T00:06:00,E_STOP,DC-04-Z07,LOW,Y,VISION
DC-04,SAFE-DC-04-061,2026-08-06T18:56:00,MANUAL_OVERRIDE,DC-04-Z01,HIGH,Y,FLEET
DC-04,SAFE-DC-04-062,2026-09-01T14:24:00,SPEED_REDUCTION,DC-04-Z07,CRITICAL,Y,OPERATOR
DC-04,SAFE-DC-04-063,2026-08-05T04:15:00,E_STOP,DC-04-Z11,MEDIUM,Y,VISION
DC-04,SAFE-DC-04-064,2026-08-07T03:41:00,NEAR_MISS,DC-04-Z10,LOW,N,VISION
DC-05,SAFE-DC-05-000,2026-08-24T13:53:00,NEAR_MISS,DC-05-Z02,HIGH,Y,SAFETY_PLC
DC-05,SAFE-DC-05-001,2026-08-10T00:19:00,SPEED_REDUCTION,DC-05-Z11,HIGH,Y,FLEET
DC-05,SAFE-DC-05-002,2026-08-07T13:31:00,E_STOP,DC-05-Z08,LOW,N,FLEET
DC-05,SAFE-DC-05-003,2026-08-21T20:10:00,NEAR_MISS,DC-05-Z05,LOW,N,FLEET
DC-05,SAFE-DC-05-004,2026-09-03T10:17:00,E_STOP,DC-05-Z10,HIGH,Y,SAFETY_PLC
DC-05,SAFE-DC-05-005,2026-08-20T17:20:00,ZONE_BREACH,DC-05-Z01,HIGH,N,FLEET
DC-05,SAFE-DC-05-006,2026-08-31T18:55:00,SCANNER_FAULT,DC-05-Z11,HIGH,Y,OPERATOR
DC-05,SAFE-DC-05-007,2026-08-23T06:50:00,MANUAL_OVERRIDE,DC-05-Z09,MEDIUM,Y,OPERATOR
DC-05,SAFE-DC-05-008,2026-08-16T20:47:00,ZONE_BREACH,DC-05-Z09,HIGH,Y,VISION
DC-05,SAFE-DC-05-009,2026-08-25T06:28:00,E_STOP,DC-05-Z04,MEDIUM,Y,VISION
DC-05,SAFE-DC-05-010,2026-08-05T09:33:00,E_STOP,DC-05-Z08,HIGH,Y,VISION
DC-05,SAFE-DC-05-011,2026-08-28T15:10:00,NEAR_MISS,DC-05-Z07,LOW,Y,FLEET
DC-05,SAFE-DC-05-012,2026-08-10T14:07:00,MANUAL_OVERRIDE,DC-05-Z06,MEDIUM,Y,OPERATOR
DC-05,SAFE-DC-05-013,2026-09-01T00:36:00,SPEED_REDUCTION,DC-05-Z01,CRITICAL,Y,SAFETY_PLC
DC-05,SAFE-DC-05-014,2026-08-19T14:03:00,E_STOP,DC-05-Z11,CRITICAL,N,OPERATOR
DC-05,SAFE-DC-05-015,2026-08-24T19:02:00,SCANNER_FAULT,DC-05-Z12,CRITICAL,Y,SAFETY_PLC
DC-05,SAFE-DC-05-016,2026-08-10T19:57:00,E_STOP,DC-05-Z11,LOW,Y,OPERATOR
DC-05,SAFE-DC-05-017,2026-08-30T21:29:00,SCANNER_FAULT,DC-05-Z03,CRITICAL,Y,SAFETY_PLC
DC-05,SAFE-DC-05-018,2026-09-02T02:18:00,SCANNER_FAULT,DC-05-Z07,HIGH,N,OPERATOR
DC-05,SAFE-DC-05-019,2026-08-10T18:02:00,ZONE_BREACH,DC-05-Z07,HIGH,Y,VISION
DC-05,SAFE-DC-05-020,2026-08-15T01:54:00,ZONE_BREACH,DC-05-Z09,MEDIUM,Y,OPERATOR
DC-05,SAFE-DC-05-021,2026-08-24T06:55:00,SPEED_REDUCTION,DC-05-Z03,MEDIUM,Y,VISION
DC-05,SAFE-DC-05-022,2026-08-26T10:50:00,NEAR_MISS,DC-05-Z07,MEDIUM,Y,VISION
DC-05,SAFE-DC-05-023,2026-08-23T04:06:00,ZONE_BREACH,DC-05-Z12,CRITICAL,Y,OPERATOR
DC-05,SAFE-DC-05-024,2026-08-04T17:18:00,SCANNER_FAULT,DC-05-Z12,MEDIUM,N,SAFETY_PLC
DC-05,SAFE-DC-05-025,2026-08-18T13:22:00,SCANNER_FAULT,DC-05-Z04,MEDIUM,Y,VISION
DC-05,SAFE-DC-05-026,2026-08-27T05:53:00,MANUAL_OVERRIDE,DC-05-Z01,CRITICAL,N,OPERATOR
DC-05,SAFE-DC-05-027,2026-08-18T05:19:00,SPEED_REDUCTION,DC-05-Z04,MEDIUM,Y,FLEET
DC-05,SAFE-DC-05-028,2026-08-22T09:43:00,E_STOP,DC-05-Z06,MEDIUM,Y,VISION
DC-05,SAFE-DC-05-029,2026-08-04T05:50:00,SPEED_REDUCTION,DC-05-Z06,HIGH,N,SAFETY_PLC
DC-05,SAFE-DC-05-030,2026-08-29T04:06:00,E_STOP,DC-05-Z09,MEDIUM,Y,OPERATOR
DC-05,SAFE-DC-05-031,2026-08-20T01:36:00,ZONE_BREACH,DC-05-Z08,MEDIUM,N,VISION
DC-05,SAFE-DC-05-032,2026-08-24T01:27:00,MANUAL_OVERRIDE,DC-05-Z05,CRITICAL,N,FLEET
DC-05,SAFE-DC-05-033,2026-08-17T12:15:00,SCANNER_FAULT,DC-05-Z10,MEDIUM,Y,OPERATOR
DC-05,SAFE-DC-05-034,2026-08-26T20:47:00,NEAR_MISS,DC-05-Z10,CRITICAL,Y,OPERATOR
DC-05,SAFE-DC-05-035,2026-08-29T12:43:00,ZONE_BREACH,DC-05-Z06,LOW,Y,OPERATOR
DC-05,SAFE-DC-05-036,2026-08-17T18:39:00,NEAR_MISS,DC-05-Z10,MEDIUM,Y,VISION
DC-05,SAFE-DC-05-037,2026-08-17T11:54:00,ZONE_BREACH,DC-05-Z11,CRITICAL,Y,FLEET
DC-05,SAFE-DC-05-038,2026-08-05T21:18:00,ZONE_BREACH,DC-05-Z11,CRITICAL,Y,SAFETY_PLC
DC-05,SAFE-DC-05-039,2026-08-31T09:54:00,NEAR_MISS,DC-05-Z04,LOW,Y,SAFETY_PLC
DC-05,SAFE-DC-05-040,2026-09-03T06:15:00,NEAR_MISS,DC-05-Z10,CRITICAL,Y,VISION
DC-05,SAFE-DC-05-041,2026-09-01T22:50:00,ZONE_BREACH,DC-05-Z07,LOW,Y,FLEET
DC-05,SAFE-DC-05-042,2026-08-08T05:58:00,E_STOP,DC-05-Z12,CRITICAL,Y,VISION
DC-05,SAFE-DC-05-043,2026-08-07T04:48:00,SPEED_REDUCTION,DC-05-Z03,LOW,Y,SAFETY_PLC
DC-05,SAFE-DC-05-044,2026-08-06T04:14:00,MANUAL_OVERRIDE,DC-05-Z11,HIGH,Y,OPERATOR
DC-05,SAFE-DC-05-045,2026-08-17T14:56:00,MANUAL_OVERRIDE,DC-05-Z11,CRITICAL,Y,FLEET
DC-05,SAFE-DC-05-046,2026-08-24T08:08:00,SPEED_REDUCTION,DC-05-Z03,MEDIUM,Y,SAFETY_PLC
DC-05,SAFE-DC-05-047,2026-08-20T03:22:00,NEAR_MISS,DC-05-Z01,HIGH,Y,VISION
DC-05,SAFE-DC-05-048,2026-08-21T10:28:00,E_STOP,DC-05-Z11,MEDIUM,N,VISION
DC-05,SAFE-DC-05-049,2026-08-21T23:27:00,SCANNER_FAULT,DC-05-Z05,CRITICAL,Y,FLEET
DC-05,SAFE-DC-05-050,2026-08-26T20:55:00,NEAR_MISS,DC-05-Z10,MEDIUM,Y,SAFETY_PLC
DC-05,SAFE-DC-05-051,2026-08-24T06:13:00,E_STOP,DC-05-Z04,LOW,Y,FLEET
DC-05,SAFE-DC-05-052,2026-08-25T22:27:00,SPEED_REDUCTION,DC-05-Z06,MEDIUM,Y,FLEET
DC-05,SAFE-DC-05-053,2026-08-22T00:12:00,SCANNER_FAULT,DC-05-Z10,CRITICAL,Y,VISION
DC-05,SAFE-DC-05-054,2026-09-02T15:15:00,NEAR_MISS,DC-05-Z01,CRITICAL,Y,OPERATOR
DC-05,SAFE-DC-05-055,2026-08-18T06:07:00,SCANNER_FAULT,DC-05-Z12,CRITICAL,Y,VISION
DC-05,SAFE-DC-05-056,2026-08-28T21:02:00,SCANNER_FAULT,DC-05-Z10,HIGH,Y,VISION
DC-05,SAFE-DC-05-057,2026-08-08T01:56:00,E_STOP,DC-05-Z11,LOW,Y,SAFETY_PLC
DC-05,SAFE-DC-05-058,2026-08-22T05:02:00,SPEED_REDUCTION,DC-05-Z03,CRITICAL,N,OPERATOR
DC-05,SAFE-DC-05-059,2026-08-11T22:45:00,E_STOP,DC-05-Z04,CRITICAL,Y,FLEET
DC-05,SAFE-DC-05-060,2026-08-23T17:04:00,ZONE_BREACH,DC-05-Z05,MEDIUM,Y,SAFETY_PLC
DC-05,SAFE-DC-05-061,2026-09-03T12:54:00,SCANNER_FAULT,DC-05-Z07,CRITICAL,Y,FLEET
DC-05,SAFE-DC-05-062,2026-08-29T03:38:00,SCANNER_FAULT,DC-05-Z10,MEDIUM,Y,SAFETY_PLC
DC-05,SAFE-DC-05-063,2026-08-01T14:47:00,MANUAL_OVERRIDE,DC-05-Z11,MEDIUM,Y,SAFETY_PLC
DC-05,SAFE-DC-05-064,2026-09-04T23:55:00,NEAR_MISS,DC-05-Z02,CRITICAL,Y,OPERATOR
DC-06,SAFE-DC-06-000,2026-08-25T14:50:00,SPEED_REDUCTION,DC-06-Z11,MEDIUM,Y,FLEET
DC-06,SAFE-DC-06-001,2026-09-05T02:33:00,NEAR_MISS,DC-06-Z01,LOW,Y,OPERATOR
DC-06,SAFE-DC-06-002,2026-08-30T17:47:00,MANUAL_OVERRIDE,DC-06-Z12,CRITICAL,Y,SAFETY_PLC
DC-06,SAFE-DC-06-003,2026-08-01T07:45:00,MANUAL_OVERRIDE,DC-06-Z08,LOW,Y,VISION
DC-06,SAFE-DC-06-004,2026-08-21T12:27:00,SPEED_REDUCTION,DC-06-Z08,HIGH,Y,VISION
DC-06,SAFE-DC-06-005,2026-08-19T02:13:00,E_STOP,DC-06-Z02,CRITICAL,Y,SAFETY_PLC
DC-06,SAFE-DC-06-006,2026-08-31T21:44:00,E_STOP,DC-06-Z06,LOW,N,VISION
DC-06,SAFE-DC-06-007,2026-08-10T11:43:00,E_STOP,DC-06-Z02,HIGH,Y,SAFETY_PLC
DC-06,SAFE-DC-06-008,2026-08-12T22:11:00,E_STOP,DC-06-Z02,HIGH,Y,FLEET
DC-06,SAFE-DC-06-009,2026-08-20T13:34:00,E_STOP,DC-06-Z06,MEDIUM,Y,SAFETY_PLC
DC-06,SAFE-DC-06-010,2026-08-21T13:52:00,SPEED_REDUCTION,DC-06-Z12,CRITICAL,Y,FLEET
DC-06,SAFE-DC-06-011,2026-09-03T13:36:00,SCANNER_FAULT,DC-06-Z12,CRITICAL,Y,SAFETY_PLC
DC-06,SAFE-DC-06-012,2026-08-08T15:17:00,ZONE_BREACH,DC-06-Z01,MEDIUM,Y,FLEET
DC-06,SAFE-DC-06-013,2026-08-26T08:42:00,E_STOP,DC-06-Z06,CRITICAL,Y,OPERATOR
DC-06,SAFE-DC-06-014,2026-08-07T03:13:00,E_STOP,DC-06-Z11,MEDIUM,Y,VISION
DC-06,SAFE-DC-06-015,2026-08-24T03:44:00,E_STOP,DC-06-Z07,MEDIUM,N,SAFETY_PLC
DC-06,SAFE-DC-06-016,2026-09-01T06:51:00,ZONE_BREACH,DC-06-Z04,CRITICAL,Y,FLEET
DC-06,SAFE-DC-06-017,2026-08-23T23:03:00,SCANNER_FAULT,DC-06-Z07,CRITICAL,Y,SAFETY_PLC
DC-06,SAFE-DC-06-018,2026-09-02T13:40:00,MANUAL_OVERRIDE,DC-06-Z02,CRITICAL,Y,FLEET
DC-06,SAFE-DC-06-019,2026-08-11T09:42:00,ZONE_BREACH,DC-06-Z09,HIGH,Y,FLEET
DC-06,SAFE-DC-06-020,2026-08-31T21:45:00,E_STOP,DC-06-Z06,HIGH,Y,SAFETY_PLC
DC-06,SAFE-DC-06-021,2026-08-15T18:26:00,SCANNER_FAULT,DC-06-Z05,CRITICAL,N,SAFETY_PLC
DC-06,SAFE-DC-06-022,2026-08-12T12:34:00,NEAR_MISS,DC-06-Z06,LOW,Y,FLEET
DC-06,SAFE-DC-06-023,2026-08-29T07:10:00,E_STOP,DC-06-Z08,HIGH,N,SAFETY_PLC
DC-06,SAFE-DC-06-024,2026-08-05T13:58:00,E_STOP,DC-06-Z01,HIGH,Y,FLEET
DC-06,SAFE-DC-06-025,2026-09-05T01:33:00,SPEED_REDUCTION,DC-06-Z04,CRITICAL,Y,OPERATOR
DC-06,SAFE-DC-06-026,2026-08-21T08:52:00,SPEED_REDUCTION,DC-06-Z05,CRITICAL,Y,SAFETY_PLC
DC-06,SAFE-DC-06-027,2026-08-23T15:28:00,ZONE_BREACH,DC-06-Z11,CRITICAL,Y,OPERATOR
DC-06,SAFE-DC-06-028,2026-08-10T15:02:00,SPEED_REDUCTION,DC-06-Z11,MEDIUM,Y,FLEET
DC-06,SAFE-DC-06-029,2026-09-04T16:23:00,MANUAL_OVERRIDE,DC-06-Z08,MEDIUM,Y,VISION
DC-06,SAFE-DC-06-030,2026-08-13T02:29:00,SPEED_REDUCTION,DC-06-Z04,HIGH,Y,VISION
DC-06,SAFE-DC-06-031,2026-08-05T04:15:00,E_STOP,DC-06-Z11,MEDIUM,Y,FLEET
DC-06,SAFE-DC-06-032,2026-08-12T21:46:00,E_STOP,DC-06-Z08,MEDIUM,Y,SAFETY_PLC
DC-06,SAFE-DC-06-033,2026-08-26T05:40:00,E_STOP,DC-06-Z08,HIGH,Y,OPERATOR
DC-06,SAFE-DC-06-034,2026-08-09T14:50:00,E_STOP,DC-06-Z10,LOW,Y,FLEET
DC-06,SAFE-DC-06-035,2026-08-12T11:09:00,NEAR_MISS,DC-06-Z06,LOW,N,OPERATOR
DC-06,SAFE-DC-06-036,2026-08-25T10:51:00,SPEED_REDUCTION,DC-06-Z03,CRITICAL,Y,SAFETY_PLC
DC-06,SAFE-DC-06-037,2026-08-05T18:12:00,MANUAL_OVERRIDE,DC-06-Z10,CRITICAL,Y,OPERATOR
DC-06,SAFE-DC-06-038,2026-08-13T06:33:00,MANUAL_OVERRIDE,DC-06-Z01,LOW,Y,VISION
DC-06,SAFE-DC-06-039,2026-08-04T03:20:00,SPEED_REDUCTION,DC-06-Z01,LOW,N,VISION
DC-06,SAFE-DC-06-040,2026-08-02T10:43:00,SPEED_REDUCTION,DC-06-Z01,LOW,Y,FLEET
DC-06,SAFE-DC-06-041,2026-08-20T10:46:00,SCANNER_FAULT,DC-06-Z08,HIGH,Y,FLEET
DC-06,SAFE-DC-06-042,2026-08-10T06:33:00,SPEED_REDUCTION,DC-06-Z08,MEDIUM,Y,SAFETY_PLC
DC-06,SAFE-DC-06-043,2026-08-13T16:41:00,SPEED_REDUCTION,DC-06-Z10,MEDIUM,N,VISION
DC-06,SAFE-DC-06-044,2026-08-08T17:41:00,SPEED_REDUCTION,DC-06-Z08,CRITICAL,N,SAFETY_PLC
DC-06,SAFE-DC-06-045,2026-08-15T04:30:00,E_STOP,DC-06-Z07,MEDIUM,Y,VISION
DC-06,SAFE-DC-06-046,2026-08-25T15:34:00,MANUAL_OVERRIDE,DC-06-Z11,MEDIUM,Y,VISION
DC-06,SAFE-DC-06-047,2026-09-03T20:03:00,SCANNER_FAULT,DC-06-Z01,CRITICAL,Y,VISION
DC-06,SAFE-DC-06-048,2026-09-03T08:45:00,E_STOP,DC-06-Z09,CRITICAL,Y,FLEET
DC-06,SAFE-DC-06-049,2026-08-08T03:06:00,ZONE_BREACH,DC-06-Z01,LOW,Y,OPERATOR
DC-06,SAFE-DC-06-050,2026-08-01T13:18:00,SPEED_REDUCTION,DC-06-Z11,HIGH,Y,OPERATOR
DC-06,SAFE-DC-06-051,2026-09-01T11:36:00,ZONE_BREACH,DC-06-Z10,MEDIUM,Y,SAFETY_PLC
DC-06,SAFE-DC-06-052,2026-09-01T04:22:00,SCANNER_FAULT,DC-06-Z07,CRITICAL,Y,SAFETY_PLC
DC-06,SAFE-DC-06-053,2026-09-04T21:31:00,SCANNER_FAULT,DC-06-Z12,MEDIUM,Y,OPERATOR
DC-06,SAFE-DC-06-054,2026-08-13T19:20:00,SPEED_REDUCTION,DC-06-Z08,MEDIUM,Y,FLEET
DC-06,SAFE-DC-06-055,2026-08-28T23:25:00,MANUAL_OVERRIDE,DC-06-Z02,MEDIUM,Y,VISION
DC-06,SAFE-DC-06-056,2026-08-21T17:59:00,SCANNER_FAULT,DC-06-Z04,CRITICAL,Y,SAFETY_PLC
DC-06,SAFE-DC-06-057,2026-08-03T08:28:00,E_STOP,DC-06-Z11,CRITICAL,Y,OPERATOR
DC-06,SAFE-DC-06-058,2026-08-22T14:19:00,NEAR_MISS,DC-06-Z07,LOW,Y,SAFETY_PLC
DC-06,SAFE-DC-06-059,2026-08-28T23:06:00,NEAR_MISS,DC-06-Z12,HIGH,Y,OPERATOR
DC-06,SAFE-DC-06-060,2026-08-03T21:14:00,MANUAL_OVERRIDE,DC-06-Z01,CRITICAL,Y,VISION
DC-06,SAFE-DC-06-061,2026-08-10T18:10:00,E_STOP,DC-06-Z10,HIGH,N,SAFETY_PLC
DC-06,SAFE-DC-06-062,2026-08-25T20:08:00,E_STOP,DC-06-Z06,MEDIUM,N,OPERATOR
DC-06,SAFE-DC-06-063,2026-08-06T01:23:00,MANUAL_OVERRIDE,DC-06-Z08,HIGH,N,SAFETY_PLC
DC-06,SAFE-DC-06-064,2026-08-22T06:38:00,SPEED_REDUCTION,DC-06-Z09,CRITICAL,Y,OPERATOR
DC-07,SAFE-DC-07-000,2026-08-08T09:46:00,SPEED_REDUCTION,DC-07-Z06,LOW,Y,SAFETY_PLC
DC-07,SAFE-DC-07-001,2026-08-30T09:16:00,SPEED_REDUCTION,DC-07-Z09,CRITICAL,Y,VISION
DC-07,SAFE-DC-07-002,2026-08-05T19:55:00,MANUAL_OVERRIDE,DC-07-Z04,MEDIUM,N,SAFETY_PLC
DC-07,SAFE-DC-07-003,2026-08-18T16:44:00,ZONE_BREACH,DC-07-Z06,HIGH,Y,VISION
DC-07,SAFE-DC-07-004,2026-08-20T11:42:00,SPEED_REDUCTION,DC-07-Z03,MEDIUM,N,OPERATOR
DC-07,SAFE-DC-07-005,2026-08-09T10:41:00,SPEED_REDUCTION,DC-07-Z03,LOW,Y,VISION
DC-07,SAFE-DC-07-006,2026-08-25T11:51:00,ZONE_BREACH,DC-07-Z09,LOW,N,VISION
DC-07,SAFE-DC-07-007,2026-08-01T08:31:00,ZONE_BREACH,DC-07-Z02,CRITICAL,N,VISION
DC-07,SAFE-DC-07-008,2026-08-06T13:13:00,SCANNER_FAULT,DC-07-Z02,CRITICAL,N,OPERATOR
DC-07,SAFE-DC-07-009,2026-08-30T14:55:00,E_STOP,DC-07-Z06,HIGH,Y,OPERATOR
DC-07,SAFE-DC-07-010,2026-08-27T13:46:00,MANUAL_OVERRIDE,DC-07-Z04,HIGH,Y,FLEET
DC-07,SAFE-DC-07-011,2026-08-25T15:51:00,SCANNER_FAULT,DC-07-Z09,MEDIUM,Y,VISION
DC-07,SAFE-DC-07-012,2026-08-20T21:26:00,NEAR_MISS,DC-07-Z04,MEDIUM,N,OPERATOR
DC-07,SAFE-DC-07-013,2026-08-25T16:11:00,SCANNER_FAULT,DC-07-Z06,LOW,Y,FLEET
DC-07,SAFE-DC-07-014,2026-08-31T11:33:00,MANUAL_OVERRIDE,DC-07-Z10,MEDIUM,Y,FLEET
DC-07,SAFE-DC-07-015,2026-09-04T22:20:00,SPEED_REDUCTION,DC-07-Z10,HIGH,Y,VISION
DC-07,SAFE-DC-07-016,2026-08-24T13:56:00,ZONE_BREACH,DC-07-Z05,HIGH,N,OPERATOR
DC-07,SAFE-DC-07-017,2026-08-24T21:15:00,NEAR_MISS,DC-07-Z01,CRITICAL,Y,OPERATOR
DC-07,SAFE-DC-07-018,2026-08-29T19:14:00,SCANNER_FAULT,DC-07-Z12,HIGH,Y,SAFETY_PLC
DC-07,SAFE-DC-07-019,2026-08-22T11:59:00,MANUAL_OVERRIDE,DC-07-Z07,CRITICAL,Y,VISION
DC-07,SAFE-DC-07-020,2026-09-04T10:48:00,E_STOP,DC-07-Z08,MEDIUM,Y,SAFETY_PLC
DC-07,SAFE-DC-07-021,2026-08-01T17:27:00,MANUAL_OVERRIDE,DC-07-Z06,HIGH,Y,OPERATOR
DC-07,SAFE-DC-07-022,2026-08-07T00:16:00,E_STOP,DC-07-Z06,MEDIUM,Y,OPERATOR
DC-07,SAFE-DC-07-023,2026-08-06T13:45:00,SCANNER_FAULT,DC-07-Z11,CRITICAL,Y,FLEET
DC-07,SAFE-DC-07-024,2026-08-16T22:50:00,E_STOP,DC-07-Z03,HIGH,Y,VISION
DC-07,SAFE-DC-07-025,2026-08-22T13:46:00,SCANNER_FAULT,DC-07-Z06,CRITICAL,Y,OPERATOR
DC-07,SAFE-DC-07-026,2026-08-05T22:43:00,NEAR_MISS,DC-07-Z09,CRITICAL,Y,FLEET
DC-07,SAFE-DC-07-027,2026-08-28T13:39:00,NEAR_MISS,DC-07-Z01,MEDIUM,N,SAFETY_PLC
DC-07,SAFE-DC-07-028,2026-08-29T22:14:00,SPEED_REDUCTION,DC-07-Z03,HIGH,Y,FLEET
DC-07,SAFE-DC-07-029,2026-08-09T19:34:00,MANUAL_OVERRIDE,DC-07-Z10,CRITICAL,Y,SAFETY_PLC
DC-07,SAFE-DC-07-030,2026-08-24T20:21:00,SCANNER_FAULT,DC-07-Z11,CRITICAL,Y,VISION
DC-07,SAFE-DC-07-031,2026-08-03T17:16:00,SPEED_REDUCTION,DC-07-Z01,HIGH,Y,SAFETY_PLC
DC-07,SAFE-DC-07-032,2026-08-21T12:47:00,NEAR_MISS,DC-07-Z02,CRITICAL,Y,SAFETY_PLC
DC-07,SAFE-DC-07-033,2026-08-15T00:34:00,SPEED_REDUCTION,DC-07-Z05,MEDIUM,Y,VISION
DC-07,SAFE-DC-07-034,2026-08-22T06:46:00,SCANNER_FAULT,DC-07-Z12,LOW,Y,VISION
DC-07,SAFE-DC-07-035,2026-08-15T09:28:00,ZONE_BREACH,DC-07-Z09,LOW,Y,SAFETY_PLC
DC-07,SAFE-DC-07-036,2026-08-11T15:53:00,MANUAL_OVERRIDE,DC-07-Z12,LOW,Y,OPERATOR
DC-07,SAFE-DC-07-037,2026-08-13T12:31:00,MANUAL_OVERRIDE,DC-07-Z01,MEDIUM,N,VISION
DC-07,SAFE-DC-07-038,2026-09-01T01:06:00,SPEED_REDUCTION,DC-07-Z02,MEDIUM,Y,SAFETY_PLC
DC-07,SAFE-DC-07-039,2026-08-17T12:35:00,SPEED_REDUCTION,DC-07-Z04,MEDIUM,Y,OPERATOR
DC-07,SAFE-DC-07-040,2026-08-20T23:13:00,SCANNER_FAULT,DC-07-Z07,HIGH,Y,OPERATOR
DC-07,SAFE-DC-07-041,2026-08-22T01:14:00,SPEED_REDUCTION,DC-07-Z06,LOW,Y,OPERATOR
DC-07,SAFE-DC-07-042,2026-09-05T05:04:00,MANUAL_OVERRIDE,DC-07-Z03,CRITICAL,Y,FLEET
DC-07,SAFE-DC-07-043,2026-09-03T11:27:00,MANUAL_OVERRIDE,DC-07-Z08,HIGH,Y,FLEET
DC-07,SAFE-DC-07-044,2026-08-19T17:36:00,ZONE_BREACH,DC-07-Z09,HIGH,Y,FLEET
DC-07,SAFE-DC-07-045,2026-08-24T16:05:00,NEAR_MISS,DC-07-Z09,CRITICAL,N,SAFETY_PLC
DC-07,SAFE-DC-07-046,2026-08-02T06:10:00,NEAR_MISS,DC-07-Z10,MEDIUM,Y,OPERATOR
DC-07,SAFE-DC-07-047,2026-08-22T06:47:00,NEAR_MISS,DC-07-Z01,LOW,Y,FLEET
DC-07,SAFE-DC-07-048,2026-09-02T04:38:00,NEAR_MISS,DC-07-Z08,MEDIUM,Y,VISION
DC-07,SAFE-DC-07-049,2026-09-04T03:40:00,E_STOP,DC-07-Z10,LOW,N,FLEET
DC-07,SAFE-DC-07-050,2026-08-16T12:17:00,E_STOP,DC-07-Z04,MEDIUM,N,OPERATOR
DC-07,SAFE-DC-07-051,2026-08-14T08:39:00,NEAR_MISS,DC-07-Z08,MEDIUM,Y,FLEET
DC-07,SAFE-DC-07-052,2026-08-21T08:27:00,ZONE_BREACH,DC-07-Z01,HIGH,Y,OPERATOR
DC-07,SAFE-DC-07-053,2026-08-13T06:57:00,NEAR_MISS,DC-07-Z06,LOW,Y,FLEET
DC-07,SAFE-DC-07-054,2026-08-29T23:51:00,SPEED_REDUCTION,DC-07-Z12,CRITICAL,Y,SAFETY_PLC
DC-07,SAFE-DC-07-055,2026-08-04T02:07:00,SPEED_REDUCTION,DC-07-Z02,LOW,N,FLEET
DC-07,SAFE-DC-07-056,2026-09-01T21:54:00,MANUAL_OVERRIDE,DC-07-Z07,LOW,Y,SAFETY_PLC
DC-07,SAFE-DC-07-057,2026-08-12T02:09:00,E_STOP,DC-07-Z07,HIGH,Y,VISION
DC-07,SAFE-DC-07-058,2026-08-08T10:17:00,NEAR_MISS,DC-07-Z09,MEDIUM,Y,OPERATOR
DC-07,SAFE-DC-07-059,2026-09-02T16:35:00,MANUAL_OVERRIDE,DC-07-Z05,MEDIUM,Y,OPERATOR
DC-07,SAFE-DC-07-060,2026-08-17T09:25:00,ZONE_BREACH,DC-07-Z06,LOW,Y,FLEET
DC-07,SAFE-DC-07-061,2026-08-30T17:26:00,SPEED_REDUCTION,DC-07-Z06,MEDIUM,Y,FLEET
DC-07,SAFE-DC-07-062,2026-09-04T11:23:00,SCANNER_FAULT,DC-07-Z07,MEDIUM,Y,SAFETY_PLC
DC-07,SAFE-DC-07-063,2026-08-12T01:59:00,SCANNER_FAULT,DC-07-Z08,MEDIUM,Y,VISION
DC-07,SAFE-DC-07-064,2026-08-09T01:26:00,SPEED_REDUCTION,DC-07-Z01,HIGH,Y,VISION
DC-08,SAFE-DC-08-000,2026-08-17T08:27:00,SPEED_REDUCTION,DC-08-Z01,MEDIUM,Y,OPERATOR
DC-08,SAFE-DC-08-001,2026-08-01T17:19:00,NEAR_MISS,DC-08-Z02,HIGH,Y,OPERATOR
DC-08,SAFE-DC-08-002,2026-08-29T07:57:00,MANUAL_OVERRIDE,DC-08-Z03,HIGH,Y,FLEET
DC-08,SAFE-DC-08-003,2026-08-24T04:40:00,E_STOP,DC-08-Z05,CRITICAL,Y,FLEET
DC-08,SAFE-DC-08-004,2026-08-27T09:32:00,NEAR_MISS,DC-08-Z07,LOW,N,OPERATOR
DC-08,SAFE-DC-08-005,2026-08-18T19:32:00,ZONE_BREACH,DC-08-Z08,CRITICAL,N,VISION
DC-08,SAFE-DC-08-006,2026-08-24T17:18:00,SCANNER_FAULT,DC-08-Z04,LOW,Y,FLEET
DC-08,SAFE-DC-08-007,2026-08-30T17:34:00,SPEED_REDUCTION,DC-08-Z10,HIGH,Y,SAFETY_PLC
DC-08,SAFE-DC-08-008,2026-08-15T00:28:00,SCANNER_FAULT,DC-08-Z01,CRITICAL,N,VISION
DC-08,SAFE-DC-08-009,2026-08-07T18:26:00,ZONE_BREACH,DC-08-Z09,CRITICAL,Y,SAFETY_PLC
DC-08,SAFE-DC-08-010,2026-08-28T09:51:00,NEAR_MISS,DC-08-Z11,HIGH,Y,SAFETY_PLC
DC-08,SAFE-DC-08-011,2026-08-29T11:50:00,SCANNER_FAULT,DC-08-Z08,HIGH,Y,VISION
DC-08,SAFE-DC-08-012,2026-08-20T23:23:00,SCANNER_FAULT,DC-08-Z04,HIGH,Y,SAFETY_PLC
DC-08,SAFE-DC-08-013,2026-08-22T12:21:00,NEAR_MISS,DC-08-Z08,HIGH,Y,FLEET
DC-08,SAFE-DC-08-014,2026-08-23T11:42:00,NEAR_MISS,DC-08-Z04,CRITICAL,Y,OPERATOR
DC-08,SAFE-DC-08-015,2026-08-24T06:52:00,E_STOP,DC-08-Z12,CRITICAL,Y,SAFETY_PLC
DC-08,SAFE-DC-08-016,2026-08-03T11:33:00,SCANNER_FAULT,DC-08-Z11,MEDIUM,Y,OPERATOR
DC-08,SAFE-DC-08-017,2026-08-05T17:49:00,E_STOP,DC-08-Z05,HIGH,Y,VISION
DC-08,SAFE-DC-08-018,2026-08-26T19:37:00,MANUAL_OVERRIDE,DC-08-Z03,HIGH,Y,VISION
DC-08,SAFE-DC-08-019,2026-08-22T11:37:00,SCANNER_FAULT,DC-08-Z02,CRITICAL,Y,OPERATOR
DC-08,SAFE-DC-08-020,2026-08-22T22:44:00,NEAR_MISS,DC-08-Z07,LOW,Y,VISION
DC-08,SAFE-DC-08-021,2026-08-15T00:48:00,SPEED_REDUCTION,DC-08-Z04,HIGH,Y,SAFETY_PLC
DC-08,SAFE-DC-08-022,2026-08-04T11:04:00,NEAR_MISS,DC-08-Z04,LOW,Y,FLEET
DC-08,SAFE-DC-08-023,2026-08-28T02:46:00,ZONE_BREACH,DC-08-Z05,MEDIUM,Y,VISION
DC-08,SAFE-DC-08-024,2026-08-13T22:58:00,ZONE_BREACH,DC-08-Z09,CRITICAL,Y,FLEET
DC-08,SAFE-DC-08-025,2026-08-14T08:23:00,NEAR_MISS,DC-08-Z11,LOW,Y,SAFETY_PLC
DC-08,SAFE-DC-08-026,2026-08-20T17:52:00,NEAR_MISS,DC-08-Z04,HIGH,Y,FLEET
DC-08,SAFE-DC-08-027,2026-08-04T21:06:00,MANUAL_OVERRIDE,DC-08-Z11,HIGH,Y,VISION
DC-08,SAFE-DC-08-028,2026-08-17T00:03:00,MANUAL_OVERRIDE,DC-08-Z11,HIGH,Y,VISION
DC-08,SAFE-DC-08-029,2026-08-14T16:11:00,NEAR_MISS,DC-08-Z09,MEDIUM,Y,OPERATOR
DC-08,SAFE-DC-08-030,2026-08-05T09:14:00,ZONE_BREACH,DC-08-Z06,CRITICAL,Y,FLEET
DC-08,SAFE-DC-08-031,2026-08-06T06:10:00,ZONE_BREACH,DC-08-Z11,CRITICAL,Y,FLEET
DC-08,SAFE-DC-08-032,2026-08-21T12:30:00,ZONE_BREACH,DC-08-Z02,HIGH,Y,VISION
DC-08,SAFE-DC-08-033,2026-08-30T05:53:00,ZONE_BREACH,DC-08-Z11,HIGH,Y,FLEET
DC-08,SAFE-DC-08-034,2026-08-28T03:31:00,SCANNER_FAULT,DC-08-Z02,MEDIUM,Y,SAFETY_PLC
DC-08,SAFE-DC-08-035,2026-08-24T10:22:00,MANUAL_OVERRIDE,DC-08-Z02,LOW,Y,FLEET
DC-08,SAFE-DC-08-036,2026-08-07T23:31:00,SPEED_REDUCTION,DC-08-Z09,CRITICAL,Y,OPERATOR
DC-08,SAFE-DC-08-037,2026-08-06T03:15:00,ZONE_BREACH,DC-08-Z06,HIGH,N,SAFETY_PLC
DC-08,SAFE-DC-08-038,2026-08-03T11:27:00,SCANNER_FAULT,DC-08-Z01,MEDIUM,Y,SAFETY_PLC
DC-08,SAFE-DC-08-039,2026-08-25T06:10:00,ZONE_BREACH,DC-08-Z01,LOW,Y,SAFETY_PLC
DC-08,SAFE-DC-08-040,2026-08-19T16:52:00,SCANNER_FAULT,DC-08-Z01,CRITICAL,Y,SAFETY_PLC
DC-08,SAFE-DC-08-041,2026-09-04T01:36:00,MANUAL_OVERRIDE,DC-08-Z03,LOW,Y,VISION
DC-08,SAFE-DC-08-042,2026-08-01T22:54:00,MANUAL_OVERRIDE,DC-08-Z08,LOW,N,OPERATOR
DC-08,SAFE-DC-08-043,2026-08-14T22:28:00,MANUAL_OVERRIDE,DC-08-Z11,HIGH,Y,OPERATOR
DC-08,SAFE-DC-08-044,2026-08-21T02:35:00,NEAR_MISS,DC-08-Z02,LOW,Y,OPERATOR
DC-08,SAFE-DC-08-045,2026-08-11T15:41:00,NEAR_MISS,DC-08-Z12,MEDIUM,Y,SAFETY_PLC
DC-08,SAFE-DC-08-046,2026-08-09T11:09:00,SPEED_REDUCTION,DC-08-Z05,LOW,N,VISION
DC-08,SAFE-DC-08-047,2026-08-23T06:57:00,SCANNER_FAULT,DC-08-Z11,LOW,Y,SAFETY_PLC
DC-08,SAFE-DC-08-048,2026-08-24T06:25:00,ZONE_BREACH,DC-08-Z08,HIGH,Y,VISION
DC-08,SAFE-DC-08-049,2026-08-07T18:17:00,ZONE_BREACH,DC-08-Z06,MEDIUM,Y,SAFETY_PLC
DC-08,SAFE-DC-08-050,2026-08-04T03:54:00,SPEED_REDUCTION,DC-08-Z11,LOW,Y,SAFETY_PLC
DC-08,SAFE-DC-08-051,2026-09-03T00:36:00,SCANNER_FAULT,DC-08-Z04,HIGH,Y,OPERATOR
DC-08,SAFE-DC-08-052,2026-08-15T08:36:00,ZONE_BREACH,DC-08-Z11,LOW,Y,OPERATOR
DC-08,SAFE-DC-08-053,2026-08-03T05:02:00,E_STOP,DC-08-Z07,CRITICAL,N,VISION
DC-08,SAFE-DC-08-054,2026-08-25T16:59:00,E_STOP,DC-08-Z09,CRITICAL,Y,VISION
DC-08,SAFE-DC-08-055,2026-08-17T22:48:00,ZONE_BREACH,DC-08-Z05,CRITICAL,Y,FLEET
DC-08,SAFE-DC-08-056,2026-09-04T15:13:00,SPEED_REDUCTION,DC-08-Z06,LOW,N,FLEET
DC-08,SAFE-DC-08-057,2026-08-18T12:42:00,ZONE_BREACH,DC-08-Z02,CRITICAL,Y,FLEET
DC-08,SAFE-DC-08-058,2026-08-26T15:57:00,SCANNER_FAULT,DC-08-Z06,HIGH,N,SAFETY_PLC
DC-08,SAFE-DC-08-059,2026-08-22T22:59:00,SCANNER_FAULT,DC-08-Z11,MEDIUM,N,FLEET
DC-08,SAFE-DC-08-060,2026-08-21T15:55:00,SCANNER_FAULT,DC-08-Z06,LOW,Y,OPERATOR
DC-08,SAFE-DC-08-061,2026-08-16T04:40:00,SPEED_REDUCTION,DC-08-Z07,CRITICAL,Y,OPERATOR
DC-08,SAFE-DC-08-062,2026-08-22T14:12:00,MANUAL_OVERRIDE,DC-08-Z01,CRITICAL,Y,OPERATOR
DC-08,SAFE-DC-08-063,2026-08-05T13:44:00,SPEED_REDUCTION,DC-08-Z06,MEDIUM,Y,SAFETY_PLC
DC-08,SAFE-DC-08-064,2026-08-10T19:22:00,SCANNER_FAULT,DC-08-Z04,HIGH,N,FLEET
DC-09,SAFE-DC-09-000,2026-08-08T08:58:00,NEAR_MISS,DC-09-Z06,LOW,Y,FLEET
DC-09,SAFE-DC-09-001,2026-08-01T10:02:00,E_STOP,DC-09-Z09,CRITICAL,Y,OPERATOR
DC-09,SAFE-DC-09-002,2026-08-27T18:57:00,ZONE_BREACH,DC-09-Z04,HIGH,Y,VISION
DC-09,SAFE-DC-09-003,2026-08-28T10:47:00,MANUAL_OVERRIDE,DC-09-Z04,HIGH,Y,FLEET
DC-09,SAFE-DC-09-004,2026-08-27T04:47:00,NEAR_MISS,DC-09-Z01,MEDIUM,Y,FLEET
DC-09,SAFE-DC-09-005,2026-08-11T18:05:00,E_STOP,DC-09-Z06,LOW,N,FLEET
DC-09,SAFE-DC-09-006,2026-08-02T05:07:00,MANUAL_OVERRIDE,DC-09-Z12,LOW,Y,OPERATOR
DC-09,SAFE-DC-09-007,2026-08-27T22:00:00,MANUAL_OVERRIDE,DC-09-Z01,CRITICAL,Y,SAFETY_PLC
DC-09,SAFE-DC-09-008,2026-08-07T12:19:00,E_STOP,DC-09-Z07,HIGH,Y,VISION
DC-09,SAFE-DC-09-009,2026-08-20T10:31:00,E_STOP,DC-09-Z12,MEDIUM,Y,SAFETY_PLC
DC-09,SAFE-DC-09-010,2026-08-07T20:43:00,ZONE_BREACH,DC-09-Z05,HIGH,Y,FLEET
DC-09,SAFE-DC-09-011,2026-08-19T15:29:00,ZONE_BREACH,DC-09-Z12,CRITICAL,N,OPERATOR
DC-09,SAFE-DC-09-012,2026-08-18T10:53:00,SPEED_REDUCTION,DC-09-Z11,HIGH,Y,SAFETY_PLC
DC-09,SAFE-DC-09-013,2026-08-19T14:00:00,E_STOP,DC-09-Z07,MEDIUM,Y,SAFETY_PLC
DC-09,SAFE-DC-09-014,2026-08-10T01:14:00,E_STOP,DC-09-Z12,MEDIUM,Y,SAFETY_PLC
DC-09,SAFE-DC-09-015,2026-08-17T13:56:00,E_STOP,DC-09-Z02,CRITICAL,Y,VISION
DC-09,SAFE-DC-09-016,2026-08-02T12:25:00,NEAR_MISS,DC-09-Z12,HIGH,Y,FLEET
DC-09,SAFE-DC-09-017,2026-08-14T19:20:00,E_STOP,DC-09-Z04,HIGH,N,VISION
DC-09,SAFE-DC-09-018,2026-08-31T12:24:00,MANUAL_OVERRIDE,DC-09-Z02,HIGH,Y,FLEET
DC-09,SAFE-DC-09-019,2026-08-26T15:37:00,MANUAL_OVERRIDE,DC-09-Z09,LOW,Y,SAFETY_PLC
DC-09,SAFE-DC-09-020,2026-08-24T06:34:00,NEAR_MISS,DC-09-Z11,LOW,Y,VISION
DC-09,SAFE-DC-09-021,2026-08-19T09:20:00,MANUAL_OVERRIDE,DC-09-Z10,MEDIUM,Y,SAFETY_PLC
DC-09,SAFE-DC-09-022,2026-08-17T06:26:00,SCANNER_FAULT,DC-09-Z05,HIGH,Y,VISION
DC-09,SAFE-DC-09-023,2026-08-29T09:10:00,NEAR_MISS,DC-09-Z01,MEDIUM,N,VISION
DC-09,SAFE-DC-09-024,2026-09-03T03:42:00,NEAR_MISS,DC-09-Z02,MEDIUM,Y,OPERATOR
DC-09,SAFE-DC-09-025,2026-08-22T20:59:00,NEAR_MISS,DC-09-Z09,CRITICAL,Y,FLEET
DC-09,SAFE-DC-09-026,2026-08-19T16:44:00,ZONE_BREACH,DC-09-Z03,MEDIUM,Y,SAFETY_PLC
DC-09,SAFE-DC-09-027,2026-09-04T16:49:00,E_STOP,DC-09-Z02,MEDIUM,Y,VISION
DC-09,SAFE-DC-09-028,2026-08-11T01:31:00,E_STOP,DC-09-Z12,LOW,N,FLEET
DC-09,SAFE-DC-09-029,2026-09-02T00:07:00,MANUAL_OVERRIDE,DC-09-Z03,LOW,Y,SAFETY_PLC
DC-09,SAFE-DC-09-030,2026-08-04T21:31:00,E_STOP,DC-09-Z07,MEDIUM,Y,SAFETY_PLC
DC-09,SAFE-DC-09-031,2026-09-03T16:12:00,ZONE_BREACH,DC-09-Z08,MEDIUM,Y,OPERATOR
DC-09,SAFE-DC-09-032,2026-08-15T07:48:00,SPEED_REDUCTION,DC-09-Z11,HIGH,Y,OPERATOR
DC-09,SAFE-DC-09-033,2026-09-04T19:17:00,SCANNER_FAULT,DC-09-Z08,HIGH,Y,FLEET
DC-09,SAFE-DC-09-034,2026-09-02T06:11:00,MANUAL_OVERRIDE,DC-09-Z06,CRITICAL,Y,SAFETY_PLC
DC-09,SAFE-DC-09-035,2026-08-03T23:25:00,E_STOP,DC-09-Z01,CRITICAL,N,SAFETY_PLC
DC-09,SAFE-DC-09-036,2026-08-01T19:56:00,ZONE_BREACH,DC-09-Z04,CRITICAL,N,FLEET
DC-09,SAFE-DC-09-037,2026-08-18T01:23:00,ZONE_BREACH,DC-09-Z04,HIGH,Y,OPERATOR
DC-09,SAFE-DC-09-038,2026-08-23T04:04:00,SPEED_REDUCTION,DC-09-Z10,HIGH,Y,OPERATOR
DC-09,SAFE-DC-09-039,2026-09-04T07:17:00,SCANNER_FAULT,DC-09-Z08,MEDIUM,Y,FLEET
DC-09,SAFE-DC-09-040,2026-08-24T13:07:00,E_STOP,DC-09-Z01,MEDIUM,Y,OPERATOR
DC-09,SAFE-DC-09-041,2026-08-08T01:32:00,SPEED_REDUCTION,DC-09-Z05,CRITICAL,Y,VISION
DC-09,SAFE-DC-09-042,2026-08-13T04:21:00,NEAR_MISS,DC-09-Z11,HIGH,Y,FLEET
DC-09,SAFE-DC-09-043,2026-08-08T06:47:00,E_STOP,DC-09-Z08,HIGH,Y,VISION
DC-09,SAFE-DC-09-044,2026-08-18T21:44:00,ZONE_BREACH,DC-09-Z12,CRITICAL,Y,OPERATOR
DC-09,SAFE-DC-09-045,2026-08-20T13:13:00,SCANNER_FAULT,DC-09-Z02,HIGH,Y,VISION
DC-09,SAFE-DC-09-046,2026-08-15T08:54:00,ZONE_BREACH,DC-09-Z04,CRITICAL,Y,SAFETY_PLC
DC-09,SAFE-DC-09-047,2026-08-29T22:54:00,SPEED_REDUCTION,DC-09-Z08,HIGH,Y,FLEET
DC-09,SAFE-DC-09-048,2026-08-04T06:33:00,MANUAL_OVERRIDE,DC-09-Z02,CRITICAL,Y,SAFETY_PLC
DC-09,SAFE-DC-09-049,2026-08-19T07:33:00,ZONE_BREACH,DC-09-Z10,MEDIUM,Y,VISION
DC-09,SAFE-DC-09-050,2026-08-18T17:42:00,ZONE_BREACH,DC-09-Z01,CRITICAL,N,FLEET
DC-09,SAFE-DC-09-051,2026-08-13T12:37:00,NEAR_MISS,DC-09-Z05,HIGH,Y,FLEET
DC-09,SAFE-DC-09-052,2026-08-12T03:45:00,SCANNER_FAULT,DC-09-Z03,CRITICAL,Y,SAFETY_PLC
DC-09,SAFE-DC-09-053,2026-09-04T23:33:00,ZONE_BREACH,DC-09-Z03,HIGH,Y,SAFETY_PLC
DC-09,SAFE-DC-09-054,2026-08-05T16:01:00,SPEED_REDUCTION,DC-09-Z10,MEDIUM,Y,FLEET
DC-09,SAFE-DC-09-055,2026-08-26T00:36:00,NEAR_MISS,DC-09-Z11,MEDIUM,N,OPERATOR
DC-09,SAFE-DC-09-056,2026-08-06T22:43:00,MANUAL_OVERRIDE,DC-09-Z07,MEDIUM,Y,FLEET
DC-09,SAFE-DC-09-057,2026-08-05T18:05:00,NEAR_MISS,DC-09-Z05,CRITICAL,Y,VISION
DC-09,SAFE-DC-09-058,2026-09-03T09:17:00,SCANNER_FAULT,DC-09-Z01,CRITICAL,Y,OPERATOR
DC-09,SAFE-DC-09-059,2026-08-23T14:13:00,E_STOP,DC-09-Z04,HIGH,Y,FLEET
DC-09,SAFE-DC-09-060,2026-08-15T20:35:00,SPEED_REDUCTION,DC-09-Z04,LOW,N,OPERATOR
DC-09,SAFE-DC-09-061,2026-08-17T03:20:00,MANUAL_OVERRIDE,DC-09-Z03,CRITICAL,Y,VISION
DC-09,SAFE-DC-09-062,2026-08-22T23:13:00,E_STOP,DC-09-Z12,LOW,N,FLEET
DC-09,SAFE-DC-09-063,2026-09-02T06:47:00,SPEED_REDUCTION,DC-09-Z10,LOW,Y,OPERATOR
DC-09,SAFE-DC-09-064,2026-08-12T17:35:00,MANUAL_OVERRIDE,DC-09-Z01,HIGH,Y,OPERATOR
DC-10,SAFE-DC-10-000,2026-08-27T06:12:00,SPEED_REDUCTION,DC-10-Z10,MEDIUM,N,OPERATOR
DC-10,SAFE-DC-10-001,2026-08-21T21:46:00,ZONE_BREACH,DC-10-Z02,HIGH,Y,VISION
DC-10,SAFE-DC-10-002,2026-08-09T10:28:00,NEAR_MISS,DC-10-Z10,MEDIUM,Y,OPERATOR
DC-10,SAFE-DC-10-003,2026-08-17T11:38:00,MANUAL_OVERRIDE,DC-10-Z11,HIGH,N,OPERATOR
DC-10,SAFE-DC-10-004,2026-08-30T13:05:00,SPEED_REDUCTION,DC-10-Z10,MEDIUM,Y,OPERATOR
DC-10,SAFE-DC-10-005,2026-08-16T06:49:00,ZONE_BREACH,DC-10-Z01,CRITICAL,Y,OPERATOR
DC-10,SAFE-DC-10-006,2026-08-19T21:55:00,ZONE_BREACH,DC-10-Z09,HIGH,Y,OPERATOR
DC-10,SAFE-DC-10-007,2026-08-17T10:00:00,NEAR_MISS,DC-10-Z12,MEDIUM,Y,FLEET
DC-10,SAFE-DC-10-008,2026-08-13T22:02:00,E_STOP,DC-10-Z07,CRITICAL,Y,SAFETY_PLC
DC-10,SAFE-DC-10-009,2026-08-04T06:56:00,E_STOP,DC-10-Z02,MEDIUM,N,VISION
DC-10,SAFE-DC-10-010,2026-08-28T21:22:00,SCANNER_FAULT,DC-10-Z09,HIGH,Y,VISION
DC-10,SAFE-DC-10-011,2026-08-02T05:12:00,NEAR_MISS,DC-10-Z09,LOW,N,SAFETY_PLC
DC-10,SAFE-DC-10-012,2026-08-12T20:47:00,MANUAL_OVERRIDE,DC-10-Z04,HIGH,N,SAFETY_PLC
DC-10,SAFE-DC-10-013,2026-08-30T11:27:00,SPEED_REDUCTION,DC-10-Z05,HIGH,N,FLEET
DC-10,SAFE-DC-10-014,2026-08-28T13:02:00,NEAR_MISS,DC-10-Z04,MEDIUM,Y,SAFETY_PLC
DC-10,SAFE-DC-10-015,2026-09-01T16:03:00,ZONE_BREACH,DC-10-Z04,HIGH,Y,SAFETY_PLC
DC-10,SAFE-DC-10-016,2026-08-24T08:58:00,SCANNER_FAULT,DC-10-Z10,MEDIUM,Y,SAFETY_PLC
DC-10,SAFE-DC-10-017,2026-08-25T13:12:00,SPEED_REDUCTION,DC-10-Z02,CRITICAL,Y,FLEET
DC-10,SAFE-DC-10-018,2026-08-31T13:08:00,E_STOP,DC-10-Z07,MEDIUM,Y,OPERATOR
DC-10,SAFE-DC-10-019,2026-08-29T14:47:00,SCANNER_FAULT,DC-10-Z10,HIGH,N,FLEET
DC-10,SAFE-DC-10-020,2026-08-22T00:48:00,NEAR_MISS,DC-10-Z07,MEDIUM,Y,SAFETY_PLC
DC-10,SAFE-DC-10-021,2026-08-08T07:11:00,NEAR_MISS,DC-10-Z06,LOW,Y,VISION
DC-10,SAFE-DC-10-022,2026-08-15T15:37:00,E_STOP,DC-10-Z03,CRITICAL,Y,FLEET
DC-10,SAFE-DC-10-023,2026-08-17T18:27:00,E_STOP,DC-10-Z11,CRITICAL,Y,SAFETY_PLC
DC-10,SAFE-DC-10-024,2026-08-29T22:58:00,E_STOP,DC-10-Z04,CRITICAL,Y,FLEET
DC-10,SAFE-DC-10-025,2026-08-19T14:57:00,SCANNER_FAULT,DC-10-Z12,MEDIUM,N,SAFETY_PLC
DC-10,SAFE-DC-10-026,2026-08-09T15:59:00,NEAR_MISS,DC-10-Z02,CRITICAL,Y,VISION
DC-10,SAFE-DC-10-027,2026-08-31T12:00:00,SPEED_REDUCTION,DC-10-Z11,LOW,Y,OPERATOR
DC-10,SAFE-DC-10-028,2026-08-05T22:10:00,SCANNER_FAULT,DC-10-Z07,LOW,Y,FLEET
DC-10,SAFE-DC-10-029,2026-08-18T15:48:00,SCANNER_FAULT,DC-10-Z04,MEDIUM,N,SAFETY_PLC
DC-10,SAFE-DC-10-030,2026-08-09T13:24:00,NEAR_MISS,DC-10-Z08,CRITICAL,Y,OPERATOR
DC-10,SAFE-DC-10-031,2026-08-20T07:44:00,ZONE_BREACH,DC-10-Z03,MEDIUM,Y,FLEET
DC-10,SAFE-DC-10-032,2026-09-02T22:45:00,MANUAL_OVERRIDE,DC-10-Z08,CRITICAL,N,VISION
DC-10,SAFE-DC-10-033,2026-08-06T09:00:00,NEAR_MISS,DC-10-Z08,HIGH,Y,FLEET
DC-10,SAFE-DC-10-034,2026-08-10T17:38:00,MANUAL_OVERRIDE,DC-10-Z03,MEDIUM,Y,OPERATOR
DC-10,SAFE-DC-10-035,2026-09-03T11:53:00,MANUAL_OVERRIDE,DC-10-Z07,HIGH,Y,FLEET
DC-10,SAFE-DC-10-036,2026-08-14T12:19:00,E_STOP,DC-10-Z11,LOW,Y,VISION
DC-10,SAFE-DC-10-037,2026-08-27T23:00:00,SPEED_REDUCTION,DC-10-Z09,MEDIUM,Y,FLEET
DC-10,SAFE-DC-10-038,2026-08-09T17:58:00,MANUAL_OVERRIDE,DC-10-Z09,LOW,N,OPERATOR
DC-10,SAFE-DC-10-039,2026-09-02T23:21:00,SPEED_REDUCTION,DC-10-Z12,MEDIUM,Y,SAFETY_PLC
DC-10,SAFE-DC-10-040,2026-09-03T03:10:00,ZONE_BREACH,DC-10-Z02,CRITICAL,Y,FLEET
DC-10,SAFE-DC-10-041,2026-08-17T08:58:00,ZONE_BREACH,DC-10-Z04,CRITICAL,Y,VISION
DC-10,SAFE-DC-10-042,2026-08-31T23:08:00,NEAR_MISS,DC-10-Z06,CRITICAL,Y,OPERATOR
DC-10,SAFE-DC-10-043,2026-08-23T17:25:00,E_STOP,DC-10-Z06,CRITICAL,Y,OPERATOR
DC-10,SAFE-DC-10-044,2026-08-04T21:51:00,SCANNER_FAULT,DC-10-Z09,CRITICAL,Y,OPERATOR
DC-10,SAFE-DC-10-045,2026-08-14T00:26:00,SPEED_REDUCTION,DC-10-Z11,LOW,Y,SAFETY_PLC
DC-10,SAFE-DC-10-046,2026-08-03T19:09:00,ZONE_BREACH,DC-10-Z05,HIGH,Y,VISION
DC-10,SAFE-DC-10-047,2026-08-26T01:28:00,ZONE_BREACH,DC-10-Z04,MEDIUM,N,FLEET
DC-10,SAFE-DC-10-048,2026-08-12T11:36:00,E_STOP,DC-10-Z10,HIGH,N,FLEET
DC-10,SAFE-DC-10-049,2026-08-19T02:45:00,E_STOP,DC-10-Z02,MEDIUM,Y,VISION
DC-10,SAFE-DC-10-050,2026-08-15T23:23:00,NEAR_MISS,DC-10-Z02,HIGH,Y,OPERATOR
DC-10,SAFE-DC-10-051,2026-08-23T00:48:00,SCANNER_FAULT,DC-10-Z12,LOW,Y,FLEET
DC-10,SAFE-DC-10-052,2026-08-26T13:29:00,SCANNER_FAULT,DC-10-Z11,MEDIUM,Y,VISION
DC-10,SAFE-DC-10-053,2026-09-01T14:22:00,SCANNER_FAULT,DC-10-Z09,HIGH,Y,OPERATOR
DC-10,SAFE-DC-10-054,2026-08-06T03:36:00,SPEED_REDUCTION,DC-10-Z11,CRITICAL,Y,OPERATOR
DC-10,SAFE-DC-10-055,2026-08-31T13:36:00,SPEED_REDUCTION,DC-10-Z12,LOW,N,FLEET
DC-10,SAFE-DC-10-056,2026-08-04T09:17:00,E_STOP,DC-10-Z01,CRITICAL,Y,SAFETY_PLC
DC-10,SAFE-DC-10-057,2026-08-30T03:54:00,SPEED_REDUCTION,DC-10-Z04,LOW,Y,OPERATOR
DC-10,SAFE-DC-10-058,2026-08-07T17:05:00,SCANNER_FAULT,DC-10-Z08,HIGH,N,OPERATOR
DC-10,SAFE-DC-10-059,2026-08-20T16:41:00,NEAR_MISS,DC-10-Z12,MEDIUM,Y,VISION
DC-10,SAFE-DC-10-060,2026-08-03T20:59:00,NEAR_MISS,DC-10-Z04,MEDIUM,Y,FLEET
DC-10,SAFE-DC-10-061,2026-08-09T03:23:00,NEAR_MISS,DC-10-Z11,HIGH,N,FLEET
DC-10,SAFE-DC-10-062,2026-09-03T22:03:00,SPEED_REDUCTION,DC-10-Z01,HIGH,Y,FLEET
DC-10,SAFE-DC-10-063,2026-08-01T19:41:00,E_STOP,DC-10-Z08,MEDIUM,Y,VISION
DC-10,SAFE-DC-10-064,2026-08-19T13:46:00,MANUAL_OVERRIDE,DC-10-Z12,HIGH,Y,VISION
DC-11,SAFE-DC-11-000,2026-08-12T00:59:00,NEAR_MISS,DC-11-Z07,CRITICAL,Y,SAFETY_PLC
DC-11,SAFE-DC-11-001,2026-08-16T21:00:00,SCANNER_FAULT,DC-11-Z09,MEDIUM,Y,FLEET
DC-11,SAFE-DC-11-002,2026-08-27T18:15:00,ZONE_BREACH,DC-11-Z10,MEDIUM,Y,SAFETY_PLC
DC-11,SAFE-DC-11-003,2026-08-26T16:48:00,MANUAL_OVERRIDE,DC-11-Z11,HIGH,Y,VISION
DC-11,SAFE-DC-11-004,2026-08-04T21:14:00,MANUAL_OVERRIDE,DC-11-Z11,LOW,N,VISION
DC-11,SAFE-DC-11-005,2026-08-03T20:59:00,E_STOP,DC-11-Z05,LOW,Y,FLEET
DC-11,SAFE-DC-11-006,2026-08-09T01:02:00,SPEED_REDUCTION,DC-11-Z02,LOW,Y,SAFETY_PLC
DC-11,SAFE-DC-11-007,2026-08-17T17:30:00,NEAR_MISS,DC-11-Z07,LOW,Y,SAFETY_PLC
DC-11,SAFE-DC-11-008,2026-08-22T06:48:00,MANUAL_OVERRIDE,DC-11-Z05,CRITICAL,N,OPERATOR
DC-11,SAFE-DC-11-009,2026-09-02T16:27:00,SCANNER_FAULT,DC-11-Z12,CRITICAL,Y,FLEET
DC-11,SAFE-DC-11-010,2026-08-09T09:40:00,SPEED_REDUCTION,DC-11-Z09,HIGH,Y,OPERATOR
DC-11,SAFE-DC-11-011,2026-08-19T17:38:00,SCANNER_FAULT,DC-11-Z09,MEDIUM,N,OPERATOR
DC-11,SAFE-DC-11-012,2026-08-16T12:05:00,NEAR_MISS,DC-11-Z09,HIGH,Y,VISION
DC-11,SAFE-DC-11-013,2026-08-06T02:21:00,ZONE_BREACH,DC-11-Z06,LOW,N,FLEET
DC-11,SAFE-DC-11-014,2026-08-18T07:43:00,SCANNER_FAULT,DC-11-Z01,LOW,Y,OPERATOR
DC-11,SAFE-DC-11-015,2026-08-08T06:11:00,MANUAL_OVERRIDE,DC-11-Z04,CRITICAL,Y,VISION
DC-11,SAFE-DC-11-016,2026-08-23T19:28:00,SCANNER_FAULT,DC-11-Z03,HIGH,Y,OPERATOR
DC-11,SAFE-DC-11-017,2026-09-01T04:50:00,MANUAL_OVERRIDE,DC-11-Z05,LOW,Y,FLEET
DC-11,SAFE-DC-11-018,2026-09-01T21:13:00,MANUAL_OVERRIDE,DC-11-Z10,MEDIUM,Y,FLEET
DC-11,SAFE-DC-11-019,2026-08-08T03:05:00,SPEED_REDUCTION,DC-11-Z11,CRITICAL,Y,FLEET
DC-11,SAFE-DC-11-020,2026-08-23T09:33:00,SCANNER_FAULT,DC-11-Z12,MEDIUM,Y,SAFETY_PLC
DC-11,SAFE-DC-11-021,2026-08-19T11:51:00,MANUAL_OVERRIDE,DC-11-Z11,HIGH,N,VISION
DC-11,SAFE-DC-11-022,2026-08-25T01:16:00,MANUAL_OVERRIDE,DC-11-Z09,HIGH,Y,OPERATOR
DC-11,SAFE-DC-11-023,2026-08-10T23:19:00,MANUAL_OVERRIDE,DC-11-Z09,HIGH,Y,SAFETY_PLC
DC-11,SAFE-DC-11-024,2026-08-04T13:15:00,MANUAL_OVERRIDE,DC-11-Z02,HIGH,Y,SAFETY_PLC
DC-11,SAFE-DC-11-025,2026-09-03T20:25:00,SCANNER_FAULT,DC-11-Z06,LOW,Y,VISION
DC-11,SAFE-DC-11-026,2026-08-22T16:42:00,E_STOP,DC-11-Z08,HIGH,Y,FLEET
DC-11,SAFE-DC-11-027,2026-08-30T15:49:00,E_STOP,DC-11-Z01,MEDIUM,Y,OPERATOR
DC-11,SAFE-DC-11-028,2026-08-19T04:48:00,SCANNER_FAULT,DC-11-Z09,MEDIUM,Y,OPERATOR
DC-11,SAFE-DC-11-029,2026-08-05T06:09:00,NEAR_MISS,DC-11-Z02,MEDIUM,Y,OPERATOR
DC-11,SAFE-DC-11-030,2026-08-14T02:28:00,E_STOP,DC-11-Z11,CRITICAL,Y,VISION
DC-11,SAFE-DC-11-031,2026-08-22T13:52:00,ZONE_BREACH,DC-11-Z05,MEDIUM,Y,OPERATOR
DC-11,SAFE-DC-11-032,2026-08-28T01:23:00,SCANNER_FAULT,DC-11-Z06,HIGH,Y,FLEET
DC-11,SAFE-DC-11-033,2026-08-08T18:11:00,MANUAL_OVERRIDE,DC-11-Z10,LOW,Y,SAFETY_PLC
DC-11,SAFE-DC-11-034,2026-08-05T02:14:00,ZONE_BREACH,DC-11-Z12,HIGH,N,VISION
DC-11,SAFE-DC-11-035,2026-08-15T05:48:00,SPEED_REDUCTION,DC-11-Z10,MEDIUM,Y,FLEET
DC-11,SAFE-DC-11-036,2026-08-24T20:13:00,ZONE_BREACH,DC-11-Z11,MEDIUM,Y,FLEET
DC-11,SAFE-DC-11-037,2026-08-18T07:48:00,ZONE_BREACH,DC-11-Z04,HIGH,N,SAFETY_PLC
DC-11,SAFE-DC-11-038,2026-08-03T02:37:00,SPEED_REDUCTION,DC-11-Z11,MEDIUM,N,FLEET
DC-11,SAFE-DC-11-039,2026-08-28T12:23:00,E_STOP,DC-11-Z02,LOW,Y,OPERATOR
DC-11,SAFE-DC-11-040,2026-08-06T14:16:00,SCANNER_FAULT,DC-11-Z12,HIGH,Y,OPERATOR
DC-11,SAFE-DC-11-041,2026-08-14T11:01:00,SPEED_REDUCTION,DC-11-Z05,MEDIUM,N,SAFETY_PLC
DC-11,SAFE-DC-11-042,2026-08-07T03:47:00,ZONE_BREACH,DC-11-Z03,HIGH,Y,OPERATOR
DC-11,SAFE-DC-11-043,2026-08-26T08:33:00,E_STOP,DC-11-Z09,LOW,Y,FLEET
DC-11,SAFE-DC-11-044,2026-09-01T09:39:00,ZONE_BREACH,DC-11-Z03,MEDIUM,Y,OPERATOR
DC-11,SAFE-DC-11-045,2026-08-28T19:23:00,NEAR_MISS,DC-11-Z06,MEDIUM,Y,OPERATOR
DC-11,SAFE-DC-11-046,2026-08-17T21:08:00,SPEED_REDUCTION,DC-11-Z04,MEDIUM,Y,VISION
DC-11,SAFE-DC-11-047,2026-08-13T19:37:00,ZONE_BREACH,DC-11-Z08,LOW,Y,OPERATOR
DC-11,SAFE-DC-11-048,2026-08-05T06:07:00,E_STOP,DC-11-Z01,HIGH,Y,FLEET
DC-11,SAFE-DC-11-049,2026-08-02T21:26:00,SPEED_REDUCTION,DC-11-Z12,HIGH,Y,OPERATOR
DC-11,SAFE-DC-11-050,2026-08-18T01:59:00,SPEED_REDUCTION,DC-11-Z09,HIGH,Y,FLEET
DC-11,SAFE-DC-11-051,2026-08-15T05:11:00,E_STOP,DC-11-Z08,LOW,Y,VISION
DC-11,SAFE-DC-11-052,2026-08-18T02:39:00,ZONE_BREACH,DC-11-Z05,LOW,N,VISION
DC-11,SAFE-DC-11-053,2026-08-25T09:25:00,NEAR_MISS,DC-11-Z11,CRITICAL,N,FLEET
DC-11,SAFE-DC-11-054,2026-08-13T16:52:00,ZONE_BREACH,DC-11-Z12,CRITICAL,Y,OPERATOR
DC-11,SAFE-DC-11-055,2026-08-24T10:52:00,ZONE_BREACH,DC-11-Z04,MEDIUM,N,VISION
DC-11,SAFE-DC-11-056,2026-08-26T02:24:00,SCANNER_FAULT,DC-11-Z02,MEDIUM,Y,FLEET
DC-11,SAFE-DC-11-057,2026-08-17T10:13:00,NEAR_MISS,DC-11-Z06,MEDIUM,Y,OPERATOR
DC-11,SAFE-DC-11-058,2026-08-15T19:04:00,E_STOP,DC-11-Z08,CRITICAL,Y,FLEET
DC-11,SAFE-DC-11-059,2026-08-26T00:38:00,SPEED_REDUCTION,DC-11-Z01,HIGH,Y,VISION
DC-11,SAFE-DC-11-060,2026-08-18T16:18:00,SCANNER_FAULT,DC-11-Z07,CRITICAL,Y,FLEET
DC-11,SAFE-DC-11-061,2026-08-28T22:22:00,MANUAL_OVERRIDE,DC-11-Z03,MEDIUM,Y,FLEET
DC-11,SAFE-DC-11-062,2026-08-04T21:37:00,ZONE_BREACH,DC-11-Z02,CRITICAL,N,VISION
DC-11,SAFE-DC-11-063,2026-08-25T06:48:00,SPEED_REDUCTION,DC-11-Z02,CRITICAL,Y,OPERATOR
DC-11,SAFE-DC-11-064,2026-08-16T20:19:00,ZONE_BREACH,DC-11-Z07,LOW,Y,OPERATOR
DC-12,SAFE-DC-12-000,2026-08-22T05:17:00,ZONE_BREACH,DC-12-Z06,LOW,Y,OPERATOR
DC-12,SAFE-DC-12-001,2026-08-01T10:02:00,SCANNER_FAULT,DC-12-Z12,HIGH,Y,VISION
DC-12,SAFE-DC-12-002,2026-08-02T18:52:00,SCANNER_FAULT,DC-12-Z10,HIGH,Y,OPERATOR
DC-12,SAFE-DC-12-003,2026-08-31T12:25:00,SPEED_REDUCTION,DC-12-Z01,HIGH,Y,FLEET
DC-12,SAFE-DC-12-004,2026-08-13T21:24:00,NEAR_MISS,DC-12-Z05,MEDIUM,Y,SAFETY_PLC
DC-12,SAFE-DC-12-005,2026-08-24T12:43:00,SPEED_REDUCTION,DC-12-Z09,HIGH,Y,FLEET
DC-12,SAFE-DC-12-006,2026-08-08T05:03:00,NEAR_MISS,DC-12-Z06,MEDIUM,N,VISION
DC-12,SAFE-DC-12-007,2026-08-02T16:50:00,ZONE_BREACH,DC-12-Z11,CRITICAL,Y,OPERATOR
DC-12,SAFE-DC-12-008,2026-08-06T23:39:00,NEAR_MISS,DC-12-Z10,CRITICAL,Y,FLEET
DC-12,SAFE-DC-12-009,2026-08-08T20:28:00,ZONE_BREACH,DC-12-Z11,MEDIUM,Y,VISION
DC-12,SAFE-DC-12-010,2026-08-27T15:48:00,SPEED_REDUCTION,DC-12-Z09,HIGH,Y,SAFETY_PLC
DC-12,SAFE-DC-12-011,2026-08-14T18:15:00,E_STOP,DC-12-Z07,HIGH,Y,SAFETY_PLC
DC-12,SAFE-DC-12-012,2026-08-29T22:00:00,NEAR_MISS,DC-12-Z12,LOW,Y,VISION
DC-12,SAFE-DC-12-013,2026-08-13T04:05:00,MANUAL_OVERRIDE,DC-12-Z11,CRITICAL,Y,SAFETY_PLC
DC-12,SAFE-DC-12-014,2026-09-02T08:03:00,MANUAL_OVERRIDE,DC-12-Z02,MEDIUM,Y,FLEET
DC-12,SAFE-DC-12-015,2026-08-23T00:33:00,SPEED_REDUCTION,DC-12-Z10,HIGH,Y,FLEET
DC-12,SAFE-DC-12-016,2026-08-28T01:20:00,ZONE_BREACH,DC-12-Z06,CRITICAL,Y,SAFETY_PLC
DC-12,SAFE-DC-12-017,2026-08-29T17:54:00,ZONE_BREACH,DC-12-Z03,LOW,Y,SAFETY_PLC
DC-12,SAFE-DC-12-018,2026-08-21T00:39:00,MANUAL_OVERRIDE,DC-12-Z11,HIGH,Y,FLEET
DC-12,SAFE-DC-12-019,2026-08-15T13:15:00,MANUAL_OVERRIDE,DC-12-Z08,CRITICAL,Y,OPERATOR
DC-12,SAFE-DC-12-020,2026-08-30T15:23:00,MANUAL_OVERRIDE,DC-12-Z06,CRITICAL,Y,OPERATOR
DC-12,SAFE-DC-12-021,2026-08-13T17:45:00,SPEED_REDUCTION,DC-12-Z08,HIGH,Y,OPERATOR
DC-12,SAFE-DC-12-022,2026-08-13T16:56:00,SPEED_REDUCTION,DC-12-Z12,MEDIUM,Y,VISION
DC-12,SAFE-DC-12-023,2026-09-03T21:32:00,MANUAL_OVERRIDE,DC-12-Z05,LOW,Y,VISION
DC-12,SAFE-DC-12-024,2026-08-11T04:58:00,SPEED_REDUCTION,DC-12-Z07,HIGH,N,VISION
DC-12,SAFE-DC-12-025,2026-08-27T01:21:00,E_STOP,DC-12-Z03,HIGH,Y,VISION
DC-12,SAFE-DC-12-026,2026-09-03T00:01:00,SPEED_REDUCTION,DC-12-Z11,LOW,Y,FLEET
DC-12,SAFE-DC-12-027,2026-08-31T01:25:00,MANUAL_OVERRIDE,DC-12-Z04,HIGH,Y,FLEET
DC-12,SAFE-DC-12-028,2026-08-24T02:13:00,SPEED_REDUCTION,DC-12-Z12,HIGH,Y,OPERATOR
DC-12,SAFE-DC-12-029,2026-08-22T04:26:00,E_STOP,DC-12-Z09,LOW,Y,FLEET
DC-12,SAFE-DC-12-030,2026-08-14T11:39:00,SPEED_REDUCTION,DC-12-Z03,LOW,Y,FLEET
DC-12,SAFE-DC-12-031,2026-08-21T18:38:00,SPEED_REDUCTION,DC-12-Z05,MEDIUM,N,VISION
DC-12,SAFE-DC-12-032,2026-08-02T12:03:00,ZONE_BREACH,DC-12-Z08,CRITICAL,N,SAFETY_PLC
DC-12,SAFE-DC-12-033,2026-08-22T09:43:00,NEAR_MISS,DC-12-Z02,MEDIUM,Y,SAFETY_PLC
DC-12,SAFE-DC-12-034,2026-08-24T15:25:00,E_STOP,DC-12-Z04,MEDIUM,N,SAFETY_PLC
DC-12,SAFE-DC-12-035,2026-09-03T20:01:00,E_STOP,DC-12-Z09,HIGH,Y,FLEET
DC-12,SAFE-DC-12-036,2026-08-09T01:45:00,SPEED_REDUCTION,DC-12-Z06,CRITICAL,Y,OPERATOR
DC-12,SAFE-DC-12-037,2026-08-15T07:06:00,MANUAL_OVERRIDE,DC-12-Z12,MEDIUM,Y,SAFETY_PLC
DC-12,SAFE-DC-12-038,2026-08-10T02:30:00,SCANNER_FAULT,DC-12-Z08,CRITICAL,N,FLEET
DC-12,SAFE-DC-12-039,2026-08-17T22:28:00,E_STOP,DC-12-Z06,CRITICAL,Y,SAFETY_PLC
DC-12,SAFE-DC-12-040,2026-08-11T20:37:00,MANUAL_OVERRIDE,DC-12-Z08,LOW,Y,OPERATOR
DC-12,SAFE-DC-12-041,2026-08-27T08:52:00,MANUAL_OVERRIDE,DC-12-Z10,CRITICAL,Y,SAFETY_PLC
DC-12,SAFE-DC-12-042,2026-08-21T12:21:00,ZONE_BREACH,DC-12-Z06,MEDIUM,Y,VISION
DC-12,SAFE-DC-12-043,2026-08-11T10:16:00,SCANNER_FAULT,DC-12-Z06,HIGH,Y,OPERATOR
DC-12,SAFE-DC-12-044,2026-08-25T10:36:00,MANUAL_OVERRIDE,DC-12-Z09,CRITICAL,Y,FLEET
DC-12,SAFE-DC-12-045,2026-09-01T19:27:00,SCANNER_FAULT,DC-12-Z07,CRITICAL,Y,VISION
DC-12,SAFE-DC-12-046,2026-08-10T21:26:00,ZONE_BREACH,DC-12-Z06,MEDIUM,N,SAFETY_PLC
DC-12,SAFE-DC-12-047,2026-08-31T18:12:00,ZONE_BREACH,DC-12-Z07,MEDIUM,Y,SAFETY_PLC
DC-12,SAFE-DC-12-048,2026-08-16T15:04:00,SCANNER_FAULT,DC-12-Z06,CRITICAL,Y,OPERATOR
DC-12,SAFE-DC-12-049,2026-08-09T17:03:00,SPEED_REDUCTION,DC-12-Z07,CRITICAL,Y,VISION
DC-12,SAFE-DC-12-050,2026-08-12T00:51:00,ZONE_BREACH,DC-12-Z07,HIGH,N,SAFETY_PLC
DC-12,SAFE-DC-12-051,2026-09-03T00:23:00,ZONE_BREACH,DC-12-Z02,LOW,Y,FLEET
DC-12,SAFE-DC-12-052,2026-08-12T22:33:00,NEAR_MISS,DC-12-Z04,HIGH,Y,OPERATOR
DC-12,SAFE-DC-12-053,2026-08-18T09:27:00,NEAR_MISS,DC-12-Z06,LOW,Y,SAFETY_PLC
DC-12,SAFE-DC-12-054,2026-08-24T06:32:00,SPEED_REDUCTION,DC-12-Z01,HIGH,Y,OPERATOR
DC-12,SAFE-DC-12-055,2026-08-19T03:42:00,SPEED_REDUCTION,DC-12-Z07,MEDIUM,Y,FLEET
DC-12,SAFE-DC-12-056,2026-08-17T23:39:00,SPEED_REDUCTION,DC-12-Z07,MEDIUM,Y,FLEET
DC-12,SAFE-DC-12-057,2026-08-16T02:47:00,ZONE_BREACH,DC-12-Z01,MEDIUM,Y,SAFETY_PLC
DC-12,SAFE-DC-12-058,2026-08-16T23:11:00,E_STOP,DC-12-Z02,HIGH,Y,SAFETY_PLC
DC-12,SAFE-DC-12-059,2026-08-07T00:19:00,SPEED_REDUCTION,DC-12-Z08,CRITICAL,Y,FLEET
DC-12,SAFE-DC-12-060,2026-08-23T03:41:00,E_STOP,DC-12-Z06,LOW,N,OPERATOR
DC-12,SAFE-DC-12-061,2026-08-31T22:49:00,SPEED_REDUCTION,DC-12-Z01,LOW,Y,VISION
DC-12,SAFE-DC-12-062,2026-08-17T00:27:00,E_STOP,DC-12-Z09,HIGH,N,SAFETY_PLC
DC-12,SAFE-DC-12-063,2026-08-24T08:53:00,SCANNER_FAULT,DC-12-Z02,LOW,N,SAFETY_PLC
DC-12,SAFE-DC-12-064,2026-08-23T21:10:00,ZONE_BREACH,DC-12-Z01,MEDIUM,Y,OPERATOR
DC-13,SAFE-DC-13-000,2026-08-14T10:34:00,ZONE_BREACH,DC-13-Z06,LOW,Y,FLEET
DC-13,SAFE-DC-13-001,2026-08-27T21:49:00,SCANNER_FAULT,DC-13-Z07,LOW,Y,FLEET
DC-13,SAFE-DC-13-002,2026-08-13T06:07:00,SPEED_REDUCTION,DC-13-Z07,HIGH,Y,OPERATOR
DC-13,SAFE-DC-13-003,2026-08-23T12:05:00,NEAR_MISS,DC-13-Z09,MEDIUM,Y,SAFETY_PLC
DC-13,SAFE-DC-13-004,2026-08-23T13:20:00,SPEED_REDUCTION,DC-13-Z05,CRITICAL,Y,FLEET
DC-13,SAFE-DC-13-005,2026-08-17T00:51:00,SPEED_REDUCTION,DC-13-Z03,LOW,Y,SAFETY_PLC
DC-13,SAFE-DC-13-006,2026-09-04T16:10:00,ZONE_BREACH,DC-13-Z09,LOW,Y,VISION
DC-13,SAFE-DC-13-007,2026-08-09T19:49:00,E_STOP,DC-13-Z07,HIGH,N,OPERATOR
DC-13,SAFE-DC-13-008,2026-08-11T09:01:00,MANUAL_OVERRIDE,DC-13-Z03,HIGH,N,OPERATOR
DC-13,SAFE-DC-13-009,2026-08-27T05:36:00,NEAR_MISS,DC-13-Z08,LOW,Y,FLEET
DC-13,SAFE-DC-13-010,2026-08-27T17:45:00,SCANNER_FAULT,DC-13-Z08,CRITICAL,Y,VISION
DC-13,SAFE-DC-13-011,2026-09-02T12:31:00,SCANNER_FAULT,DC-13-Z02,MEDIUM,Y,VISION
DC-13,SAFE-DC-13-012,2026-09-05T04:16:00,NEAR_MISS,DC-13-Z04,HIGH,Y,SAFETY_PLC
DC-13,SAFE-DC-13-013,2026-08-31T13:56:00,SPEED_REDUCTION,DC-13-Z05,CRITICAL,Y,OPERATOR
DC-13,SAFE-DC-13-014,2026-09-01T18:19:00,SCANNER_FAULT,DC-13-Z05,LOW,Y,SAFETY_PLC
DC-13,SAFE-DC-13-015,2026-08-13T02:14:00,NEAR_MISS,DC-13-Z12,CRITICAL,Y,OPERATOR
DC-13,SAFE-DC-13-016,2026-08-17T22:19:00,MANUAL_OVERRIDE,DC-13-Z03,LOW,Y,OPERATOR
DC-13,SAFE-DC-13-017,2026-08-27T16:38:00,SCANNER_FAULT,DC-13-Z06,LOW,Y,FLEET
DC-13,SAFE-DC-13-018,2026-08-01T06:41:00,MANUAL_OVERRIDE,DC-13-Z01,HIGH,Y,FLEET
DC-13,SAFE-DC-13-019,2026-09-01T04:26:00,SPEED_REDUCTION,DC-13-Z04,LOW,Y,VISION
DC-13,SAFE-DC-13-020,2026-08-08T18:13:00,E_STOP,DC-13-Z09,MEDIUM,Y,SAFETY_PLC
DC-13,SAFE-DC-13-021,2026-09-04T16:58:00,SPEED_REDUCTION,DC-13-Z03,HIGH,N,FLEET
DC-13,SAFE-DC-13-022,2026-08-15T02:25:00,MANUAL_OVERRIDE,DC-13-Z01,HIGH,Y,OPERATOR
DC-13,SAFE-DC-13-023,2026-08-16T11:30:00,E_STOP,DC-13-Z02,MEDIUM,Y,FLEET
DC-13,SAFE-DC-13-024,2026-08-28T20:16:00,ZONE_BREACH,DC-13-Z02,LOW,N,FLEET
DC-13,SAFE-DC-13-025,2026-08-02T20:50:00,SPEED_REDUCTION,DC-13-Z02,HIGH,N,VISION
DC-13,SAFE-DC-13-026,2026-08-11T06:11:00,MANUAL_OVERRIDE,DC-13-Z07,CRITICAL,Y,OPERATOR
DC-13,SAFE-DC-13-027,2026-08-01T20:28:00,ZONE_BREACH,DC-13-Z01,LOW,N,OPERATOR
DC-13,SAFE-DC-13-028,2026-08-16T06:08:00,E_STOP,DC-13-Z03,HIGH,Y,SAFETY_PLC
DC-13,SAFE-DC-13-029,2026-08-03T16:52:00,SPEED_REDUCTION,DC-13-Z11,LOW,Y,VISION
DC-13,SAFE-DC-13-030,2026-09-03T15:05:00,ZONE_BREACH,DC-13-Z11,MEDIUM,Y,OPERATOR
DC-13,SAFE-DC-13-031,2026-08-01T12:00:00,SCANNER_FAULT,DC-13-Z05,LOW,Y,VISION
DC-13,SAFE-DC-13-032,2026-08-25T01:02:00,E_STOP,DC-13-Z09,HIGH,Y,OPERATOR
DC-13,SAFE-DC-13-033,2026-08-13T10:34:00,NEAR_MISS,DC-13-Z01,HIGH,Y,VISION
DC-13,SAFE-DC-13-034,2026-08-12T23:33:00,ZONE_BREACH,DC-13-Z05,LOW,N,OPERATOR
DC-13,SAFE-DC-13-035,2026-08-10T18:25:00,ZONE_BREACH,DC-13-Z12,MEDIUM,Y,VISION
DC-13,SAFE-DC-13-036,2026-08-01T16:43:00,SCANNER_FAULT,DC-13-Z08,HIGH,Y,OPERATOR
DC-13,SAFE-DC-13-037,2026-08-26T12:07:00,MANUAL_OVERRIDE,DC-13-Z05,MEDIUM,N,VISION
DC-13,SAFE-DC-13-038,2026-09-01T09:30:00,SPEED_REDUCTION,DC-13-Z11,LOW,Y,SAFETY_PLC
DC-13,SAFE-DC-13-039,2026-08-02T04:11:00,E_STOP,DC-13-Z08,MEDIUM,Y,VISION
DC-13,SAFE-DC-13-040,2026-08-06T23:13:00,SCANNER_FAULT,DC-13-Z09,LOW,Y,SAFETY_PLC
DC-13,SAFE-DC-13-041,2026-08-10T14:23:00,ZONE_BREACH,DC-13-Z07,LOW,N,OPERATOR
DC-13,SAFE-DC-13-042,2026-08-06T17:25:00,NEAR_MISS,DC-13-Z04,CRITICAL,N,OPERATOR
DC-13,SAFE-DC-13-043,2026-08-08T17:34:00,ZONE_BREACH,DC-13-Z06,HIGH,Y,OPERATOR
DC-13,SAFE-DC-13-044,2026-09-03T18:49:00,SCANNER_FAULT,DC-13-Z11,MEDIUM,Y,VISION
DC-13,SAFE-DC-13-045,2026-08-04T21:53:00,NEAR_MISS,DC-13-Z05,LOW,Y,VISION
DC-13,SAFE-DC-13-046,2026-08-26T04:48:00,SPEED_REDUCTION,DC-13-Z03,HIGH,Y,OPERATOR
DC-13,SAFE-DC-13-047,2026-09-02T10:53:00,SPEED_REDUCTION,DC-13-Z03,HIGH,Y,VISION
DC-13,SAFE-DC-13-048,2026-08-29T14:57:00,MANUAL_OVERRIDE,DC-13-Z02,LOW,Y,OPERATOR
DC-13,SAFE-DC-13-049,2026-08-14T23:18:00,NEAR_MISS,DC-13-Z05,CRITICAL,Y,FLEET
DC-13,SAFE-DC-13-050,2026-08-14T05:22:00,SPEED_REDUCTION,DC-13-Z12,CRITICAL,Y,FLEET
DC-13,SAFE-DC-13-051,2026-08-28T19:55:00,MANUAL_OVERRIDE,DC-13-Z01,MEDIUM,Y,OPERATOR
DC-13,SAFE-DC-13-052,2026-08-24T18:59:00,MANUAL_OVERRIDE,DC-13-Z03,CRITICAL,Y,FLEET
DC-13,SAFE-DC-13-053,2026-09-02T16:15:00,SPEED_REDUCTION,DC-13-Z12,MEDIUM,Y,VISION
DC-13,SAFE-DC-13-054,2026-08-23T19:12:00,ZONE_BREACH,DC-13-Z03,CRITICAL,Y,VISION
DC-13,SAFE-DC-13-055,2026-08-25T13:41:00,NEAR_MISS,DC-13-Z07,HIGH,N,VISION
DC-13,SAFE-DC-13-056,2026-08-01T19:15:00,ZONE_BREACH,DC-13-Z10,MEDIUM,Y,SAFETY_PLC
DC-13,SAFE-DC-13-057,2026-09-03T04:02:00,MANUAL_OVERRIDE,DC-13-Z12,CRITICAL,Y,SAFETY_PLC
DC-13,SAFE-DC-13-058,2026-08-19T15:32:00,NEAR_MISS,DC-13-Z05,HIGH,Y,OPERATOR
DC-13,SAFE-DC-13-059,2026-08-17T01:29:00,SPEED_REDUCTION,DC-13-Z11,LOW,Y,VISION
DC-13,SAFE-DC-13-060,2026-08-08T11:18:00,MANUAL_OVERRIDE,DC-13-Z06,MEDIUM,Y,SAFETY_PLC
DC-13,SAFE-DC-13-061,2026-08-06T17:47:00,SCANNER_FAULT,DC-13-Z04,HIGH,Y,FLEET
DC-13,SAFE-DC-13-062,2026-08-02T08:33:00,ZONE_BREACH,DC-13-Z04,MEDIUM,Y,SAFETY_PLC
DC-13,SAFE-DC-13-063,2026-08-17T23:20:00,SCANNER_FAULT,DC-13-Z11,LOW,Y,FLEET
DC-13,SAFE-DC-13-064,2026-09-02T18:31:00,SPEED_REDUCTION,DC-13-Z07,HIGH,Y,SAFETY_PLC
DC-14,SAFE-DC-14-000,2026-08-23T05:15:00,SCANNER_FAULT,DC-14-Z07,MEDIUM,N,SAFETY_PLC
DC-14,SAFE-DC-14-001,2026-08-14T00:47:00,ZONE_BREACH,DC-14-Z05,HIGH,Y,FLEET
DC-14,SAFE-DC-14-002,2026-08-19T03:11:00,SPEED_REDUCTION,DC-14-Z09,CRITICAL,Y,SAFETY_PLC
DC-14,SAFE-DC-14-003,2026-08-07T16:53:00,MANUAL_OVERRIDE,DC-14-Z12,MEDIUM,Y,FLEET
DC-14,SAFE-DC-14-004,2026-08-07T11:30:00,SCANNER_FAULT,DC-14-Z02,HIGH,Y,OPERATOR
DC-14,SAFE-DC-14-005,2026-08-04T07:02:00,SCANNER_FAULT,DC-14-Z09,MEDIUM,Y,OPERATOR
DC-14,SAFE-DC-14-006,2026-08-15T14:51:00,MANUAL_OVERRIDE,DC-14-Z06,CRITICAL,Y,FLEET
DC-14,SAFE-DC-14-007,2026-09-05T00:44:00,SPEED_REDUCTION,DC-14-Z08,HIGH,Y,SAFETY_PLC
DC-14,SAFE-DC-14-008,2026-08-28T23:03:00,ZONE_BREACH,DC-14-Z07,CRITICAL,Y,VISION
DC-14,SAFE-DC-14-009,2026-08-12T02:21:00,SCANNER_FAULT,DC-14-Z02,MEDIUM,Y,VISION
DC-14,SAFE-DC-14-010,2026-08-20T14:19:00,ZONE_BREACH,DC-14-Z08,MEDIUM,Y,FLEET
DC-14,SAFE-DC-14-011,2026-08-02T08:15:00,NEAR_MISS,DC-14-Z05,CRITICAL,Y,OPERATOR
DC-14,SAFE-DC-14-012,2026-08-09T08:48:00,SCANNER_FAULT,DC-14-Z10,MEDIUM,Y,SAFETY_PLC
DC-14,SAFE-DC-14-013,2026-08-31T21:34:00,MANUAL_OVERRIDE,DC-14-Z10,HIGH,Y,OPERATOR
DC-14,SAFE-DC-14-014,2026-08-31T20:19:00,SCANNER_FAULT,DC-14-Z08,HIGH,Y,SAFETY_PLC
DC-14,SAFE-DC-14-015,2026-08-07T04:57:00,NEAR_MISS,DC-14-Z12,LOW,Y,OPERATOR
DC-14,SAFE-DC-14-016,2026-08-21T09:47:00,MANUAL_OVERRIDE,DC-14-Z02,LOW,Y,OPERATOR
DC-14,SAFE-DC-14-017,2026-08-07T00:11:00,NEAR_MISS,DC-14-Z10,MEDIUM,Y,FLEET
DC-14,SAFE-DC-14-018,2026-08-21T05:46:00,ZONE_BREACH,DC-14-Z07,CRITICAL,Y,FLEET
DC-14,SAFE-DC-14-019,2026-08-16T15:57:00,E_STOP,DC-14-Z08,MEDIUM,Y,FLEET
DC-14,SAFE-DC-14-020,2026-08-17T17:15:00,MANUAL_OVERRIDE,DC-14-Z12,HIGH,N,FLEET
DC-14,SAFE-DC-14-021,2026-08-27T18:34:00,E_STOP,DC-14-Z12,LOW,N,SAFETY_PLC
DC-14,SAFE-DC-14-022,2026-08-16T23:41:00,MANUAL_OVERRIDE,DC-14-Z07,CRITICAL,Y,FLEET
DC-14,SAFE-DC-14-023,2026-09-04T00:45:00,NEAR_MISS,DC-14-Z02,LOW,Y,OPERATOR
DC-14,SAFE-DC-14-024,2026-09-03T11:17:00,MANUAL_OVERRIDE,DC-14-Z11,LOW,Y,VISION
DC-14,SAFE-DC-14-025,2026-08-23T03:25:00,SCANNER_FAULT,DC-14-Z04,LOW,Y,FLEET
DC-14,SAFE-DC-14-026,2026-08-28T13:01:00,SPEED_REDUCTION,DC-14-Z10,CRITICAL,Y,OPERATOR
DC-14,SAFE-DC-14-027,2026-08-04T08:28:00,SPEED_REDUCTION,DC-14-Z07,MEDIUM,Y,SAFETY_PLC
DC-14,SAFE-DC-14-028,2026-09-04T01:21:00,SPEED_REDUCTION,DC-14-Z11,MEDIUM,Y,OPERATOR
DC-14,SAFE-DC-14-029,2026-08-17T07:31:00,E_STOP,DC-14-Z01,CRITICAL,Y,FLEET
DC-14,SAFE-DC-14-030,2026-08-03T03:40:00,E_STOP,DC-14-Z09,MEDIUM,Y,OPERATOR
DC-14,SAFE-DC-14-031,2026-08-21T20:45:00,ZONE_BREACH,DC-14-Z06,LOW,Y,FLEET
DC-14,SAFE-DC-14-032,2026-08-05T17:33:00,E_STOP,DC-14-Z10,HIGH,Y,VISION
DC-14,SAFE-DC-14-033,2026-08-20T04:52:00,NEAR_MISS,DC-14-Z09,HIGH,Y,OPERATOR
DC-14,SAFE-DC-14-034,2026-08-13T04:21:00,SCANNER_FAULT,DC-14-Z09,MEDIUM,N,VISION
DC-14,SAFE-DC-14-035,2026-08-08T04:46:00,ZONE_BREACH,DC-14-Z01,MEDIUM,Y,SAFETY_PLC
DC-14,SAFE-DC-14-036,2026-08-24T10:23:00,MANUAL_OVERRIDE,DC-14-Z08,HIGH,Y,OPERATOR
DC-14,SAFE-DC-14-037,2026-08-11T16:19:00,MANUAL_OVERRIDE,DC-14-Z08,HIGH,Y,OPERATOR
DC-14,SAFE-DC-14-038,2026-08-29T03:40:00,E_STOP,DC-14-Z02,HIGH,Y,SAFETY_PLC
DC-14,SAFE-DC-14-039,2026-08-04T18:28:00,E_STOP,DC-14-Z06,CRITICAL,Y,SAFETY_PLC
DC-14,SAFE-DC-14-040,2026-08-27T13:36:00,E_STOP,DC-14-Z02,LOW,Y,VISION
DC-14,SAFE-DC-14-041,2026-08-11T17:46:00,NEAR_MISS,DC-14-Z11,HIGH,Y,FLEET
DC-14,SAFE-DC-14-042,2026-08-16T01:58:00,SPEED_REDUCTION,DC-14-Z09,MEDIUM,Y,OPERATOR
DC-14,SAFE-DC-14-043,2026-08-02T03:20:00,E_STOP,DC-14-Z03,CRITICAL,Y,FLEET
DC-14,SAFE-DC-14-044,2026-08-06T19:40:00,MANUAL_OVERRIDE,DC-14-Z07,LOW,Y,OPERATOR
DC-14,SAFE-DC-14-045,2026-08-19T00:43:00,SCANNER_FAULT,DC-14-Z02,CRITICAL,Y,SAFETY_PLC
DC-14,SAFE-DC-14-046,2026-08-04T23:43:00,SPEED_REDUCTION,DC-14-Z04,MEDIUM,N,FLEET
DC-14,SAFE-DC-14-047,2026-08-22T02:15:00,SPEED_REDUCTION,DC-14-Z10,MEDIUM,Y,VISION
DC-14,SAFE-DC-14-048,2026-08-09T10:31:00,MANUAL_OVERRIDE,DC-14-Z11,MEDIUM,Y,VISION
DC-14,SAFE-DC-14-049,2026-08-16T19:12:00,MANUAL_OVERRIDE,DC-14-Z01,MEDIUM,Y,VISION
DC-14,SAFE-DC-14-050,2026-08-27T17:10:00,SPEED_REDUCTION,DC-14-Z06,CRITICAL,Y,FLEET
DC-14,SAFE-DC-14-051,2026-08-20T10:34:00,ZONE_BREACH,DC-14-Z09,HIGH,Y,VISION
DC-14,SAFE-DC-14-052,2026-08-03T15:08:00,SCANNER_FAULT,DC-14-Z12,LOW,Y,FLEET
DC-14,SAFE-DC-14-053,2026-09-01T12:16:00,SCANNER_FAULT,DC-14-Z10,CRITICAL,Y,OPERATOR
DC-14,SAFE-DC-14-054,2026-08-20T18:32:00,MANUAL_OVERRIDE,DC-14-Z09,MEDIUM,Y,SAFETY_PLC
DC-14,SAFE-DC-14-055,2026-08-23T08:00:00,E_STOP,DC-14-Z07,CRITICAL,Y,FLEET
DC-14,SAFE-DC-14-056,2026-08-04T12:51:00,E_STOP,DC-14-Z01,HIGH,Y,OPERATOR
DC-14,SAFE-DC-14-057,2026-08-31T15:01:00,SCANNER_FAULT,DC-14-Z04,MEDIUM,Y,SAFETY_PLC
DC-14,SAFE-DC-14-058,2026-08-10T09:39:00,ZONE_BREACH,DC-14-Z01,MEDIUM,Y,SAFETY_PLC
DC-14,SAFE-DC-14-059,2026-08-13T08:51:00,SPEED_REDUCTION,DC-14-Z09,CRITICAL,Y,SAFETY_PLC
DC-14,SAFE-DC-14-060,2026-09-02T13:48:00,E_STOP,DC-14-Z08,CRITICAL,N,FLEET
DC-14,SAFE-DC-14-061,2026-08-20T03:21:00,NEAR_MISS,DC-14-Z07,LOW,Y,VISION
DC-14,SAFE-DC-14-062,2026-08-10T03:53:00,NEAR_MISS,DC-14-Z06,HIGH,Y,FLEET
DC-14,SAFE-DC-14-063,2026-08-18T21:18:00,E_STOP,DC-14-Z02,MEDIUM,Y,SAFETY_PLC
DC-14,SAFE-DC-14-064,2026-08-15T08:42:00,E_STOP,DC-14-Z10,MEDIUM,Y,VISION
DC-15,SAFE-DC-15-000,2026-08-07T05:30:00,ZONE_BREACH,DC-15-Z08,MEDIUM,Y,OPERATOR
DC-15,SAFE-DC-15-001,2026-08-21T07:58:00,E_STOP,DC-15-Z04,HIGH,Y,SAFETY_PLC
DC-15,SAFE-DC-15-002,2026-08-18T08:12:00,SCANNER_FAULT,DC-15-Z07,MEDIUM,Y,FLEET
DC-15,SAFE-DC-15-003,2026-08-02T15:20:00,MANUAL_OVERRIDE,DC-15-Z07,HIGH,N,VISION
DC-15,SAFE-DC-15-004,2026-08-17T19:37:00,NEAR_MISS,DC-15-Z05,LOW,Y,OPERATOR
DC-15,SAFE-DC-15-005,2026-08-31T11:07:00,SCANNER_FAULT,DC-15-Z01,HIGH,Y,VISION
DC-15,SAFE-DC-15-006,2026-08-21T22:28:00,SCANNER_FAULT,DC-15-Z05,MEDIUM,Y,VISION
DC-15,SAFE-DC-15-007,2026-08-02T10:26:00,MANUAL_OVERRIDE,DC-15-Z06,LOW,Y,FLEET
DC-15,SAFE-DC-15-008,2026-08-27T13:57:00,MANUAL_OVERRIDE,DC-15-Z06,LOW,Y,SAFETY_PLC
DC-15,SAFE-DC-15-009,2026-08-12T09:52:00,ZONE_BREACH,DC-15-Z05,LOW,Y,FLEET
DC-15,SAFE-DC-15-010,2026-08-13T10:57:00,SCANNER_FAULT,DC-15-Z11,LOW,Y,OPERATOR
DC-15,SAFE-DC-15-011,2026-08-25T23:32:00,NEAR_MISS,DC-15-Z05,MEDIUM,N,FLEET
DC-15,SAFE-DC-15-012,2026-08-25T14:04:00,SCANNER_FAULT,DC-15-Z01,MEDIUM,Y,FLEET
DC-15,SAFE-DC-15-013,2026-08-08T06:37:00,SPEED_REDUCTION,DC-15-Z03,LOW,Y,VISION
DC-15,SAFE-DC-15-014,2026-08-30T21:07:00,MANUAL_OVERRIDE,DC-15-Z10,LOW,Y,OPERATOR
DC-15,SAFE-DC-15-015,2026-08-05T12:43:00,E_STOP,DC-15-Z02,LOW,Y,OPERATOR
DC-15,SAFE-DC-15-016,2026-08-18T07:52:00,SCANNER_FAULT,DC-15-Z07,HIGH,N,OPERATOR
DC-15,SAFE-DC-15-017,2026-08-23T06:04:00,SCANNER_FAULT,DC-15-Z09,CRITICAL,Y,SAFETY_PLC
DC-15,SAFE-DC-15-018,2026-08-03T22:58:00,NEAR_MISS,DC-15-Z08,LOW,Y,SAFETY_PLC
DC-15,SAFE-DC-15-019,2026-08-22T23:34:00,NEAR_MISS,DC-15-Z01,LOW,Y,FLEET
DC-15,SAFE-DC-15-020,2026-09-04T21:37:00,MANUAL_OVERRIDE,DC-15-Z08,HIGH,Y,SAFETY_PLC
DC-15,SAFE-DC-15-021,2026-08-10T15:48:00,SPEED_REDUCTION,DC-15-Z08,MEDIUM,Y,FLEET
DC-15,SAFE-DC-15-022,2026-08-17T00:05:00,SCANNER_FAULT,DC-15-Z09,LOW,Y,OPERATOR
DC-15,SAFE-DC-15-023,2026-08-02T04:22:00,ZONE_BREACH,DC-15-Z05,HIGH,Y,OPERATOR
DC-15,SAFE-DC-15-024,2026-08-08T14:00:00,NEAR_MISS,DC-15-Z03,CRITICAL,Y,FLEET
DC-15,SAFE-DC-15-025,2026-08-02T10:41:00,ZONE_BREACH,DC-15-Z06,MEDIUM,N,SAFETY_PLC
DC-15,SAFE-DC-15-026,2026-08-12T12:29:00,SPEED_REDUCTION,DC-15-Z05,MEDIUM,Y,VISION
DC-15,SAFE-DC-15-027,2026-08-23T22:23:00,ZONE_BREACH,DC-15-Z04,CRITICAL,N,OPERATOR
DC-15,SAFE-DC-15-028,2026-08-10T01:15:00,SCANNER_FAULT,DC-15-Z03,LOW,Y,SAFETY_PLC
DC-15,SAFE-DC-15-029,2026-08-09T11:44:00,NEAR_MISS,DC-15-Z04,LOW,Y,FLEET
DC-15,SAFE-DC-15-030,2026-09-01T07:09:00,ZONE_BREACH,DC-15-Z08,MEDIUM,Y,OPERATOR
DC-15,SAFE-DC-15-031,2026-08-20T10:32:00,ZONE_BREACH,DC-15-Z01,CRITICAL,Y,OPERATOR
DC-15,SAFE-DC-15-032,2026-08-10T01:03:00,SCANNER_FAULT,DC-15-Z04,MEDIUM,Y,SAFETY_PLC
DC-15,SAFE-DC-15-033,2026-08-26T11:09:00,MANUAL_OVERRIDE,DC-15-Z09,CRITICAL,N,VISION
DC-15,SAFE-DC-15-034,2026-08-10T17:20:00,NEAR_MISS,DC-15-Z01,LOW,Y,FLEET
DC-15,SAFE-DC-15-035,2026-08-27T07:32:00,SPEED_REDUCTION,DC-15-Z03,HIGH,N,SAFETY_PLC
DC-15,SAFE-DC-15-036,2026-08-16T23:51:00,SPEED_REDUCTION,DC-15-Z09,LOW,N,SAFETY_PLC
DC-15,SAFE-DC-15-037,2026-08-19T02:39:00,NEAR_MISS,DC-15-Z09,HIGH,Y,SAFETY_PLC
DC-15,SAFE-DC-15-038,2026-08-21T06:34:00,SPEED_REDUCTION,DC-15-Z06,HIGH,Y,OPERATOR
DC-15,SAFE-DC-15-039,2026-08-23T01:23:00,SPEED_REDUCTION,DC-15-Z08,HIGH,Y,SAFETY_PLC
DC-15,SAFE-DC-15-040,2026-08-19T18:01:00,NEAR_MISS,DC-15-Z04,CRITICAL,Y,SAFETY_PLC
DC-15,SAFE-DC-15-041,2026-08-01T16:42:00,MANUAL_OVERRIDE,DC-15-Z07,LOW,Y,FLEET
DC-15,SAFE-DC-15-042,2026-08-25T19:03:00,MANUAL_OVERRIDE,DC-15-Z01,CRITICAL,Y,VISION
DC-15,SAFE-DC-15-043,2026-09-04T15:42:00,NEAR_MISS,DC-15-Z01,CRITICAL,Y,FLEET
DC-15,SAFE-DC-15-044,2026-08-16T03:09:00,NEAR_MISS,DC-15-Z10,HIGH,Y,SAFETY_PLC
DC-15,SAFE-DC-15-045,2026-08-02T18:52:00,SPEED_REDUCTION,DC-15-Z04,LOW,Y,FLEET
DC-15,SAFE-DC-15-046,2026-08-25T13:09:00,MANUAL_OVERRIDE,DC-15-Z03,CRITICAL,Y,SAFETY_PLC
DC-15,SAFE-DC-15-047,2026-08-12T02:11:00,MANUAL_OVERRIDE,DC-15-Z12,HIGH,Y,OPERATOR
DC-15,SAFE-DC-15-048,2026-08-02T02:48:00,NEAR_MISS,DC-15-Z09,MEDIUM,N,OPERATOR
DC-15,SAFE-DC-15-049,2026-08-04T11:48:00,MANUAL_OVERRIDE,DC-15-Z06,MEDIUM,Y,SAFETY_PLC
DC-15,SAFE-DC-15-050,2026-08-22T00:52:00,MANUAL_OVERRIDE,DC-15-Z01,HIGH,Y,FLEET
DC-15,SAFE-DC-15-051,2026-08-21T01:42:00,E_STOP,DC-15-Z03,HIGH,Y,VISION
DC-15,SAFE-DC-15-052,2026-09-03T22:40:00,MANUAL_OVERRIDE,DC-15-Z10,CRITICAL,Y,SAFETY_PLC
DC-15,SAFE-DC-15-053,2026-08-05T23:04:00,E_STOP,DC-15-Z05,CRITICAL,Y,FLEET
DC-15,SAFE-DC-15-054,2026-08-29T09:15:00,ZONE_BREACH,DC-15-Z03,CRITICAL,N,OPERATOR
DC-15,SAFE-DC-15-055,2026-08-17T05:00:00,E_STOP,DC-15-Z11,HIGH,Y,OPERATOR
DC-15,SAFE-DC-15-056,2026-08-26T13:47:00,E_STOP,DC-15-Z10,CRITICAL,Y,FLEET
DC-15,SAFE-DC-15-057,2026-08-07T00:44:00,SPEED_REDUCTION,DC-15-Z04,HIGH,Y,SAFETY_PLC
DC-15,SAFE-DC-15-058,2026-09-04T15:55:00,SPEED_REDUCTION,DC-15-Z09,CRITICAL,Y,SAFETY_PLC
DC-15,SAFE-DC-15-059,2026-08-16T17:00:00,NEAR_MISS,DC-15-Z07,LOW,Y,SAFETY_PLC
DC-15,SAFE-DC-15-060,2026-08-07T02:18:00,NEAR_MISS,DC-15-Z05,MEDIUM,Y,SAFETY_PLC
DC-15,SAFE-DC-15-061,2026-08-08T23:22:00,SPEED_REDUCTION,DC-15-Z03,HIGH,Y,OPERATOR
DC-15,SAFE-DC-15-062,2026-08-03T18:20:00,ZONE_BREACH,DC-15-Z09,MEDIUM,Y,FLEET
DC-15,SAFE-DC-15-063,2026-08-12T20:59:00,NEAR_MISS,DC-15-Z01,MEDIUM,Y,OPERATOR
DC-15,SAFE-DC-15-064,2026-08-21T18:26:00,E_STOP,DC-15-Z04,CRITICAL,Y,VISION
DC-16,SAFE-DC-16-000,2026-08-20T15:42:00,E_STOP,DC-16-Z08,CRITICAL,Y,VISION
DC-16,SAFE-DC-16-001,2026-08-27T21:39:00,MANUAL_OVERRIDE,DC-16-Z06,MEDIUM,Y,FLEET
DC-16,SAFE-DC-16-002,2026-08-29T00:57:00,NEAR_MISS,DC-16-Z12,HIGH,Y,OPERATOR
DC-16,SAFE-DC-16-003,2026-08-08T20:25:00,SPEED_REDUCTION,DC-16-Z02,HIGH,Y,VISION
DC-16,SAFE-DC-16-004,2026-08-02T07:24:00,ZONE_BREACH,DC-16-Z05,MEDIUM,Y,VISION
DC-16,SAFE-DC-16-005,2026-08-14T08:31:00,ZONE_BREACH,DC-16-Z05,MEDIUM,Y,SAFETY_PLC
DC-16,SAFE-DC-16-006,2026-08-27T00:50:00,MANUAL_OVERRIDE,DC-16-Z04,LOW,Y,SAFETY_PLC
DC-16,SAFE-DC-16-007,2026-08-14T07:21:00,SCANNER_FAULT,DC-16-Z09,CRITICAL,Y,SAFETY_PLC
DC-16,SAFE-DC-16-008,2026-08-05T22:52:00,SPEED_REDUCTION,DC-16-Z07,CRITICAL,Y,SAFETY_PLC
DC-16,SAFE-DC-16-009,2026-08-13T02:28:00,NEAR_MISS,DC-16-Z02,MEDIUM,Y,FLEET
DC-16,SAFE-DC-16-010,2026-08-21T13:38:00,SCANNER_FAULT,DC-16-Z02,MEDIUM,Y,VISION
DC-16,SAFE-DC-16-011,2026-08-29T00:08:00,SCANNER_FAULT,DC-16-Z08,HIGH,Y,FLEET
DC-16,SAFE-DC-16-012,2026-08-23T02:27:00,SCANNER_FAULT,DC-16-Z08,HIGH,Y,VISION
DC-16,SAFE-DC-16-013,2026-08-25T07:58:00,MANUAL_OVERRIDE,DC-16-Z11,LOW,Y,FLEET
DC-16,SAFE-DC-16-014,2026-08-31T05:22:00,E_STOP,DC-16-Z11,CRITICAL,N,FLEET
DC-16,SAFE-DC-16-015,2026-08-16T15:31:00,SPEED_REDUCTION,DC-16-Z05,MEDIUM,Y,SAFETY_PLC
DC-16,SAFE-DC-16-016,2026-08-29T01:47:00,MANUAL_OVERRIDE,DC-16-Z09,CRITICAL,Y,OPERATOR
DC-16,SAFE-DC-16-017,2026-09-03T07:10:00,NEAR_MISS,DC-16-Z07,LOW,Y,SAFETY_PLC
DC-16,SAFE-DC-16-018,2026-09-01T00:25:00,ZONE_BREACH,DC-16-Z02,LOW,Y,VISION
DC-16,SAFE-DC-16-019,2026-08-17T08:03:00,SPEED_REDUCTION,DC-16-Z02,CRITICAL,Y,SAFETY_PLC
DC-16,SAFE-DC-16-020,2026-09-01T17:35:00,E_STOP,DC-16-Z01,HIGH,Y,VISION
DC-16,SAFE-DC-16-021,2026-08-10T06:17:00,E_STOP,DC-16-Z01,HIGH,Y,VISION
DC-16,SAFE-DC-16-022,2026-08-18T16:42:00,MANUAL_OVERRIDE,DC-16-Z11,CRITICAL,N,OPERATOR
DC-16,SAFE-DC-16-023,2026-09-04T06:19:00,MANUAL_OVERRIDE,DC-16-Z06,MEDIUM,Y,FLEET
DC-16,SAFE-DC-16-024,2026-09-04T23:00:00,ZONE_BREACH,DC-16-Z01,HIGH,Y,SAFETY_PLC
DC-16,SAFE-DC-16-025,2026-08-03T01:35:00,MANUAL_OVERRIDE,DC-16-Z03,CRITICAL,Y,FLEET
DC-16,SAFE-DC-16-026,2026-08-18T23:28:00,MANUAL_OVERRIDE,DC-16-Z06,HIGH,N,FLEET
DC-16,SAFE-DC-16-027,2026-09-03T08:18:00,MANUAL_OVERRIDE,DC-16-Z12,LOW,Y,VISION
DC-16,SAFE-DC-16-028,2026-08-04T05:27:00,E_STOP,DC-16-Z09,CRITICAL,N,SAFETY_PLC
DC-16,SAFE-DC-16-029,2026-08-13T19:21:00,NEAR_MISS,DC-16-Z02,HIGH,Y,FLEET
DC-16,SAFE-DC-16-030,2026-08-21T04:58:00,E_STOP,DC-16-Z09,MEDIUM,Y,FLEET
DC-16,SAFE-DC-16-031,2026-08-26T21:29:00,SCANNER_FAULT,DC-16-Z04,LOW,N,FLEET
DC-16,SAFE-DC-16-032,2026-08-21T11:06:00,NEAR_MISS,DC-16-Z12,CRITICAL,Y,SAFETY_PLC
DC-16,SAFE-DC-16-033,2026-08-18T02:29:00,NEAR_MISS,DC-16-Z02,HIGH,Y,SAFETY_PLC
DC-16,SAFE-DC-16-034,2026-08-14T01:34:00,E_STOP,DC-16-Z12,CRITICAL,Y,SAFETY_PLC
DC-16,SAFE-DC-16-035,2026-08-12T15:00:00,MANUAL_OVERRIDE,DC-16-Z05,LOW,N,FLEET
DC-16,SAFE-DC-16-036,2026-08-20T05:58:00,SCANNER_FAULT,DC-16-Z02,CRITICAL,Y,FLEET
DC-16,SAFE-DC-16-037,2026-08-02T04:49:00,ZONE_BREACH,DC-16-Z07,HIGH,N,FLEET
DC-16,SAFE-DC-16-038,2026-09-01T16:18:00,MANUAL_OVERRIDE,DC-16-Z05,LOW,Y,FLEET
DC-16,SAFE-DC-16-039,2026-08-16T07:32:00,NEAR_MISS,DC-16-Z05,CRITICAL,Y,FLEET
DC-16,SAFE-DC-16-040,2026-08-10T02:54:00,SPEED_REDUCTION,DC-16-Z01,CRITICAL,N,SAFETY_PLC
DC-16,SAFE-DC-16-041,2026-08-07T14:37:00,SPEED_REDUCTION,DC-16-Z07,HIGH,Y,SAFETY_PLC
DC-16,SAFE-DC-16-042,2026-09-03T09:51:00,SPEED_REDUCTION,DC-16-Z03,LOW,Y,OPERATOR
DC-16,SAFE-DC-16-043,2026-08-04T05:26:00,E_STOP,DC-16-Z02,HIGH,Y,VISION
DC-16,SAFE-DC-16-044,2026-08-09T14:49:00,SPEED_REDUCTION,DC-16-Z03,LOW,Y,FLEET
DC-16,SAFE-DC-16-045,2026-08-22T07:50:00,NEAR_MISS,DC-16-Z02,LOW,Y,SAFETY_PLC
DC-16,SAFE-DC-16-046,2026-08-02T19:49:00,ZONE_BREACH,DC-16-Z07,CRITICAL,Y,SAFETY_PLC
DC-16,SAFE-DC-16-047,2026-08-24T23:22:00,NEAR_MISS,DC-16-Z03,CRITICAL,Y,FLEET
DC-16,SAFE-DC-16-048,2026-08-23T10:24:00,E_STOP,DC-16-Z03,MEDIUM,Y,VISION
DC-16,SAFE-DC-16-049,2026-08-18T14:46:00,NEAR_MISS,DC-16-Z07,HIGH,Y,OPERATOR
DC-16,SAFE-DC-16-050,2026-08-20T00:05:00,SPEED_REDUCTION,DC-16-Z07,MEDIUM,Y,FLEET
DC-16,SAFE-DC-16-051,2026-08-08T16:54:00,ZONE_BREACH,DC-16-Z10,HIGH,Y,SAFETY_PLC
DC-16,SAFE-DC-16-052,2026-08-21T04:02:00,MANUAL_OVERRIDE,DC-16-Z01,HIGH,Y,FLEET
DC-16,SAFE-DC-16-053,2026-08-13T15:58:00,ZONE_BREACH,DC-16-Z12,HIGH,Y,OPERATOR
DC-16,SAFE-DC-16-054,2026-08-29T20:50:00,ZONE_BREACH,DC-16-Z04,HIGH,Y,SAFETY_PLC
DC-16,SAFE-DC-16-055,2026-09-01T07:51:00,ZONE_BREACH,DC-16-Z11,CRITICAL,Y,VISION
DC-16,SAFE-DC-16-056,2026-08-30T00:20:00,MANUAL_OVERRIDE,DC-16-Z11,MEDIUM,Y,FLEET
DC-16,SAFE-DC-16-057,2026-09-03T16:52:00,NEAR_MISS,DC-16-Z07,CRITICAL,Y,OPERATOR
DC-16,SAFE-DC-16-058,2026-08-16T05:32:00,SPEED_REDUCTION,DC-16-Z01,MEDIUM,Y,SAFETY_PLC
DC-16,SAFE-DC-16-059,2026-08-23T21:03:00,SCANNER_FAULT,DC-16-Z11,HIGH,Y,SAFETY_PLC
DC-16,SAFE-DC-16-060,2026-08-13T15:55:00,MANUAL_OVERRIDE,DC-16-Z03,LOW,Y,VISION
DC-16,SAFE-DC-16-061,2026-09-02T03:11:00,SPEED_REDUCTION,DC-16-Z06,HIGH,Y,OPERATOR
DC-16,SAFE-DC-16-062,2026-08-04T21:12:00,SCANNER_FAULT,DC-16-Z12,CRITICAL,Y,VISION
DC-16,SAFE-DC-16-063,2026-08-01T17:41:00,ZONE_BREACH,DC-16-Z04,LOW,N,OPERATOR
DC-16,SAFE-DC-16-064,2026-08-28T18:35:00,MANUAL_OVERRIDE,DC-16-Z03,LOW,Y,SAFETY_PLC
DC-17,SAFE-DC-17-000,2026-08-08T17:26:00,NEAR_MISS,DC-17-Z04,LOW,Y,FLEET
DC-17,SAFE-DC-17-001,2026-08-16T23:08:00,ZONE_BREACH,DC-17-Z03,HIGH,Y,OPERATOR
DC-17,SAFE-DC-17-002,2026-08-05T00:39:00,E_STOP,DC-17-Z04,HIGH,N,SAFETY_PLC
DC-17,SAFE-DC-17-003,2026-08-17T05:51:00,E_STOP,DC-17-Z03,HIGH,Y,OPERATOR
DC-17,SAFE-DC-17-004,2026-08-22T17:16:00,E_STOP,DC-17-Z04,LOW,Y,SAFETY_PLC
DC-17,SAFE-DC-17-005,2026-08-16T13:45:00,E_STOP,DC-17-Z04,LOW,Y,VISION
DC-17,SAFE-DC-17-006,2026-08-16T21:44:00,MANUAL_OVERRIDE,DC-17-Z03,LOW,Y,SAFETY_PLC
DC-17,SAFE-DC-17-007,2026-08-28T01:12:00,MANUAL_OVERRIDE,DC-17-Z03,MEDIUM,Y,FLEET
DC-17,SAFE-DC-17-008,2026-08-23T13:34:00,MANUAL_OVERRIDE,DC-17-Z04,CRITICAL,Y,OPERATOR
DC-17,SAFE-DC-17-009,2026-08-08T13:43:00,SCANNER_FAULT,DC-17-Z07,LOW,Y,OPERATOR
DC-17,SAFE-DC-17-010,2026-08-04T06:45:00,SCANNER_FAULT,DC-17-Z11,CRITICAL,Y,FLEET
DC-17,SAFE-DC-17-011,2026-08-28T15:49:00,MANUAL_OVERRIDE,DC-17-Z10,CRITICAL,N,FLEET
DC-17,SAFE-DC-17-012,2026-08-11T18:43:00,E_STOP,DC-17-Z04,CRITICAL,Y,FLEET
DC-17,SAFE-DC-17-013,2026-08-19T12:26:00,SPEED_REDUCTION,DC-17-Z03,MEDIUM,Y,FLEET
DC-17,SAFE-DC-17-014,2026-08-08T11:45:00,ZONE_BREACH,DC-17-Z01,MEDIUM,N,FLEET
DC-17,SAFE-DC-17-015,2026-09-02T08:10:00,NEAR_MISS,DC-17-Z02,LOW,Y,VISION
DC-17,SAFE-DC-17-016,2026-08-31T08:44:00,ZONE_BREACH,DC-17-Z02,LOW,Y,VISION
DC-17,SAFE-DC-17-017,2026-08-24T15:35:00,E_STOP,DC-17-Z09,HIGH,Y,SAFETY_PLC
DC-17,SAFE-DC-17-018,2026-08-19T11:48:00,E_STOP,DC-17-Z03,MEDIUM,N,OPERATOR
DC-17,SAFE-DC-17-019,2026-08-06T18:50:00,ZONE_BREACH,DC-17-Z12,CRITICAL,N,VISION
DC-17,SAFE-DC-17-020,2026-09-01T21:40:00,MANUAL_OVERRIDE,DC-17-Z02,HIGH,Y,SAFETY_PLC
DC-17,SAFE-DC-17-021,2026-08-16T08:48:00,SPEED_REDUCTION,DC-17-Z06,CRITICAL,Y,FLEET
DC-17,SAFE-DC-17-022,2026-08-31T15:38:00,E_STOP,DC-17-Z01,HIGH,Y,OPERATOR
DC-17,SAFE-DC-17-023,2026-09-02T19:45:00,NEAR_MISS,DC-17-Z05,CRITICAL,Y,VISION
DC-17,SAFE-DC-17-024,2026-08-17T02:46:00,E_STOP,DC-17-Z01,LOW,N,VISION
DC-17,SAFE-DC-17-025,2026-08-26T20:01:00,MANUAL_OVERRIDE,DC-17-Z07,MEDIUM,Y,SAFETY_PLC
DC-17,SAFE-DC-17-026,2026-08-17T03:23:00,SCANNER_FAULT,DC-17-Z11,CRITICAL,Y,VISION
DC-17,SAFE-DC-17-027,2026-09-04T01:56:00,ZONE_BREACH,DC-17-Z10,HIGH,Y,VISION
DC-17,SAFE-DC-17-028,2026-08-09T18:10:00,NEAR_MISS,DC-17-Z06,MEDIUM,Y,VISION
DC-17,SAFE-DC-17-029,2026-09-04T06:56:00,E_STOP,DC-17-Z11,MEDIUM,Y,FLEET
DC-17,SAFE-DC-17-030,2026-09-04T10:48:00,SPEED_REDUCTION,DC-17-Z03,MEDIUM,Y,VISION
DC-17,SAFE-DC-17-031,2026-09-04T06:02:00,NEAR_MISS,DC-17-Z06,HIGH,Y,OPERATOR
DC-17,SAFE-DC-17-032,2026-08-02T13:45:00,NEAR_MISS,DC-17-Z06,MEDIUM,Y,OPERATOR
DC-17,SAFE-DC-17-033,2026-08-04T07:47:00,ZONE_BREACH,DC-17-Z06,HIGH,Y,VISION
DC-17,SAFE-DC-17-034,2026-08-11T07:49:00,SCANNER_FAULT,DC-17-Z12,MEDIUM,N,FLEET
DC-17,SAFE-DC-17-035,2026-08-02T17:44:00,SPEED_REDUCTION,DC-17-Z05,MEDIUM,Y,FLEET
DC-17,SAFE-DC-17-036,2026-08-08T14:28:00,NEAR_MISS,DC-17-Z02,LOW,Y,VISION
DC-17,SAFE-DC-17-037,2026-09-04T19:58:00,SPEED_REDUCTION,DC-17-Z02,HIGH,Y,VISION
DC-17,SAFE-DC-17-038,2026-08-08T07:04:00,SCANNER_FAULT,DC-17-Z09,MEDIUM,Y,SAFETY_PLC
DC-17,SAFE-DC-17-039,2026-08-27T18:03:00,NEAR_MISS,DC-17-Z02,LOW,N,VISION
DC-17,SAFE-DC-17-040,2026-08-02T01:14:00,SPEED_REDUCTION,DC-17-Z03,MEDIUM,Y,VISION
DC-17,SAFE-DC-17-041,2026-08-15T07:54:00,NEAR_MISS,DC-17-Z10,HIGH,N,OPERATOR
DC-17,SAFE-DC-17-042,2026-08-30T14:25:00,SCANNER_FAULT,DC-17-Z04,LOW,Y,VISION
DC-17,SAFE-DC-17-043,2026-08-15T03:11:00,SCANNER_FAULT,DC-17-Z02,LOW,Y,OPERATOR
DC-17,SAFE-DC-17-044,2026-08-17T06:05:00,SCANNER_FAULT,DC-17-Z07,MEDIUM,Y,OPERATOR
DC-17,SAFE-DC-17-045,2026-08-04T08:50:00,E_STOP,DC-17-Z07,LOW,Y,VISION
DC-17,SAFE-DC-17-046,2026-08-18T18:27:00,ZONE_BREACH,DC-17-Z09,LOW,Y,VISION
DC-17,SAFE-DC-17-047,2026-08-30T02:17:00,NEAR_MISS,DC-17-Z01,CRITICAL,Y,OPERATOR
DC-17,SAFE-DC-17-048,2026-09-01T01:20:00,SPEED_REDUCTION,DC-17-Z01,CRITICAL,Y,FLEET
DC-17,SAFE-DC-17-049,2026-08-21T09:07:00,SPEED_REDUCTION,DC-17-Z06,HIGH,N,FLEET
DC-17,SAFE-DC-17-050,2026-08-11T06:04:00,ZONE_BREACH,DC-17-Z12,LOW,Y,OPERATOR
DC-17,SAFE-DC-17-051,2026-08-18T18:47:00,NEAR_MISS,DC-17-Z06,HIGH,Y,OPERATOR
DC-17,SAFE-DC-17-052,2026-08-10T10:03:00,NEAR_MISS,DC-17-Z09,LOW,Y,SAFETY_PLC
DC-17,SAFE-DC-17-053,2026-08-20T02:38:00,SPEED_REDUCTION,DC-17-Z11,CRITICAL,Y,VISION
DC-17,SAFE-DC-17-054,2026-08-25T14:10:00,MANUAL_OVERRIDE,DC-17-Z11,HIGH,Y,OPERATOR
DC-17,SAFE-DC-17-055,2026-08-17T14:40:00,E_STOP,DC-17-Z04,MEDIUM,Y,OPERATOR
DC-17,SAFE-DC-17-056,2026-08-26T10:32:00,ZONE_BREACH,DC-17-Z06,HIGH,Y,VISION
DC-17,SAFE-DC-17-057,2026-08-01T20:31:00,SPEED_REDUCTION,DC-17-Z09,HIGH,Y,SAFETY_PLC
DC-17,SAFE-DC-17-058,2026-09-02T06:43:00,E_STOP,DC-17-Z06,LOW,Y,OPERATOR
DC-17,SAFE-DC-17-059,2026-08-17T17:57:00,ZONE_BREACH,DC-17-Z02,MEDIUM,N,SAFETY_PLC
DC-17,SAFE-DC-17-060,2026-08-26T19:24:00,SCANNER_FAULT,DC-17-Z02,CRITICAL,Y,OPERATOR
DC-17,SAFE-DC-17-061,2026-08-25T05:04:00,MANUAL_OVERRIDE,DC-17-Z01,MEDIUM,Y,VISION
DC-17,SAFE-DC-17-062,2026-08-26T14:55:00,ZONE_BREACH,DC-17-Z08,MEDIUM,Y,SAFETY_PLC
DC-17,SAFE-DC-17-063,2026-08-07T19:08:00,SCANNER_FAULT,DC-17-Z01,MEDIUM,Y,OPERATOR
DC-17,SAFE-DC-17-064,2026-08-28T06:26:00,SPEED_REDUCTION,DC-17-Z06,HIGH,Y,FLEET
DC-18,SAFE-DC-18-000,2026-08-07T07:04:00,E_STOP,DC-18-Z06,HIGH,Y,VISION
DC-18,SAFE-DC-18-001,2026-08-20T03:38:00,NEAR_MISS,DC-18-Z03,CRITICAL,Y,SAFETY_PLC
DC-18,SAFE-DC-18-002,2026-08-19T23:27:00,SCANNER_FAULT,DC-18-Z07,LOW,Y,SAFETY_PLC
DC-18,SAFE-DC-18-003,2026-08-12T18:58:00,NEAR_MISS,DC-18-Z10,HIGH,Y,OPERATOR
DC-18,SAFE-DC-18-004,2026-08-30T14:39:00,ZONE_BREACH,DC-18-Z12,CRITICAL,Y,OPERATOR
DC-18,SAFE-DC-18-005,2026-08-14T04:07:00,NEAR_MISS,DC-18-Z10,CRITICAL,Y,VISION
DC-18,SAFE-DC-18-006,2026-08-01T12:55:00,MANUAL_OVERRIDE,DC-18-Z10,CRITICAL,Y,VISION
DC-18,SAFE-DC-18-007,2026-08-28T06:27:00,E_STOP,DC-18-Z10,CRITICAL,Y,VISION
DC-18,SAFE-DC-18-008,2026-09-02T23:19:00,ZONE_BREACH,DC-18-Z01,HIGH,Y,OPERATOR
DC-18,SAFE-DC-18-009,2026-08-10T09:50:00,ZONE_BREACH,DC-18-Z05,MEDIUM,Y,SAFETY_PLC
DC-18,SAFE-DC-18-010,2026-08-02T14:42:00,MANUAL_OVERRIDE,DC-18-Z11,MEDIUM,Y,FLEET
DC-18,SAFE-DC-18-011,2026-09-04T16:49:00,NEAR_MISS,DC-18-Z01,LOW,Y,SAFETY_PLC
DC-18,SAFE-DC-18-012,2026-08-19T18:48:00,NEAR_MISS,DC-18-Z08,HIGH,Y,VISION
DC-18,SAFE-DC-18-013,2026-08-13T22:38:00,NEAR_MISS,DC-18-Z10,LOW,Y,VISION
DC-18,SAFE-DC-18-014,2026-08-10T14:11:00,SCANNER_FAULT,DC-18-Z06,MEDIUM,Y,SAFETY_PLC
DC-18,SAFE-DC-18-015,2026-08-11T13:49:00,ZONE_BREACH,DC-18-Z09,MEDIUM,Y,OPERATOR
DC-18,SAFE-DC-18-016,2026-08-15T02:48:00,ZONE_BREACH,DC-18-Z07,MEDIUM,Y,FLEET
DC-18,SAFE-DC-18-017,2026-08-05T13:40:00,MANUAL_OVERRIDE,DC-18-Z05,CRITICAL,Y,OPERATOR
DC-18,SAFE-DC-18-018,2026-08-25T01:04:00,NEAR_MISS,DC-18-Z07,LOW,Y,FLEET
DC-18,SAFE-DC-18-019,2026-08-26T03:54:00,MANUAL_OVERRIDE,DC-18-Z12,MEDIUM,Y,VISION
DC-18,SAFE-DC-18-020,2026-08-02T17:42:00,SPEED_REDUCTION,DC-18-Z02,CRITICAL,Y,SAFETY_PLC
DC-18,SAFE-DC-18-021,2026-08-30T09:40:00,NEAR_MISS,DC-18-Z01,MEDIUM,Y,VISION
DC-18,SAFE-DC-18-022,2026-08-22T19:23:00,SCANNER_FAULT,DC-18-Z05,HIGH,N,SAFETY_PLC
DC-18,SAFE-DC-18-023,2026-08-04T05:36:00,MANUAL_OVERRIDE,DC-18-Z04,LOW,Y,OPERATOR
DC-18,SAFE-DC-18-024,2026-09-02T09:38:00,MANUAL_OVERRIDE,DC-18-Z10,MEDIUM,N,SAFETY_PLC
DC-18,SAFE-DC-18-025,2026-08-28T20:12:00,SPEED_REDUCTION,DC-18-Z10,LOW,Y,SAFETY_PLC
DC-18,SAFE-DC-18-026,2026-08-14T19:02:00,NEAR_MISS,DC-18-Z01,MEDIUM,Y,VISION
DC-18,SAFE-DC-18-027,2026-08-15T22:35:00,MANUAL_OVERRIDE,DC-18-Z08,MEDIUM,Y,VISION
DC-18,SAFE-DC-18-028,2026-08-31T15:32:00,NEAR_MISS,DC-18-Z10,HIGH,Y,OPERATOR
DC-18,SAFE-DC-18-029,2026-09-01T09:17:00,SCANNER_FAULT,DC-18-Z05,LOW,N,OPERATOR
DC-18,SAFE-DC-18-030,2026-08-31T22:41:00,SCANNER_FAULT,DC-18-Z04,CRITICAL,Y,FLEET
DC-18,SAFE-DC-18-031,2026-08-26T07:31:00,MANUAL_OVERRIDE,DC-18-Z01,HIGH,Y,OPERATOR
DC-18,SAFE-DC-18-032,2026-09-03T20:13:00,SPEED_REDUCTION,DC-18-Z04,MEDIUM,Y,FLEET
DC-18,SAFE-DC-18-033,2026-08-26T22:33:00,MANUAL_OVERRIDE,DC-18-Z02,LOW,N,OPERATOR
DC-18,SAFE-DC-18-034,2026-08-15T02:05:00,MANUAL_OVERRIDE,DC-18-Z06,LOW,Y,OPERATOR
DC-18,SAFE-DC-18-035,2026-08-16T23:28:00,NEAR_MISS,DC-18-Z04,LOW,Y,VISION
DC-18,SAFE-DC-18-036,2026-08-01T20:28:00,NEAR_MISS,DC-18-Z05,MEDIUM,N,FLEET
DC-18,SAFE-DC-18-037,2026-08-11T10:39:00,SPEED_REDUCTION,DC-18-Z03,HIGH,N,VISION
DC-18,SAFE-DC-18-038,2026-08-16T01:29:00,SPEED_REDUCTION,DC-18-Z08,MEDIUM,Y,SAFETY_PLC
DC-18,SAFE-DC-18-039,2026-09-01T10:21:00,SPEED_REDUCTION,DC-18-Z11,LOW,Y,VISION
DC-18,SAFE-DC-18-040,2026-08-30T17:25:00,E_STOP,DC-18-Z04,HIGH,Y,SAFETY_PLC
DC-18,SAFE-DC-18-041,2026-08-26T07:00:00,MANUAL_OVERRIDE,DC-18-Z07,HIGH,N,FLEET
DC-18,SAFE-DC-18-042,2026-08-08T20:57:00,ZONE_BREACH,DC-18-Z01,HIGH,Y,FLEET
DC-18,SAFE-DC-18-043,2026-08-01T13:01:00,NEAR_MISS,DC-18-Z11,HIGH,N,VISION
DC-18,SAFE-DC-18-044,2026-08-06T00:37:00,E_STOP,DC-18-Z10,CRITICAL,Y,VISION
DC-18,SAFE-DC-18-045,2026-08-15T10:58:00,MANUAL_OVERRIDE,DC-18-Z04,CRITICAL,Y,OPERATOR
DC-18,SAFE-DC-18-046,2026-08-31T07:30:00,E_STOP,DC-18-Z07,HIGH,Y,SAFETY_PLC
DC-18,SAFE-DC-18-047,2026-09-01T16:30:00,E_STOP,DC-18-Z01,HIGH,Y,OPERATOR
DC-18,SAFE-DC-18-048,2026-08-18T07:04:00,SCANNER_FAULT,DC-18-Z08,LOW,Y,OPERATOR
DC-18,SAFE-DC-18-049,2026-08-05T00:41:00,E_STOP,DC-18-Z04,LOW,Y,VISION
DC-18,SAFE-DC-18-050,2026-08-27T08:55:00,SCANNER_FAULT,DC-18-Z04,MEDIUM,Y,VISION
DC-18,SAFE-DC-18-051,2026-08-02T14:47:00,ZONE_BREACH,DC-18-Z07,LOW,N,FLEET
DC-18,SAFE-DC-18-052,2026-08-27T16:26:00,SCANNER_FAULT,DC-18-Z12,HIGH,Y,FLEET
DC-18,SAFE-DC-18-053,2026-08-31T22:47:00,MANUAL_OVERRIDE,DC-18-Z10,CRITICAL,Y,SAFETY_PLC
DC-18,SAFE-DC-18-054,2026-08-04T21:22:00,MANUAL_OVERRIDE,DC-18-Z05,CRITICAL,Y,FLEET
DC-18,SAFE-DC-18-055,2026-08-25T20:06:00,E_STOP,DC-18-Z04,HIGH,Y,OPERATOR
DC-18,SAFE-DC-18-056,2026-08-16T16:53:00,E_STOP,DC-18-Z05,MEDIUM,Y,FLEET
DC-18,SAFE-DC-18-057,2026-08-07T15:56:00,SCANNER_FAULT,DC-18-Z02,HIGH,Y,OPERATOR
DC-18,SAFE-DC-18-058,2026-08-17T22:38:00,SPEED_REDUCTION,DC-18-Z04,CRITICAL,Y,OPERATOR
DC-18,SAFE-DC-18-059,2026-08-30T15:19:00,MANUAL_OVERRIDE,DC-18-Z04,MEDIUM,Y,OPERATOR
DC-18,SAFE-DC-18-060,2026-09-03T20:43:00,MANUAL_OVERRIDE,DC-18-Z01,LOW,Y,FLEET
DC-18,SAFE-DC-18-061,2026-08-07T06:59:00,SCANNER_FAULT,DC-18-Z06,MEDIUM,Y,FLEET
DC-18,SAFE-DC-18-062,2026-08-20T05:53:00,SCANNER_FAULT,DC-18-Z11,MEDIUM,N,OPERATOR
DC-18,SAFE-DC-18-063,2026-08-27T05:54:00,ZONE_BREACH,DC-18-Z11,HIGH,Y,OPERATOR
DC-18,SAFE-DC-18-064,2026-08-24T18:43:00,E_STOP,DC-18-Z05,LOW,Y,OPERATOR
