sku,description,uom,temperature_class,lot_controlled,serial_controlled,hazmat
SKU-00001,Synthetic Product 00001,EA,AMBIENT,N,Y,N
SKU-00002,Synthetic Product 00002,CASE,AMBIENT,N,N,N
SKU-00003,Synthetic Product 00003,PALLET,AMBIENT,N,N,N
SKU-00004,Synthetic Product 00004,EA,AMBIENT,Y,N,N
SKU-00005,Synthetic Product 00005,EA,AMBIENT,N,N,N
SKU-00006,Synthetic Product 00006,PALLET,AMBIENT,Y,N,N
SKU-00007,Synthetic Product 00007,CASE,AMBIENT,N,N,N
SKU-00008,Synthetic Product 00008,CASE,AMBIENT,N,N,N
SKU-00009,Synthetic Product 00009,PALLET,AMBIENT,N,Y,N
SKU-00010,Synthetic Product 00010,CASE,AMBIENT,Y,N,N
SKU-00011,Synthetic Product 00011,EA,CHILLED,Y,N,N
SKU-00012,Synthetic Product 00012,PALLET,AMBIENT,Y,N,N
SKU-00013,Synthetic Product 00013,PALLET,AMBIENT,Y,N,N
SKU-00014,Synthetic Product 00014,CASE,AMBIENT,Y,N,N
SKU-00015,Synthetic Product 00015,PALLET,AMBIENT,N,N,N
SKU-00016,Synthetic Product 00016,EA,AMBIENT,Y,N,N
SKU-00017,Synthetic Product 00017,EA,AMBIENT,N,N,N
SKU-00018,Synthetic Product 00018,PALLET,AMBIENT,Y,N,N
SKU-00019,Synthetic Product 00019,PALLET,AMBIENT,Y,Y,N
SKU-00020,Synthetic Product 00020,PALLET,AMBIENT,N,N,N
SKU-00021,Synthetic Product 00021,PALLET,FROZEN,N,N,N
SKU-00022,Synthetic Product 00022,EA,AMBIENT,N,N,N
SKU-00023,Synthetic Product 00023,EA,AMBIENT,Y,N,N
SKU-00024,Synthetic Product 00024,CASE,AMBIENT,Y,N,N
SKU-00025,Synthetic Product 00025,EA,AMBIENT,N,N,N
SKU-00026,Synthetic Product 00026,CASE,AMBIENT,Y,N,N
SKU-00027,Synthetic Product 00027,EA,AMBIENT,N,N,N
SKU-00028,Synthetic Product 00028,CASE,AMBIENT,Y,N,N
SKU-00029,Synthetic Product 00029,EA,AMBIENT,N,N,N
SKU-00030,Synthetic Product 00030,PALLET,AMBIENT,Y,N,Y
SKU-00031,Synthetic Product 00031,EA,CHILLED,N,N,N
SKU-00032,Synthetic Product 00032,PALLET,AMBIENT,Y,N,N
SKU-00033,Synthetic Product 00033,PALLET,AMBIENT,N,N,N
SKU-00034,Synthetic Product 00034,EA,AMBIENT,Y,N,N
SKU-00035,Synthetic Product 00035,EA,AMBIENT,N,N,N
SKU-00036,Synthetic Product 00036,PALLET,AMBIENT,N,Y,N
SKU-00037,Synthetic Product 00037,PALLET,AMBIENT,N,N,N
SKU-00038,Synthetic Product 00038,PALLET,AMBIENT,N,Y,N
SKU-00039,Synthetic Product 00039,PALLET,AMBIENT,Y,N,N
SKU-00040,Synthetic Product 00040,EA,AMBIENT,Y,N,N
SKU-00041,Synthetic Product 00041,PALLET,AMBIENT,N,N,N
SKU-00042,Synthetic Product 00042,CASE,CHILLED,Y,N,N
SKU-00043,Synthetic Product 00043,PALLET,AMBIENT,Y,N,N
SKU-00044,Synthetic Product 00044,EA,AMBIENT,N,N,N
SKU-00045,Synthetic Product 00045,EA,AMBIENT,Y,N,N
SKU-00046,Synthetic Product 00046,EA,AMBIENT,N,N,N
SKU-00047,Synthetic Product 00047,CASE,AMBIENT,Y,N,N
SKU-00048,Synthetic Product 00048,EA,AMBIENT,N,N,N
SKU-00049,Synthetic Product 00049,PALLET,AMBIENT,Y,Y,N
SKU-00050,Synthetic Product 00050,EA,AMBIENT,Y,N,N
SKU-00051,Synthetic Product 00051,EA,AMBIENT,N,N,N
SKU-00052,Synthetic Product 00052,CASE,AMBIENT,N,N,N
SKU-00053,Synthetic Product 00053,CASE,CHILLED,Y,N,N
SKU-00054,Synthetic Product 00054,EA,AMBIENT,Y,N,N
SKU-00055,Synthetic Product 00055,PALLET,AMBIENT,N,N,N
SKU-00056,Synthetic Product 00056,PALLET,AMBIENT,Y,N,N
SKU-00057,Synthetic Product 00057,CASE,AMBIENT,N,N,N
SKU-00058,Synthetic Product 00058,CASE,AMBIENT,N,N,N
SKU-00059,Synthetic Product 00059,EA,AMBIENT,Y,N,N
SKU-00060,Synthetic Product 00060,EA,CHILLED,Y,N,Y
SKU-00061,Synthetic Product 00061,PALLET,AMBIENT,Y,Y,N
SKU-00062,Synthetic Product 00062,PALLET,AMBIENT,Y,Y,N
SKU-00063,Synthetic Product 00063,CASE,AMBIENT,N,N,N
SKU-00064,Synthetic Product 00064,PALLET,AMBIENT,N,N,N
SKU-00065,Synthetic Product 00065,CASE,AMBIENT,Y,N,N
SKU-00066,Synthetic Product 00066,PALLET,AMBIENT,Y,N,N
SKU-00067,Synthetic Product 00067,EA,AMBIENT,Y,N,Y
SKU-00068,Synthetic Product 00068,CASE,AMBIENT,Y,N,N
SKU-00069,Synthetic Product 00069,PALLET,AMBIENT,Y,N,N
SKU-00070,Synthetic Product 00070,EA,AMBIENT,Y,N,N
SKU-00071,Synthetic Product 00071,CASE,AMBIENT,Y,N,N
SKU-00072,Synthetic Product 00072,PALLET,AMBIENT,N,N,N
SKU-00073,Synthetic Product 00073,EA,AMBIENT,Y,N,N
SKU-00074,Synthetic Product 00074,CASE,FROZEN,Y,N,N
SKU-00075,Synthetic Product 00075,EA,AMBIENT,Y,N,N
SKU-00076,Synthetic Product 00076,EA,AMBIENT,N,N,N
SKU-00077,Synthetic Product 00077,PALLET,FROZEN,Y,N,N
SKU-00078,Synthetic Product 00078,CASE,AMBIENT,N,N,N
SKU-00079,Synthetic Product 00079,CASE,AMBIENT,N,N,N
SKU-00080,Synthetic Product 00080,CASE,AMBIENT,N,N,N
SKU-00081,Synthetic Product 00081,PALLET,CHILLED,N,N,N
SKU-00082,Synthetic Product 00082,CASE,CHILLED,Y,N,N
SKU-00083,Synthetic Product 00083,EA,AMBIENT,Y,N,N
SKU-00084,Synthetic Product 00084,EA,AMBIENT,N,N,N
SKU-00085,Synthetic Product 00085,CASE,AMBIENT,Y,N,N
SKU-00086,Synthetic Product 00086,EA,AMBIENT,N,Y,N
SKU-00087,Synthetic Product 00087,CASE,AMBIENT,Y,N,N
SKU-00088,Synthetic Product 00088,PALLET,AMBIENT,N,N,N
SKU-00089,Synthetic Product 00089,PALLET,CHILLED,N,N,N
SKU-00090,Synthetic Product 00090,PALLET,FROZEN,Y,N,N
SKU-00091,Synthetic Product 00091,EA,AMBIENT,N,N,N
SKU-00092,Synthetic Product 00092,CASE,AMBIENT,Y,N,N
SKU-00093,Synthetic Product 00093,EA,CHILLED,Y,N,N
SKU-00094,Synthetic Product 00094,CASE,AMBIENT,Y,N,N
SKU-00095,Synthetic Product 00095,EA,AMBIENT,Y,N,N
SKU-00096,Synthetic Product 00096,PALLET,AMBIENT,Y,Y,N
SKU-00097,Synthetic Product 00097,EA,AMBIENT,N,N,N
SKU-00098,Synthetic Product 00098,PALLET,AMBIENT,N,N,N
SKU-00099,Synthetic Product 00099,CASE,AMBIENT,N,N,N
SKU-00100,Synthetic Product 00100,CASE,CHILLED,N,N,N
SKU-00101,Synthetic Product 00101,CASE,AMBIENT,Y,N,N
SKU-00102,Synthetic Product 00102,EA,CHILLED,N,N,N
SKU-00103,Synthetic Product 00103,PALLET,AMBIENT,Y,N,N
SKU-00104,Synthetic Product 00104,CASE,FROZEN,Y,Y,N
SKU-00105,Synthetic Product 00105,PALLET,CHILLED,N,Y,N
SKU-00106,Synthetic Product 00106,PALLET,AMBIENT,N,N,N
SKU-00107,Synthetic Product 00107,CASE,FROZEN,N,N,N
SKU-00108,Synthetic Product 00108,CASE,AMBIENT,Y,N,N
SKU-00109,Synthetic Product 00109,CASE,AMBIENT,N,N,Y
SKU-00110,Synthetic Product 00110,CASE,AMBIENT,N,Y,N
SKU-00111,Synthetic Product 00111,PALLET,AMBIENT,N,N,N
SKU-00112,Synthetic Product 00112,CASE,AMBIENT,Y,N,N
SKU-00113,Synthetic Product 00113,PALLET,AMBIENT,N,N,N
SKU-00114,Synthetic Product 00114,EA,AMBIENT,N,N,N
SKU-00115,Synthetic Product 00115,CASE,AMBIENT,Y,N,N
SKU-00116,Synthetic Product 00116,PALLET,AMBIENT,N,N,N
SKU-00117,Synthetic Product 00117,EA,AMBIENT,Y,Y,N
SKU-00118,Synthetic Product 00118,EA,CHILLED,Y,N,N
SKU-00119,Synthetic Product 00119,CASE,AMBIENT,Y,N,N
SKU-00120,Synthetic Product 00120,PALLET,AMBIENT,N,Y,N
SKU-00121,Synthetic Product 00121,EA,AMBIENT,Y,N,Y
SKU-00122,Synthetic Product 00122,CASE,CHILLED,N,N,N
SKU-00123,Synthetic Product 00123,CASE,AMBIENT,N,N,Y
SKU-00124,Synthetic Product 00124,PALLET,AMBIENT,Y,N,N
SKU-00125,Synthetic Product 00125,CASE,AMBIENT,Y,N,N
SKU-00126,Synthetic Product 00126,EA,AMBIENT,N,N,N
SKU-00127,Synthetic Product 00127,CASE,AMBIENT,N,N,N
SKU-00128,Synthetic Product 00128,EA,FROZEN,N,N,N
SKU-00129,Synthetic Product 00129,CASE,AMBIENT,Y,N,N
SKU-00130,Synthetic Product 00130,EA,AMBIENT,N,N,N
SKU-00131,Synthetic Product 00131,EA,AMBIENT,Y,N,N
SKU-00132,Synthetic Product 00132,PALLET,AMBIENT,Y,N,N
SKU-00133,Synthetic Product 00133,EA,AMBIENT,Y,N,N
SKU-00134,Synthetic Product 00134,CASE,AMBIENT,N,N,N
SKU-00135,Synthetic Product 00135,PALLET,AMBIENT,N,N,Y
SKU-00136,Synthetic Product 00136,EA,AMBIENT,Y,N,N
SKU-00137,Synthetic Product 00137,EA,AMBIENT,N,N,N
SKU-00138,Synthetic Product 00138,CASE,FROZEN,N,N,N
SKU-00139,Synthetic Product 00139,CASE,AMBIENT,N,N,N
SKU-00140,Synthetic Product 00140,PALLET,AMBIENT,Y,N,Y
SKU-00141,Synthetic Product 00141,PALLET,FROZEN,Y,N,N
SKU-00142,Synthetic Product 00142,EA,AMBIENT,N,N,N
SKU-00143,Synthetic Product 00143,EA,AMBIENT,N,N,Y
SKU-00144,Synthetic Product 00144,EA,AMBIENT,N,N,N
SKU-00145,Synthetic Product 00145,PALLET,AMBIENT,Y,N,N
SKU-00146,Synthetic Product 00146,EA,FROZEN,Y,N,N
SKU-00147,Synthetic Product 00147,CASE,AMBIENT,Y,Y,N
SKU-00148,Synthetic Product 00148,PALLET,AMBIENT,N,N,N
SKU-00149,Synthetic Product 00149,PALLET,AMBIENT,Y,N,N
SKU-00150,Synthetic Product 00150,PALLET,AMBIENT,N,N,N
SKU-00151,Synthetic Product 00151,CASE,AMBIENT,N,N,N
SKU-00152,Synthetic Product 00152,EA,CHILLED,Y,N,N
SKU-00153,Synthetic Product 00153,EA,AMBIENT,Y,N,N
SKU-00154,Synthetic Product 00154,CASE,CHILLED,Y,N,N
SKU-00155,Synthetic Product 00155,EA,CHILLED,N,N,N
SKU-00156,Synthetic Product 00156,PALLET,AMBIENT,Y,N,Y
SKU-00157,Synthetic Product 00157,CASE,FROZEN,Y,N,N
SKU-00158,Synthetic Product 00158,PALLET,AMBIENT,Y,N,N
SKU-00159,Synthetic Product 00159,EA,AMBIENT,Y,N,N
SKU-00160,Synthetic Product 00160,PALLET,AMBIENT,Y,N,N
SKU-00161,Synthetic Product 00161,CASE,AMBIENT,Y,N,N
SKU-00162,Synthetic Product 00162,EA,AMBIENT,N,N,N
SKU-00163,Synthetic Product 00163,CASE,CHILLED,Y,N,N
SKU-00164,Synthetic Product 00164,CASE,AMBIENT,Y,N,N
SKU-00165,Synthetic Product 00165,EA,AMBIENT,N,N,N
SKU-00166,Synthetic Product 00166,CASE,AMBIENT,N,N,N
SKU-00167,Synthetic Product 00167,CASE,AMBIENT,N,N,N
SKU-00168,Synthetic Product 00168,EA,CHILLED,N,N,N
SKU-00169,Synthetic Product 00169,EA,AMBIENT,N,N,N
SKU-00170,Synthetic Product 00170,EA,AMBIENT,Y,Y,N
SKU-00171,Synthetic Product 00171,PALLET,AMBIENT,Y,N,N
SKU-00172,Synthetic Product 00172,PALLET,AMBIENT,N,N,N
SKU-00173,Synthetic Product 00173,EA,CHILLED,Y,N,N
SKU-00174,Synthetic Product 00174,CASE,AMBIENT,Y,N,N
SKU-00175,Synthetic Product 00175,EA,AMBIENT,Y,N,N
SKU-00176,Synthetic Product 00176,PALLET,AMBIENT,Y,N,N
SKU-00177,Synthetic Product 00177,EA,AMBIENT,Y,N,Y
SKU-00178,Synthetic Product 00178,PALLET,AMBIENT,Y,N,N
SKU-00179,Synthetic Product 00179,EA,AMBIENT,Y,N,N
SKU-00180,Synthetic Product 00180,CASE,CHILLED,N,N,N
SKU-00181,Synthetic Product 00181,CASE,AMBIENT,Y,N,N
SKU-00182,Synthetic Product 00182,EA,AMBIENT,Y,N,N
SKU-00183,Synthetic Product 00183,EA,FROZEN,N,N,N
SKU-00184,Synthetic Product 00184,EA,AMBIENT,Y,N,N
SKU-00185,Synthetic Product 00185,PALLET,CHILLED,N,N,N
SKU-00186,Synthetic Product 00186,EA,AMBIENT,N,N,N
SKU-00187,Synthetic Product 00187,PALLET,AMBIENT,Y,N,N
SKU-00188,Synthetic Product 00188,CASE,AMBIENT,N,N,N
SKU-00189,Synthetic Product 00189,EA,AMBIENT,Y,N,N
SKU-00190,Synthetic Product 00190,PALLET,AMBIENT,Y,N,Y
SKU-00191,Synthetic Product 00191,CASE,CHILLED,N,N,N
SKU-00192,Synthetic Product 00192,CASE,AMBIENT,Y,N,N
SKU-00193,Synthetic Product 00193,CASE,AMBIENT,Y,N,N
SKU-00194,Synthetic Product 00194,PALLET,AMBIENT,Y,N,N
SKU-00195,Synthetic Product 00195,CASE,AMBIENT,Y,N,N
SKU-00196,Synthetic Product 00196,EA,AMBIENT,Y,N,N
SKU-00197,Synthetic Product 00197,CASE,AMBIENT,N,N,N
SKU-00198,Synthetic Product 00198,CASE,AMBIENT,N,N,N
SKU-00199,Synthetic Product 00199,PALLET,AMBIENT,Y,N,N
SKU-00200,Synthetic Product 00200,PALLET,AMBIENT,N,N,N
SKU-00201,Synthetic Product 00201,EA,AMBIENT,N,N,N
SKU-00202,Synthetic Product 00202,PALLET,AMBIENT,Y,N,Y
SKU-00203,Synthetic Product 00203,CASE,AMBIENT,Y,N,N
SKU-00204,Synthetic Product 00204,PALLET,FROZEN,N,N,N
SKU-00205,Synthetic Product 00205,CASE,AMBIENT,Y,N,N
SKU-00206,Synthetic Product 00206,CASE,AMBIENT,N,N,N
SKU-00207,Synthetic Product 00207,EA,AMBIENT,N,N,N
SKU-00208,Synthetic Product 00208,EA,FROZEN,N,N,N
SKU-00209,Synthetic Product 00209,PALLET,AMBIENT,Y,N,N
SKU-00210,Synthetic Product 00210,PALLET,FROZEN,Y,N,N
SKU-00211,Synthetic Product 00211,PALLET,AMBIENT,Y,N,Y
SKU-00212,Synthetic Product 00212,CASE,CHILLED,N,N,N
SKU-00213,Synthetic Product 00213,CASE,AMBIENT,N,Y,N
SKU-00214,Synthetic Product 00214,PALLET,AMBIENT,N,N,N
SKU-00215,Synthetic Product 00215,EA,AMBIENT,Y,N,N
SKU-00216,Synthetic Product 00216,CASE,CHILLED,Y,N,N
SKU-00217,Synthetic Product 00217,EA,AMBIENT,Y,N,N
SKU-00218,Synthetic Product 00218,CASE,AMBIENT,Y,N,N
SKU-00219,Synthetic Product 00219,CASE,AMBIENT,Y,N,N
SKU-00220,Synthetic Product 00220,EA,AMBIENT,N,N,N
SKU-00221,Synthetic Product 00221,PALLET,AMBIENT,N,N,N
SKU-00222,Synthetic Product 00222,CASE,CHILLED,N,N,N
SKU-00223,Synthetic Product 00223,PALLET,AMBIENT,Y,N,N
SKU-00224,Synthetic Product 00224,CASE,FROZEN,Y,N,N
SKU-00225,Synthetic Product 00225,CASE,AMBIENT,N,N,N
SKU-00226,Synthetic Product 00226,PALLET,AMBIENT,N,Y,N
SKU-00227,Synthetic Product 00227,EA,AMBIENT,Y,N,N
SKU-00228,Synthetic Product 00228,EA,AMBIENT,Y,N,N
SKU-00229,Synthetic Product 00229,EA,CHILLED,Y,N,N
SKU-00230,Synthetic Product 00230,EA,CHILLED,Y,N,N
SKU-00231,Synthetic Product 00231,EA,AMBIENT,Y,N,N
SKU-00232,Synthetic Product 00232,CASE,AMBIENT,N,N,N
SKU-00233,Synthetic Product 00233,EA,AMBIENT,N,N,N
SKU-00234,Synthetic Product 00234,PALLET,AMBIENT,Y,N,N
SKU-00235,Synthetic Product 00235,EA,AMBIENT,Y,N,N
SKU-00236,Synthetic Product 00236,EA,AMBIENT,N,N,N
SKU-00237,Synthetic Product 00237,EA,CHILLED,Y,N,N
SKU-00238,Synthetic Product 00238,EA,AMBIENT,Y,N,N
SKU-00239,Synthetic Product 00239,EA,AMBIENT,Y,N,N
SKU-00240,Synthetic Product 00240,PALLET,AMBIENT,N,N,N
SKU-00241,Synthetic Product 00241,PALLET,AMBIENT,Y,N,N
SKU-00242,Synthetic Product 00242,CASE,CHILLED,Y,Y,N
SKU-00243,Synthetic Product 00243,EA,AMBIENT,N,N,N
SKU-00244,Synthetic Product 00244,PALLET,AMBIENT,N,N,N
SKU-00245,Synthetic Product 00245,CASE,CHILLED,Y,N,N
SKU-00246,Synthetic Product 00246,PALLET,AMBIENT,N,N,N
SKU-00247,Synthetic Product 00247,PALLET,AMBIENT,N,N,N
SKU-00248,Synthetic Product 00248,EA,AMBIENT,N,Y,N
SKU-00249,Synthetic Product 00249,EA,AMBIENT,Y,N,N
SKU-00250,Synthetic Product 00250,CASE,AMBIENT,N,N,N
SKU-00251,Synthetic Product 00251,EA,FROZEN,Y,N,N
SKU-00252,Synthetic Product 00252,CASE,AMBIENT,Y,N,N
SKU-00253,Synthetic Product 00253,EA,AMBIENT,N,N,N
SKU-00254,Synthetic Product 00254,CASE,AMBIENT,N,N,N
SKU-00255,Synthetic Product 00255,PALLET,FROZEN,N,N,N
SKU-00256,Synthetic Product 00256,EA,AMBIENT,Y,N,Y
SKU-00257,Synthetic Product 00257,CASE,AMBIENT,Y,N,N
SKU-00258,Synthetic Product 00258,PALLET,AMBIENT,Y,N,N
SKU-00259,Synthetic Product 00259,PALLET,AMBIENT,N,Y,N
SKU-00260,Synthetic Product 00260,EA,AMBIENT,Y,N,N
SKU-00261,Synthetic Product 00261,CASE,CHILLED,N,N,N
SKU-00262,Synthetic Product 00262,CASE,AMBIENT,N,N,Y
SKU-00263,Synthetic Product 00263,EA,AMBIENT,N,N,N
SKU-00264,Synthetic Product 00264,PALLET,FROZEN,N,N,N
SKU-00265,Synthetic Product 00265,EA,AMBIENT,Y,N,N
SKU-00266,Synthetic Product 00266,PALLET,CHILLED,Y,N,N
SKU-00267,Synthetic Product 00267,EA,AMBIENT,Y,N,N
SKU-00268,Synthetic Product 00268,CASE,AMBIENT,Y,N,N
SKU-00269,Synthetic Product 00269,CASE,AMBIENT,N,N,Y
SKU-00270,Synthetic Product 00270,EA,CHILLED,Y,N,N
SKU-00271,Synthetic Product 00271,EA,AMBIENT,N,N,N
SKU-00272,Synthetic Product 00272,CASE,AMBIENT,Y,N,N
SKU-00273,Synthetic Product 00273,CASE,AMBIENT,Y,N,N
SKU-00274,Synthetic Product 00274,PALLET,AMBIENT,N,N,N
SKU-00275,Synthetic Product 00275,EA,AMBIENT,Y,N,N
SKU-00276,Synthetic Product 00276,EA,AMBIENT,Y,N,N
SKU-00277,Synthetic Product 00277,CASE,AMBIENT,N,N,N
SKU-00278,Synthetic Product 00278,PALLET,AMBIENT,Y,N,N
SKU-00279,Synthetic Product 00279,EA,AMBIENT,N,N,N
SKU-00280,Synthetic Product 00280,CASE,AMBIENT,N,N,N
SKU-00281,Synthetic Product 00281,CASE,AMBIENT,Y,N,N
SKU-00282,Synthetic Product 00282,CASE,AMBIENT,N,N,N
SKU-00283,Synthetic Product 00283,CASE,AMBIENT,Y,N,N
SKU-00284,Synthetic Product 00284,PALLET,AMBIENT,Y,N,N
SKU-00285,Synthetic Product 00285,PALLET,AMBIENT,Y,N,N
SKU-00286,Synthetic Product 00286,PALLET,AMBIENT,Y,N,N
SKU-00287,Synthetic Product 00287,CASE,AMBIENT,Y,N,N
SKU-00288,Synthetic Product 00288,PALLET,AMBIENT,Y,N,N
SKU-00289,Synthetic Product 00289,CASE,AMBIENT,N,N,N
SKU-00290,Synthetic Product 00290,EA,AMBIENT,N,N,N
SKU-00291,Synthetic Product 00291,EA,CHILLED,Y,N,N
SKU-00292,Synthetic Product 00292,CASE,AMBIENT,N,N,N
SKU-00293,Synthetic Product 00293,PALLET,AMBIENT,N,N,N
SKU-00294,Synthetic Product 00294,CASE,AMBIENT,N,N,N
SKU-00295,Synthetic Product 00295,EA,AMBIENT,N,N,N
SKU-00296,Synthetic Product 00296,CASE,FROZEN,N,Y,N
SKU-00297,Synthetic Product 00297,EA,CHILLED,N,N,N
SKU-00298,Synthetic Product 00298,CASE,AMBIENT,Y,N,N
SKU-00299,Synthetic Product 00299,EA,CHILLED,Y,N,N
SKU-00300,Synthetic Product 00300,CASE,AMBIENT,N,N,N
SKU-00301,Synthetic Product 00301,PALLET,AMBIENT,N,N,N
SKU-00302,Synthetic Product 00302,EA,CHILLED,Y,N,N
SKU-00303,Synthetic Product 00303,EA,AMBIENT,N,N,N
SKU-00304,Synthetic Product 00304,EA,AMBIENT,N,Y,N
SKU-00305,Synthetic Product 00305,PALLET,CHILLED,N,N,N
SKU-00306,Synthetic Product 00306,PALLET,AMBIENT,Y,N,N
SKU-00307,Synthetic Product 00307,CASE,AMBIENT,N,N,N
SKU-00308,Synthetic Product 00308,CASE,AMBIENT,Y,N,N
SKU-00309,Synthetic Product 00309,EA,AMBIENT,N,Y,N
SKU-00310,Synthetic Product 00310,PALLET,AMBIENT,N,N,N
SKU-00311,Synthetic Product 00311,PALLET,AMBIENT,N,N,Y
SKU-00312,Synthetic Product 00312,CASE,FROZEN,Y,N,N
SKU-00313,Synthetic Product 00313,CASE,AMBIENT,Y,N,N
SKU-00314,Synthetic Product 00314,EA,AMBIENT,Y,N,N
SKU-00315,Synthetic Product 00315,EA,AMBIENT,N,N,N
SKU-00316,Synthetic Product 00316,EA,AMBIENT,Y,N,Y
SKU-00317,Synthetic Product 00317,CASE,AMBIENT,Y,N,N
SKU-00318,Synthetic Product 00318,EA,FROZEN,N,N,N
SKU-00319,Synthetic Product 00319,EA,FROZEN,Y,N,N
SKU-00320,Synthetic Product 00320,CASE,FROZEN,Y,N,N
SKU-00321,Synthetic Product 00321,PALLET,AMBIENT,Y,N,N
SKU-00322,Synthetic Product 00322,CASE,AMBIENT,Y,N,N
SKU-00323,Synthetic Product 00323,PALLET,AMBIENT,Y,N,N
SKU-00324,Synthetic Product 00324,CASE,AMBIENT,Y,N,N
SKU-00325,Synthetic Product 00325,EA,AMBIENT,Y,N,N
SKU-00326,Synthetic Product 00326,EA,AMBIENT,Y,N,N
SKU-00327,Synthetic Product 00327,EA,AMBIENT,N,N,N
SKU-00328,Synthetic Product 00328,PALLET,AMBIENT,Y,N,N
SKU-00329,Synthetic Product 00329,PALLET,AMBIENT,Y,N,N
SKU-00330,Synthetic Product 00330,EA,AMBIENT,N,N,N
SKU-00331,Synthetic Product 00331,PALLET,AMBIENT,Y,N,N
SKU-00332,Synthetic Product 00332,PALLET,AMBIENT,Y,Y,N
SKU-00333,Synthetic Product 00333,CASE,AMBIENT,Y,N,N
SKU-00334,Synthetic Product 00334,PALLET,AMBIENT,Y,N,N
SKU-00335,Synthetic Product 00335,PALLET,AMBIENT,N,N,N
SKU-00336,Synthetic Product 00336,EA,AMBIENT,N,N,N
SKU-00337,Synthetic Product 00337,CASE,AMBIENT,N,N,N
SKU-00338,Synthetic Product 00338,EA,CHILLED,Y,N,N
SKU-00339,Synthetic Product 00339,CASE,AMBIENT,Y,N,N
SKU-00340,Synthetic Product 00340,PALLET,AMBIENT,N,N,N
SKU-00341,Synthetic Product 00341,EA,AMBIENT,Y,N,N
SKU-00342,Synthetic Product 00342,PALLET,AMBIENT,Y,N,N
SKU-00343,Synthetic Product 00343,EA,AMBIENT,N,N,N
SKU-00344,Synthetic Product 00344,EA,FROZEN,N,N,N
SKU-00345,Synthetic Product 00345,EA,AMBIENT,Y,N,N
SKU-00346,Synthetic Product 00346,PALLET,CHILLED,Y,N,N
SKU-00347,Synthetic Product 00347,PALLET,AMBIENT,N,N,N
SKU-00348,Synthetic Product 00348,EA,AMBIENT,N,Y,Y
SKU-00349,Synthetic Product 00349,PALLET,AMBIENT,N,N,N
SKU-00350,Synthetic Product 00350,EA,AMBIENT,N,N,N
SKU-00351,Synthetic Product 00351,PALLET,AMBIENT,Y,N,Y
SKU-00352,Synthetic Product 00352,EA,AMBIENT,Y,N,N
SKU-00353,Synthetic Product 00353,CASE,FROZEN,N,N,N
SKU-00354,Synthetic Product 00354,EA,AMBIENT,N,N,Y
SKU-00355,Synthetic Product 00355,EA,AMBIENT,N,N,N
SKU-00356,Synthetic Product 00356,EA,AMBIENT,N,N,N
SKU-00357,Synthetic Product 00357,CASE,AMBIENT,N,N,N
SKU-00358,Synthetic Product 00358,CASE,CHILLED,Y,Y,N
SKU-00359,Synthetic Product 00359,EA,AMBIENT,Y,N,N
SKU-00360,Synthetic Product 00360,CASE,AMBIENT,Y,N,N
SKU-00361,Synthetic Product 00361,CASE,AMBIENT,Y,N,N
SKU-00362,Synthetic Product 00362,CASE,AMBIENT,N,N,N
SKU-00363,Synthetic Product 00363,EA,AMBIENT,Y,N,N
SKU-00364,Synthetic Product 00364,PALLET,AMBIENT,N,N,N
SKU-00365,Synthetic Product 00365,PALLET,AMBIENT,N,N,N
SKU-00366,Synthetic Product 00366,CASE,AMBIENT,N,N,N
SKU-00367,Synthetic Product 00367,EA,AMBIENT,N,N,N
SKU-00368,Synthetic Product 00368,PALLET,AMBIENT,Y,N,N
SKU-00369,Synthetic Product 00369,CASE,FROZEN,Y,N,N
SKU-00370,Synthetic Product 00370,PALLET,AMBIENT,N,N,N
SKU-00371,Synthetic Product 00371,EA,AMBIENT,Y,N,N
SKU-00372,Synthetic Product 00372,PALLET,FROZEN,N,N,N
SKU-00373,Synthetic Product 00373,EA,AMBIENT,N,N,N
SKU-00374,Synthetic Product 00374,CASE,AMBIENT,N,N,N
SKU-00375,Synthetic Product 00375,EA,AMBIENT,Y,Y,N
SKU-00376,Synthetic Product 00376,EA,AMBIENT,Y,N,N
SKU-00377,Synthetic Product 00377,PALLET,AMBIENT,Y,N,N
SKU-00378,Synthetic Product 00378,PALLET,FROZEN,Y,Y,N
SKU-00379,Synthetic Product 00379,EA,AMBIENT,Y,N,Y
SKU-00380,Synthetic Product 00380,PALLET,AMBIENT,N,N,N
SKU-00381,Synthetic Product 00381,EA,FROZEN,Y,N,N
SKU-00382,Synthetic Product 00382,EA,AMBIENT,N,N,N
SKU-00383,Synthetic Product 00383,PALLET,AMBIENT,Y,N,N
SKU-00384,Synthetic Product 00384,PALLET,AMBIENT,Y,N,N
SKU-00385,Synthetic Product 00385,EA,AMBIENT,Y,Y,N
SKU-00386,Synthetic Product 00386,EA,AMBIENT,Y,N,N
SKU-00387,Synthetic Product 00387,CASE,FROZEN,Y,N,Y
SKU-00388,Synthetic Product 00388,PALLET,CHILLED,N,N,N
SKU-00389,Synthetic Product 00389,PALLET,AMBIENT,Y,N,N
SKU-00390,Synthetic Product 00390,CASE,AMBIENT,Y,N,N
SKU-00391,Synthetic Product 00391,PALLET,AMBIENT,Y,N,N
SKU-00392,Synthetic Product 00392,CASE,AMBIENT,N,Y,N
SKU-00393,Synthetic Product 00393,PALLET,AMBIENT,Y,N,N
SKU-00394,Synthetic Product 00394,CASE,AMBIENT,Y,N,N
SKU-00395,Synthetic Product 00395,EA,AMBIENT,N,N,N
SKU-00396,Synthetic Product 00396,CASE,AMBIENT,N,N,N
SKU-00397,Synthetic Product 00397,PALLET,AMBIENT,N,N,N
SKU-00398,Synthetic Product 00398,PALLET,AMBIENT,N,N,N
SKU-00399,Synthetic Product 00399,CASE,AMBIENT,N,N,N
SKU-00400,Synthetic Product 00400,EA,CHILLED,N,N,N
SKU-00401,Synthetic Product 00401,PALLET,AMBIENT,Y,N,N
SKU-00402,Synthetic Product 00402,EA,AMBIENT,N,N,N
SKU-00403,Synthetic Product 00403,EA,AMBIENT,Y,Y,N
SKU-00404,Synthetic Product 00404,EA,AMBIENT,N,N,N
SKU-00405,Synthetic Product 00405,PALLET,AMBIENT,N,N,Y
SKU-00406,Synthetic Product 00406,CASE,AMBIENT,Y,N,N
SKU-00407,Synthetic Product 00407,EA,CHILLED,N,N,N
SKU-00408,Synthetic Product 00408,EA,AMBIENT,N,N,N
SKU-00409,Synthetic Product 00409,CASE,AMBIENT,Y,Y,N
SKU-00410,Synthetic Product 00410,PALLET,AMBIENT,N,N,N
SKU-00411,Synthetic Product 00411,CASE,AMBIENT,N,N,N
SKU-00412,Synthetic Product 00412,EA,FROZEN,Y,N,N
SKU-00413,Synthetic Product 00413,CASE,CHILLED,N,N,N
SKU-00414,Synthetic Product 00414,PALLET,AMBIENT,Y,N,N
SKU-00415,Synthetic Product 00415,EA,AMBIENT,Y,N,N
SKU-00416,Synthetic Product 00416,EA,AMBIENT,N,N,N
SKU-00417,Synthetic Product 00417,EA,AMBIENT,N,N,Y
SKU-00418,Synthetic Product 00418,PALLET,AMBIENT,N,N,N
SKU-00419,Synthetic Product 00419,CASE,AMBIENT,Y,N,N
SKU-00420,Synthetic Product 00420,EA,AMBIENT,N,N,N
SKU-00421,Synthetic Product 00421,CASE,AMBIENT,N,N,N
SKU-00422,Synthetic Product 00422,CASE,AMBIENT,N,N,N
SKU-00423,Synthetic Product 00423,CASE,FROZEN,N,N,N
SKU-00424,Synthetic Product 00424,PALLET,CHILLED,N,N,N
SKU-00425,Synthetic Product 00425,CASE,AMBIENT,Y,N,N
SKU-00426,Synthetic Product 00426,PALLET,AMBIENT,N,N,N
SKU-00427,Synthetic Product 00427,EA,AMBIENT,N,Y,N
SKU-00428,Synthetic Product 00428,CASE,AMBIENT,Y,N,N
SKU-00429,Synthetic Product 00429,CASE,AMBIENT,Y,N,N
SKU-00430,Synthetic Product 00430,PALLET,CHILLED,Y,N,N
SKU-00431,Synthetic Product 00431,CASE,AMBIENT,N,N,N
SKU-00432,Synthetic Product 00432,CASE,AMBIENT,Y,N,N
SKU-00433,Synthetic Product 00433,EA,FROZEN,N,N,N
SKU-00434,Synthetic Product 00434,PALLET,AMBIENT,N,N,N
SKU-00435,Synthetic Product 00435,CASE,AMBIENT,Y,N,N
SKU-00436,Synthetic Product 00436,EA,AMBIENT,Y,N,N
SKU-00437,Synthetic Product 00437,EA,AMBIENT,Y,Y,N
SKU-00438,Synthetic Product 00438,EA,AMBIENT,N,N,N
SKU-00439,Synthetic Product 00439,CASE,AMBIENT,Y,N,N
SKU-00440,Synthetic Product 00440,CASE,AMBIENT,N,N,N
SKU-00441,Synthetic Product 00441,CASE,AMBIENT,N,Y,N
SKU-00442,Synthetic Product 00442,PALLET,AMBIENT,Y,N,N
SKU-00443,Synthetic Product 00443,PALLET,FROZEN,Y,N,N
SKU-00444,Synthetic Product 00444,CASE,AMBIENT,Y,N,N
SKU-00445,Synthetic Product 00445,EA,AMBIENT,Y,N,N
SKU-00446,Synthetic Product 00446,EA,AMBIENT,N,N,N
SKU-00447,Synthetic Product 00447,CASE,AMBIENT,Y,N,N
SKU-00448,Synthetic Product 00448,PALLET,AMBIENT,Y,N,N
SKU-00449,Synthetic Product 00449,EA,AMBIENT,Y,N,N
SKU-00450,Synthetic Product 00450,PALLET,AMBIENT,Y,Y,N
SKU-00451,Synthetic Product 00451,EA,AMBIENT,N,N,N
SKU-00452,Synthetic Product 00452,EA,AMBIENT,Y,Y,N
SKU-00453,Synthetic Product 00453,CASE,AMBIENT,Y,N,N
SKU-00454,Synthetic Product 00454,EA,AMBIENT,Y,N,N
SKU-00455,Synthetic Product 00455,PALLET,AMBIENT,N,N,N
SKU-00456,Synthetic Product 00456,CASE,AMBIENT,N,N,N
SKU-00457,Synthetic Product 00457,PALLET,AMBIENT,N,N,Y
SKU-00458,Synthetic Product 00458,EA,AMBIENT,Y,N,N
SKU-00459,Synthetic Product 00459,CASE,CHILLED,N,Y,N
SKU-00460,Synthetic Product 00460,PALLET,AMBIENT,Y,N,Y
SKU-00461,Synthetic Product 00461,EA,AMBIENT,N,N,N
SKU-00462,Synthetic Product 00462,EA,AMBIENT,N,N,N
SKU-00463,Synthetic Product 00463,EA,CHILLED,Y,N,N
SKU-00464,Synthetic Product 00464,CASE,CHILLED,Y,N,N
SKU-00465,Synthetic Product 00465,PALLET,AMBIENT,Y,N,N
SKU-00466,Synthetic Product 00466,CASE,FROZEN,Y,N,N
SKU-00467,Synthetic Product 00467,EA,AMBIENT,Y,N,N
SKU-00468,Synthetic Product 00468,EA,AMBIENT,N,N,N
SKU-00469,Synthetic Product 00469,CASE,AMBIENT,Y,N,N
SKU-00470,Synthetic Product 00470,EA,CHILLED,N,N,N
SKU-00471,Synthetic Product 00471,PALLET,AMBIENT,Y,N,N
SKU-00472,Synthetic Product 00472,EA,AMBIENT,N,N,N
SKU-00473,Synthetic Product 00473,PALLET,AMBIENT,N,N,N
SKU-00474,Synthetic Product 00474,CASE,AMBIENT,Y,N,N
SKU-00475,Synthetic Product 00475,EA,AMBIENT,N,N,N
SKU-00476,Synthetic Product 00476,CASE,FROZEN,Y,N,N
SKU-00477,Synthetic Product 00477,CASE,FROZEN,Y,N,N
SKU-00478,Synthetic Product 00478,EA,AMBIENT,Y,N,N
SKU-00479,Synthetic Product 00479,EA,AMBIENT,Y,N,N
SKU-00480,Synthetic Product 00480,PALLET,AMBIENT,N,N,N
SKU-00481,Synthetic Product 00481,CASE,CHILLED,Y,N,N
SKU-00482,Synthetic Product 00482,PALLET,FROZEN,Y,N,N
SKU-00483,Synthetic Product 00483,EA,AMBIENT,Y,N,N
SKU-00484,Synthetic Product 00484,PALLET,AMBIENT,Y,N,N
SKU-00485,Synthetic Product 00485,EA,AMBIENT,Y,N,N
SKU-00486,Synthetic Product 00486,CASE,AMBIENT,N,N,N
SKU-00487,Synthetic Product 00487,CASE,CHILLED,N,N,N
SKU-00488,Synthetic Product 00488,EA,AMBIENT,Y,N,N
SKU-00489,Synthetic Product 00489,EA,CHILLED,N,N,N
SKU-00490,Synthetic Product 00490,PALLET,AMBIENT,Y,N,N
SKU-00491,Synthetic Product 00491,EA,AMBIENT,N,N,N
SKU-00492,Synthetic Product 00492,CASE,AMBIENT,N,N,N
SKU-00493,Synthetic Product 00493,CASE,AMBIENT,Y,N,N
SKU-00494,Synthetic Product 00494,EA,AMBIENT,N,N,N
SKU-00495,Synthetic Product 00495,EA,AMBIENT,N,N,N
SKU-00496,Synthetic Product 00496,PALLET,AMBIENT,N,N,N
SKU-00497,Synthetic Product 00497,EA,AMBIENT,Y,N,N
SKU-00498,Synthetic Product 00498,CASE,AMBIENT,N,N,N
SKU-00499,Synthetic Product 00499,PALLET,AMBIENT,Y,N,N
SKU-00500,Synthetic Product 00500,CASE,AMBIENT,Y,N,N
SKU-00501,Synthetic Product 00501,CASE,AMBIENT,N,Y,N
SKU-00502,Synthetic Product 00502,PALLET,AMBIENT,Y,N,N
SKU-00503,Synthetic Product 00503,CASE,FROZEN,Y,N,N
SKU-00504,Synthetic Product 00504,PALLET,AMBIENT,Y,N,N
SKU-00505,Synthetic Product 00505,CASE,AMBIENT,Y,N,N
SKU-00506,Synthetic Product 00506,EA,AMBIENT,N,N,N
SKU-00507,Synthetic Product 00507,PALLET,FROZEN,N,N,N
SKU-00508,Synthetic Product 00508,PALLET,AMBIENT,N,N,N
SKU-00509,Synthetic Product 00509,PALLET,CHILLED,N,N,N
SKU-00510,Synthetic Product 00510,PALLET,AMBIENT,Y,N,N
SKU-00511,Synthetic Product 00511,PALLET,AMBIENT,N,N,N
SKU-00512,Synthetic Product 00512,PALLET,AMBIENT,N,N,N
SKU-00513,Synthetic Product 00513,PALLET,FROZEN,Y,N,N
SKU-00514,Synthetic Product 00514,PALLET,AMBIENT,Y,N,N
SKU-00515,Synthetic Product 00515,CASE,AMBIENT,N,N,N
SKU-00516,Synthetic Product 00516,PALLET,AMBIENT,Y,N,N
SKU-00517,Synthetic Product 00517,EA,AMBIENT,Y,N,N
SKU-00518,Synthetic Product 00518,CASE,AMBIENT,N,N,N
SKU-00519,Synthetic Product 00519,PALLET,AMBIENT,N,N,N
SKU-00520,Synthetic Product 00520,PALLET,AMBIENT,N,N,N
SKU-00521,Synthetic Product 00521,EA,AMBIENT,N,N,N
SKU-00522,Synthetic Product 00522,EA,AMBIENT,Y,N,N
SKU-00523,Synthetic Product 00523,EA,AMBIENT,N,N,N
SKU-00524,Synthetic Product 00524,CASE,AMBIENT,N,N,N
SKU-00525,Synthetic Product 00525,PALLET,AMBIENT,Y,N,N
SKU-00526,Synthetic Product 00526,CASE,FROZEN,N,Y,N
SKU-00527,Synthetic Product 00527,PALLET,AMBIENT,Y,N,N
SKU-00528,Synthetic Product 00528,EA,AMBIENT,N,N,N
SKU-00529,Synthetic Product 00529,EA,AMBIENT,Y,N,N
SKU-00530,Synthetic Product 00530,PALLET,AMBIENT,N,N,N
SKU-00531,Synthetic Product 00531,EA,AMBIENT,N,N,N
SKU-00532,Synthetic Product 00532,EA,AMBIENT,Y,N,N
SKU-00533,Synthetic Product 00533,CASE,FROZEN,N,N,N
SKU-00534,Synthetic Product 00534,EA,AMBIENT,Y,N,N
SKU-00535,Synthetic Product 00535,CASE,AMBIENT,Y,N,N
SKU-00536,Synthetic Product 00536,PALLET,AMBIENT,N,N,N
SKU-00537,Synthetic Product 00537,CASE,FROZEN,Y,N,N
SKU-00538,Synthetic Product 00538,PALLET,AMBIENT,Y,N,N
SKU-00539,Synthetic Product 00539,PALLET,AMBIENT,Y,N,N
SKU-00540,Synthetic Product 00540,CASE,FROZEN,N,N,N
SKU-00541,Synthetic Product 00541,EA,AMBIENT,N,N,N
SKU-00542,Synthetic Product 00542,EA,AMBIENT,N,N,N
SKU-00543,Synthetic Product 00543,EA,FROZEN,N,N,N
SKU-00544,Synthetic Product 00544,PALLET,AMBIENT,Y,Y,N
SKU-00545,Synthetic Product 00545,EA,CHILLED,Y,N,N
SKU-00546,Synthetic Product 00546,PALLET,AMBIENT,Y,N,N
SKU-00547,Synthetic Product 00547,PALLET,AMBIENT,N,Y,N
SKU-00548,Synthetic Product 00548,CASE,AMBIENT,Y,N,N
SKU-00549,Synthetic Product 00549,EA,AMBIENT,Y,N,N
SKU-00550,Synthetic Product 00550,PALLET,CHILLED,Y,N,N
SKU-00551,Synthetic Product 00551,PALLET,CHILLED,N,N,N
SKU-00552,Synthetic Product 00552,PALLET,AMBIENT,Y,N,N
SKU-00553,Synthetic Product 00553,PALLET,AMBIENT,N,N,N
SKU-00554,Synthetic Product 00554,PALLET,CHILLED,Y,N,N
SKU-00555,Synthetic Product 00555,EA,AMBIENT,Y,N,Y
SKU-00556,Synthetic Product 00556,EA,AMBIENT,N,N,N
SKU-00557,Synthetic Product 00557,EA,AMBIENT,Y,N,N
SKU-00558,Synthetic Product 00558,CASE,AMBIENT,N,N,N
SKU-00559,Synthetic Product 00559,PALLET,AMBIENT,Y,N,N
SKU-00560,Synthetic Product 00560,EA,AMBIENT,N,N,N
SKU-00561,Synthetic Product 00561,CASE,AMBIENT,N,N,N
SKU-00562,Synthetic Product 00562,EA,AMBIENT,Y,N,N
SKU-00563,Synthetic Product 00563,CASE,AMBIENT,N,N,N
SKU-00564,Synthetic Product 00564,EA,AMBIENT,N,Y,N
SKU-00565,Synthetic Product 00565,PALLET,AMBIENT,N,N,N
SKU-00566,Synthetic Product 00566,CASE,CHILLED,Y,N,N
SKU-00567,Synthetic Product 00567,PALLET,AMBIENT,Y,N,N
SKU-00568,Synthetic Product 00568,PALLET,CHILLED,N,Y,N
SKU-00569,Synthetic Product 00569,EA,CHILLED,Y,N,N
SKU-00570,Synthetic Product 00570,PALLET,AMBIENT,N,N,N
SKU-00571,Synthetic Product 00571,PALLET,AMBIENT,N,N,N
SKU-00572,Synthetic Product 00572,EA,AMBIENT,N,N,N
SKU-00573,Synthetic Product 00573,EA,AMBIENT,Y,N,N
SKU-00574,Synthetic Product 00574,CASE,AMBIENT,Y,N,N
SKU-00575,Synthetic Product 00575,CASE,AMBIENT,N,N,N
SKU-00576,Synthetic Product 00576,PALLET,AMBIENT,Y,N,N
SKU-00577,Synthetic Product 00577,CASE,CHILLED,Y,N,N
SKU-00578,Synthetic Product 00578,PALLET,AMBIENT,N,N,N
SKU-00579,Synthetic Product 00579,CASE,FROZEN,Y,N,N
SKU-00580,Synthetic Product 00580,CASE,AMBIENT,N,N,N
SKU-00581,Synthetic Product 00581,EA,AMBIENT,Y,N,N
SKU-00582,Synthetic Product 00582,CASE,AMBIENT,N,N,N
SKU-00583,Synthetic Product 00583,EA,AMBIENT,Y,N,N
SKU-00584,Synthetic Product 00584,EA,AMBIENT,N,N,N
SKU-00585,Synthetic Product 00585,EA,AMBIENT,N,Y,N
SKU-00586,Synthetic Product 00586,EA,AMBIENT,N,N,N
SKU-00587,Synthetic Product 00587,EA,AMBIENT,N,N,N
SKU-00588,Synthetic Product 00588,PALLET,AMBIENT,N,N,N
SKU-00589,Synthetic Product 00589,CASE,AMBIENT,Y,N,N
SKU-00590,Synthetic Product 00590,EA,AMBIENT,Y,N,N
SKU-00591,Synthetic Product 00591,CASE,CHILLED,N,N,N
SKU-00592,Synthetic Product 00592,CASE,AMBIENT,Y,N,N
SKU-00593,Synthetic Product 00593,CASE,AMBIENT,Y,N,N
SKU-00594,Synthetic Product 00594,EA,AMBIENT,N,N,N
SKU-00595,Synthetic Product 00595,EA,AMBIENT,N,N,N
SKU-00596,Synthetic Product 00596,EA,AMBIENT,Y,N,N
SKU-00597,Synthetic Product 00597,EA,AMBIENT,Y,Y,N
SKU-00598,Synthetic Product 00598,PALLET,AMBIENT,N,N,Y
SKU-00599,Synthetic Product 00599,CASE,AMBIENT,N,N,N
SKU-00600,Synthetic Product 00600,EA,AMBIENT,Y,Y,N
SKU-00601,Synthetic Product 00601,CASE,FROZEN,N,N,N
SKU-00602,Synthetic Product 00602,PALLET,AMBIENT,Y,N,N
SKU-00603,Synthetic Product 00603,CASE,AMBIENT,Y,N,N
SKU-00604,Synthetic Product 00604,PALLET,AMBIENT,Y,N,N
SKU-00605,Synthetic Product 00605,PALLET,AMBIENT,N,N,N
SKU-00606,Synthetic Product 00606,CASE,AMBIENT,N,N,N
SKU-00607,Synthetic Product 00607,PALLET,AMBIENT,N,N,N
SKU-00608,Synthetic Product 00608,EA,AMBIENT,N,N,N
SKU-00609,Synthetic Product 00609,EA,AMBIENT,N,N,N
SKU-00610,Synthetic Product 00610,PALLET,CHILLED,N,N,Y
SKU-00611,Synthetic Product 00611,PALLET,CHILLED,Y,N,Y
SKU-00612,Synthetic Product 00612,CASE,AMBIENT,N,N,N
SKU-00613,Synthetic Product 00613,CASE,AMBIENT,Y,N,Y
SKU-00614,Synthetic Product 00614,CASE,AMBIENT,N,N,N
SKU-00615,Synthetic Product 00615,CASE,FROZEN,Y,N,N
SKU-00616,Synthetic Product 00616,PALLET,AMBIENT,Y,Y,N
SKU-00617,Synthetic Product 00617,PALLET,CHILLED,N,N,N
SKU-00618,Synthetic Product 00618,CASE,AMBIENT,Y,N,N
SKU-00619,Synthetic Product 00619,CASE,AMBIENT,Y,N,N
SKU-00620,Synthetic Product 00620,EA,AMBIENT,Y,N,N
SKU-00621,Synthetic Product 00621,EA,AMBIENT,Y,N,N
SKU-00622,Synthetic Product 00622,CASE,AMBIENT,N,N,N
SKU-00623,Synthetic Product 00623,CASE,AMBIENT,Y,N,N
SKU-00624,Synthetic Product 00624,PALLET,AMBIENT,N,N,N
SKU-00625,Synthetic Product 00625,EA,AMBIENT,Y,N,Y
SKU-00626,Synthetic Product 00626,CASE,AMBIENT,Y,N,N
SKU-00627,Synthetic Product 00627,PALLET,AMBIENT,N,N,N
SKU-00628,Synthetic Product 00628,PALLET,AMBIENT,N,N,N
SKU-00629,Synthetic Product 00629,CASE,AMBIENT,Y,N,N
SKU-00630,Synthetic Product 00630,CASE,CHILLED,N,N,N
SKU-00631,Synthetic Product 00631,CASE,AMBIENT,Y,N,N
SKU-00632,Synthetic Product 00632,PALLET,AMBIENT,N,N,N
SKU-00633,Synthetic Product 00633,EA,AMBIENT,N,N,N
SKU-00634,Synthetic Product 00634,PALLET,AMBIENT,Y,N,N
SKU-00635,Synthetic Product 00635,PALLET,AMBIENT,N,N,N
SKU-00636,Synthetic Product 00636,EA,AMBIENT,N,N,N
SKU-00637,Synthetic Product 00637,PALLET,AMBIENT,Y,Y,N
SKU-00638,Synthetic Product 00638,EA,CHILLED,Y,N,N
SKU-00639,Synthetic Product 00639,PALLET,CHILLED,Y,N,N
SKU-00640,Synthetic Product 00640,CASE,AMBIENT,N,N,N
SKU-00641,Synthetic Product 00641,PALLET,AMBIENT,Y,N,N
SKU-00642,Synthetic Product 00642,CASE,AMBIENT,N,N,N
SKU-00643,Synthetic Product 00643,CASE,AMBIENT,N,N,N
SKU-00644,Synthetic Product 00644,EA,AMBIENT,N,N,N
SKU-00645,Synthetic Product 00645,CASE,AMBIENT,N,N,N
SKU-00646,Synthetic Product 00646,PALLET,FROZEN,N,N,N
SKU-00647,Synthetic Product 00647,PALLET,AMBIENT,Y,N,N
SKU-00648,Synthetic Product 00648,PALLET,CHILLED,Y,N,N
SKU-00649,Synthetic Product 00649,EA,AMBIENT,Y,N,N
SKU-00650,Synthetic Product 00650,EA,AMBIENT,Y,N,N
SKU-00651,Synthetic Product 00651,PALLET,AMBIENT,N,N,N
SKU-00652,Synthetic Product 00652,PALLET,AMBIENT,N,N,N
SKU-00653,Synthetic Product 00653,CASE,AMBIENT,N,N,N
SKU-00654,Synthetic Product 00654,PALLET,AMBIENT,Y,N,N
SKU-00655,Synthetic Product 00655,EA,CHILLED,N,N,Y
SKU-00656,Synthetic Product 00656,EA,AMBIENT,Y,N,N
SKU-00657,Synthetic Product 00657,EA,AMBIENT,Y,Y,N
SKU-00658,Synthetic Product 00658,PALLET,AMBIENT,N,N,N
SKU-00659,Synthetic Product 00659,PALLET,AMBIENT,Y,N,N
SKU-00660,Synthetic Product 00660,EA,FROZEN,N,N,N
SKU-00661,Synthetic Product 00661,CASE,AMBIENT,Y,N,N
SKU-00662,Synthetic Product 00662,CASE,AMBIENT,N,N,N
SKU-00663,Synthetic Product 00663,CASE,CHILLED,N,N,N
SKU-00664,Synthetic Product 00664,CASE,AMBIENT,Y,N,N
SKU-00665,Synthetic Product 00665,PALLET,AMBIENT,Y,N,N
SKU-00666,Synthetic Product 00666,EA,AMBIENT,N,N,N
SKU-00667,Synthetic Product 00667,EA,CHILLED,N,N,N
SKU-00668,Synthetic Product 00668,CASE,AMBIENT,Y,Y,N
SKU-00669,Synthetic Product 00669,CASE,FROZEN,Y,N,N
SKU-00670,Synthetic Product 00670,EA,AMBIENT,Y,N,N
SKU-00671,Synthetic Product 00671,EA,FROZEN,N,N,N
SKU-00672,Synthetic Product 00672,EA,AMBIENT,Y,N,N
SKU-00673,Synthetic Product 00673,PALLET,AMBIENT,Y,N,N
SKU-00674,Synthetic Product 00674,PALLET,FROZEN,N,N,N
SKU-00675,Synthetic Product 00675,PALLET,AMBIENT,N,N,N
SKU-00676,Synthetic Product 00676,CASE,CHILLED,Y,N,N
SKU-00677,Synthetic Product 00677,PALLET,AMBIENT,Y,N,N
SKU-00678,Synthetic Product 00678,EA,FROZEN,N,N,N
SKU-00679,Synthetic Product 00679,CASE,AMBIENT,N,N,N
SKU-00680,Synthetic Product 00680,CASE,AMBIENT,N,N,N
SKU-00681,Synthetic Product 00681,PALLET,CHILLED,N,N,N
SKU-00682,Synthetic Product 00682,CASE,AMBIENT,N,N,N
SKU-00683,Synthetic Product 00683,PALLET,AMBIENT,N,N,N
SKU-00684,Synthetic Product 00684,CASE,CHILLED,Y,N,N
SKU-00685,Synthetic Product 00685,PALLET,AMBIENT,N,N,N
SKU-00686,Synthetic Product 00686,EA,AMBIENT,N,N,Y
SKU-00687,Synthetic Product 00687,CASE,AMBIENT,Y,N,N
SKU-00688,Synthetic Product 00688,PALLET,AMBIENT,N,N,N
SKU-00689,Synthetic Product 00689,EA,AMBIENT,N,N,N
SKU-00690,Synthetic Product 00690,CASE,AMBIENT,N,N,N
SKU-00691,Synthetic Product 00691,CASE,AMBIENT,N,Y,N
SKU-00692,Synthetic Product 00692,PALLET,AMBIENT,Y,N,N
SKU-00693,Synthetic Product 00693,PALLET,AMBIENT,N,N,N
SKU-00694,Synthetic Product 00694,CASE,AMBIENT,N,N,N
SKU-00695,Synthetic Product 00695,CASE,AMBIENT,Y,N,N
SKU-00696,Synthetic Product 00696,EA,AMBIENT,Y,N,N
SKU-00697,Synthetic Product 00697,PALLET,AMBIENT,N,N,N
SKU-00698,Synthetic Product 00698,PALLET,AMBIENT,N,N,N
SKU-00699,Synthetic Product 00699,EA,AMBIENT,N,N,N
SKU-00700,Synthetic Product 00700,EA,CHILLED,N,N,N
SKU-00701,Synthetic Product 00701,CASE,CHILLED,Y,N,N
SKU-00702,Synthetic Product 00702,CASE,AMBIENT,N,Y,N
SKU-00703,Synthetic Product 00703,CASE,FROZEN,Y,N,N
SKU-00704,Synthetic Product 00704,EA,FROZEN,N,N,N
SKU-00705,Synthetic Product 00705,PALLET,AMBIENT,Y,Y,N
SKU-00706,Synthetic Product 00706,PALLET,AMBIENT,Y,N,N
SKU-00707,Synthetic Product 00707,PALLET,AMBIENT,N,N,N
SKU-00708,Synthetic Product 00708,PALLET,AMBIENT,N,Y,N
SKU-00709,Synthetic Product 00709,PALLET,AMBIENT,N,Y,N
SKU-00710,Synthetic Product 00710,CASE,AMBIENT,Y,N,N
SKU-00711,Synthetic Product 00711,EA,AMBIENT,Y,N,N
SKU-00712,Synthetic Product 00712,EA,FROZEN,N,N,Y
SKU-00713,Synthetic Product 00713,PALLET,AMBIENT,Y,N,N
SKU-00714,Synthetic Product 00714,CASE,AMBIENT,N,N,N
SKU-00715,Synthetic Product 00715,PALLET,AMBIENT,N,N,N
SKU-00716,Synthetic Product 00716,CASE,AMBIENT,Y,N,N
SKU-00717,Synthetic Product 00717,CASE,AMBIENT,N,N,N
SKU-00718,Synthetic Product 00718,CASE,AMBIENT,N,N,Y
SKU-00719,Synthetic Product 00719,EA,FROZEN,Y,N,N
SKU-00720,Synthetic Product 00720,PALLET,FROZEN,Y,N,N
SKU-00721,Synthetic Product 00721,PALLET,AMBIENT,Y,N,N
SKU-00722,Synthetic Product 00722,EA,FROZEN,Y,N,N
SKU-00723,Synthetic Product 00723,CASE,AMBIENT,Y,N,N
SKU-00724,Synthetic Product 00724,PALLET,AMBIENT,Y,N,N
SKU-00725,Synthetic Product 00725,EA,AMBIENT,N,N,Y
SKU-00726,Synthetic Product 00726,PALLET,AMBIENT,Y,N,N
SKU-00727,Synthetic Product 00727,PALLET,FROZEN,Y,N,N
SKU-00728,Synthetic Product 00728,PALLET,CHILLED,Y,N,N
SKU-00729,Synthetic Product 00729,CASE,FROZEN,N,N,N
SKU-00730,Synthetic Product 00730,EA,AMBIENT,Y,N,N
SKU-00731,Synthetic Product 00731,CASE,CHILLED,Y,N,N
SKU-00732,Synthetic Product 00732,EA,AMBIENT,N,N,N
SKU-00733,Synthetic Product 00733,PALLET,AMBIENT,N,N,N
SKU-00734,Synthetic Product 00734,CASE,AMBIENT,N,N,N
SKU-00735,Synthetic Product 00735,CASE,AMBIENT,N,N,N
SKU-00736,Synthetic Product 00736,PALLET,AMBIENT,Y,N,N
SKU-00737,Synthetic Product 00737,PALLET,AMBIENT,N,N,N
SKU-00738,Synthetic Product 00738,CASE,AMBIENT,N,N,N
SKU-00739,Synthetic Product 00739,EA,AMBIENT,N,N,N
SKU-00740,Synthetic Product 00740,EA,AMBIENT,Y,N,N
SKU-00741,Synthetic Product 00741,PALLET,AMBIENT,Y,N,N
SKU-00742,Synthetic Product 00742,PALLET,AMBIENT,N,N,N
SKU-00743,Synthetic Product 00743,CASE,AMBIENT,Y,N,N
SKU-00744,Synthetic Product 00744,CASE,FROZEN,Y,N,N
SKU-00745,Synthetic Product 00745,EA,AMBIENT,N,N,N
SKU-00746,Synthetic Product 00746,CASE,AMBIENT,Y,N,N
SKU-00747,Synthetic Product 00747,EA,AMBIENT,N,N,N
SKU-00748,Synthetic Product 00748,PALLET,AMBIENT,N,Y,N
SKU-00749,Synthetic Product 00749,PALLET,AMBIENT,Y,N,N
SKU-00750,Synthetic Product 00750,CASE,AMBIENT,N,N,N
SKU-00751,Synthetic Product 00751,EA,AMBIENT,Y,N,N
SKU-00752,Synthetic Product 00752,PALLET,AMBIENT,Y,N,N
SKU-00753,Synthetic Product 00753,CASE,AMBIENT,Y,N,N
SKU-00754,Synthetic Product 00754,CASE,AMBIENT,Y,N,N
SKU-00755,Synthetic Product 00755,CASE,AMBIENT,Y,N,N
SKU-00756,Synthetic Product 00756,EA,CHILLED,Y,N,N
SKU-00757,Synthetic Product 00757,CASE,AMBIENT,N,Y,N
SKU-00758,Synthetic Product 00758,PALLET,AMBIENT,N,N,N
SKU-00759,Synthetic Product 00759,PALLET,AMBIENT,N,N,N
SKU-00760,Synthetic Product 00760,CASE,AMBIENT,N,N,N
SKU-00761,Synthetic Product 00761,EA,AMBIENT,Y,N,N
SKU-00762,Synthetic Product 00762,EA,CHILLED,Y,N,N
SKU-00763,Synthetic Product 00763,CASE,AMBIENT,Y,N,N
SKU-00764,Synthetic Product 00764,PALLET,AMBIENT,Y,N,N
SKU-00765,Synthetic Product 00765,PALLET,FROZEN,N,Y,N
SKU-00766,Synthetic Product 00766,PALLET,AMBIENT,N,N,N
SKU-00767,Synthetic Product 00767,EA,AMBIENT,N,N,N
SKU-00768,Synthetic Product 00768,PALLET,AMBIENT,N,N,N
SKU-00769,Synthetic Product 00769,PALLET,AMBIENT,N,N,N
SKU-00770,Synthetic Product 00770,CASE,AMBIENT,Y,N,N
SKU-00771,Synthetic Product 00771,PALLET,AMBIENT,N,Y,N
SKU-00772,Synthetic Product 00772,EA,CHILLED,N,N,N
SKU-00773,Synthetic Product 00773,PALLET,AMBIENT,N,N,N
SKU-00774,Synthetic Product 00774,CASE,FROZEN,N,N,N
SKU-00775,Synthetic Product 00775,CASE,FROZEN,Y,N,N
SKU-00776,Synthetic Product 00776,PALLET,AMBIENT,Y,N,N
SKU-00777,Synthetic Product 00777,PALLET,AMBIENT,Y,N,N
SKU-00778,Synthetic Product 00778,EA,AMBIENT,Y,N,N
SKU-00779,Synthetic Product 00779,CASE,AMBIENT,N,N,N
SKU-00780,Synthetic Product 00780,PALLET,AMBIENT,Y,N,N
SKU-00781,Synthetic Product 00781,EA,AMBIENT,N,N,N
SKU-00782,Synthetic Product 00782,CASE,CHILLED,Y,N,N
SKU-00783,Synthetic Product 00783,CASE,AMBIENT,N,N,N
SKU-00784,Synthetic Product 00784,CASE,AMBIENT,Y,N,N
SKU-00785,Synthetic Product 00785,CASE,CHILLED,Y,N,N
SKU-00786,Synthetic Product 00786,CASE,AMBIENT,N,Y,N
SKU-00787,Synthetic Product 00787,EA,AMBIENT,N,N,N
SKU-00788,Synthetic Product 00788,CASE,CHILLED,N,N,N
SKU-00789,Synthetic Product 00789,CASE,AMBIENT,Y,N,N
SKU-00790,Synthetic Product 00790,EA,AMBIENT,N,N,N
SKU-00791,Synthetic Product 00791,EA,FROZEN,Y,N,N
SKU-00792,Synthetic Product 00792,PALLET,FROZEN,N,N,N
SKU-00793,Synthetic Product 00793,PALLET,AMBIENT,N,N,N
SKU-00794,Synthetic Product 00794,PALLET,CHILLED,N,N,N
SKU-00795,Synthetic Product 00795,EA,CHILLED,N,N,N
SKU-00796,Synthetic Product 00796,CASE,AMBIENT,Y,N,N
SKU-00797,Synthetic Product 00797,CASE,AMBIENT,N,N,N
SKU-00798,Synthetic Product 00798,CASE,AMBIENT,Y,N,N
SKU-00799,Synthetic Product 00799,EA,FROZEN,N,Y,N
SKU-00800,Synthetic Product 00800,EA,AMBIENT,N,N,N
SKU-00801,Synthetic Product 00801,PALLET,AMBIENT,N,N,N
SKU-00802,Synthetic Product 00802,EA,AMBIENT,N,N,N
SKU-00803,Synthetic Product 00803,PALLET,AMBIENT,Y,N,N
SKU-00804,Synthetic Product 00804,CASE,AMBIENT,N,N,N
SKU-00805,Synthetic Product 00805,CASE,CHILLED,Y,N,N
SKU-00806,Synthetic Product 00806,CASE,AMBIENT,N,N,N
SKU-00807,Synthetic Product 00807,EA,CHILLED,N,N,N
SKU-00808,Synthetic Product 00808,CASE,AMBIENT,N,N,N
SKU-00809,Synthetic Product 00809,PALLET,AMBIENT,Y,N,N
SKU-00810,Synthetic Product 00810,EA,AMBIENT,N,N,N
SKU-00811,Synthetic Product 00811,CASE,AMBIENT,Y,N,N
SKU-00812,Synthetic Product 00812,CASE,AMBIENT,N,N,N
SKU-00813,Synthetic Product 00813,EA,AMBIENT,N,N,N
SKU-00814,Synthetic Product 00814,PALLET,AMBIENT,N,N,N
SKU-00815,Synthetic Product 00815,CASE,AMBIENT,Y,N,N
SKU-00816,Synthetic Product 00816,CASE,CHILLED,N,N,N
SKU-00817,Synthetic Product 00817,PALLET,AMBIENT,Y,Y,N
SKU-00818,Synthetic Product 00818,EA,AMBIENT,Y,N,N
SKU-00819,Synthetic Product 00819,EA,AMBIENT,N,Y,N
SKU-00820,Synthetic Product 00820,PALLET,CHILLED,N,N,N
SKU-00821,Synthetic Product 00821,CASE,AMBIENT,Y,N,N
SKU-00822,Synthetic Product 00822,PALLET,AMBIENT,N,N,N
SKU-00823,Synthetic Product 00823,PALLET,AMBIENT,Y,N,N
SKU-00824,Synthetic Product 00824,CASE,AMBIENT,N,N,N
SKU-00825,Synthetic Product 00825,CASE,FROZEN,N,N,N
SKU-00826,Synthetic Product 00826,EA,AMBIENT,Y,N,N
SKU-00827,Synthetic Product 00827,PALLET,AMBIENT,Y,Y,N
SKU-00828,Synthetic Product 00828,PALLET,AMBIENT,Y,N,N
SKU-00829,Synthetic Product 00829,EA,AMBIENT,Y,N,N
SKU-00830,Synthetic Product 00830,EA,FROZEN,N,N,N
SKU-00831,Synthetic Product 00831,CASE,FROZEN,Y,N,N
SKU-00832,Synthetic Product 00832,CASE,AMBIENT,N,N,N
SKU-00833,Synthetic Product 00833,PALLET,AMBIENT,N,N,N
SKU-00834,Synthetic Product 00834,EA,AMBIENT,Y,N,N
SKU-00835,Synthetic Product 00835,EA,AMBIENT,Y,N,N
SKU-00836,Synthetic Product 00836,PALLET,AMBIENT,N,Y,N
SKU-00837,Synthetic Product 00837,CASE,AMBIENT,N,N,N
SKU-00838,Synthetic Product 00838,PALLET,FROZEN,N,Y,N
SKU-00839,Synthetic Product 00839,EA,FROZEN,Y,N,N
SKU-00840,Synthetic Product 00840,EA,AMBIENT,N,Y,N
SKU-00841,Synthetic Product 00841,EA,AMBIENT,Y,Y,N
SKU-00842,Synthetic Product 00842,PALLET,AMBIENT,N,N,N
SKU-00843,Synthetic Product 00843,EA,AMBIENT,N,N,N
SKU-00844,Synthetic Product 00844,EA,FROZEN,N,N,N
SKU-00845,Synthetic Product 00845,PALLET,AMBIENT,Y,N,N
SKU-00846,Synthetic Product 00846,CASE,AMBIENT,N,Y,N
SKU-00847,Synthetic Product 00847,CASE,AMBIENT,N,Y,N
SKU-00848,Synthetic Product 00848,EA,CHILLED,N,N,N
SKU-00849,Synthetic Product 00849,CASE,AMBIENT,N,N,N
SKU-00850,Synthetic Product 00850,EA,AMBIENT,N,N,N
SKU-00851,Synthetic Product 00851,PALLET,AMBIENT,Y,N,N
SKU-00852,Synthetic Product 00852,PALLET,AMBIENT,N,N,N
SKU-00853,Synthetic Product 00853,CASE,AMBIENT,N,N,N
SKU-00854,Synthetic Product 00854,CASE,AMBIENT,Y,N,N
SKU-00855,Synthetic Product 00855,CASE,FROZEN,Y,N,N
SKU-00856,Synthetic Product 00856,EA,AMBIENT,Y,N,N
SKU-00857,Synthetic Product 00857,EA,AMBIENT,Y,N,N
SKU-00858,Synthetic Product 00858,PALLET,AMBIENT,Y,N,N
SKU-00859,Synthetic Product 00859,EA,AMBIENT,N,Y,N
SKU-00860,Synthetic Product 00860,CASE,AMBIENT,N,N,N
SKU-00861,Synthetic Product 00861,PALLET,AMBIENT,N,N,N
SKU-00862,Synthetic Product 00862,CASE,AMBIENT,Y,N,N
SKU-00863,Synthetic Product 00863,CASE,AMBIENT,Y,N,N
SKU-00864,Synthetic Product 00864,EA,FROZEN,Y,Y,N
SKU-00865,Synthetic Product 00865,EA,CHILLED,N,N,N
SKU-00866,Synthetic Product 00866,PALLET,FROZEN,Y,N,N
SKU-00867,Synthetic Product 00867,PALLET,FROZEN,N,N,N
SKU-00868,Synthetic Product 00868,EA,FROZEN,Y,N,N
SKU-00869,Synthetic Product 00869,EA,AMBIENT,N,N,N
SKU-00870,Synthetic Product 00870,EA,AMBIENT,N,N,N
SKU-00871,Synthetic Product 00871,CASE,AMBIENT,N,N,N
SKU-00872,Synthetic Product 00872,PALLET,CHILLED,N,N,Y
SKU-00873,Synthetic Product 00873,EA,AMBIENT,Y,Y,N
SKU-00874,Synthetic Product 00874,PALLET,AMBIENT,N,N,N
SKU-00875,Synthetic Product 00875,PALLET,AMBIENT,Y,N,N
SKU-00876,Synthetic Product 00876,CASE,AMBIENT,Y,N,N
SKU-00877,Synthetic Product 00877,CASE,AMBIENT,Y,Y,N
SKU-00878,Synthetic Product 00878,PALLET,FROZEN,Y,N,N
SKU-00879,Synthetic Product 00879,EA,FROZEN,N,N,N
SKU-00880,Synthetic Product 00880,EA,AMBIENT,N,N,N
SKU-00881,Synthetic Product 00881,PALLET,FROZEN,N,N,N
SKU-00882,Synthetic Product 00882,CASE,FROZEN,Y,N,N
SKU-00883,Synthetic Product 00883,CASE,CHILLED,Y,N,Y
SKU-00884,Synthetic Product 00884,CASE,AMBIENT,Y,N,N
SKU-00885,Synthetic Product 00885,EA,AMBIENT,N,N,N
SKU-00886,Synthetic Product 00886,EA,AMBIENT,Y,N,N
SKU-00887,Synthetic Product 00887,PALLET,CHILLED,N,Y,N
SKU-00888,Synthetic Product 00888,PALLET,AMBIENT,N,N,N
SKU-00889,Synthetic Product 00889,EA,AMBIENT,N,N,Y
SKU-00890,Synthetic Product 00890,CASE,AMBIENT,N,N,N
SKU-00891,Synthetic Product 00891,PALLET,AMBIENT,Y,N,N
SKU-00892,Synthetic Product 00892,EA,AMBIENT,N,N,N
SKU-00893,Synthetic Product 00893,PALLET,AMBIENT,Y,N,N
SKU-00894,Synthetic Product 00894,PALLET,AMBIENT,Y,N,N
SKU-00895,Synthetic Product 00895,PALLET,AMBIENT,Y,N,N
SKU-00896,Synthetic Product 00896,CASE,AMBIENT,Y,N,N
SKU-00897,Synthetic Product 00897,CASE,AMBIENT,Y,N,N
SKU-00898,Synthetic Product 00898,PALLET,AMBIENT,Y,N,N
SKU-00899,Synthetic Product 00899,CASE,AMBIENT,Y,N,N
SKU-00900,Synthetic Product 00900,PALLET,FROZEN,N,N,N
SKU-00901,Synthetic Product 00901,PALLET,AMBIENT,Y,N,N
SKU-00902,Synthetic Product 00902,PALLET,AMBIENT,N,Y,N
SKU-00903,Synthetic Product 00903,EA,AMBIENT,N,N,N
SKU-00904,Synthetic Product 00904,PALLET,FROZEN,Y,N,N
SKU-00905,Synthetic Product 00905,PALLET,AMBIENT,N,Y,N
SKU-00906,Synthetic Product 00906,PALLET,AMBIENT,N,N,N
SKU-00907,Synthetic Product 00907,EA,AMBIENT,Y,Y,N
SKU-00908,Synthetic Product 00908,PALLET,AMBIENT,Y,N,N
SKU-00909,Synthetic Product 00909,PALLET,AMBIENT,N,Y,N
SKU-00910,Synthetic Product 00910,EA,AMBIENT,Y,N,N
SKU-00911,Synthetic Product 00911,PALLET,AMBIENT,Y,N,Y
SKU-00912,Synthetic Product 00912,EA,AMBIENT,Y,Y,Y
SKU-00913,Synthetic Product 00913,EA,AMBIENT,N,N,N
SKU-00914,Synthetic Product 00914,CASE,AMBIENT,Y,Y,N
SKU-00915,Synthetic Product 00915,CASE,AMBIENT,Y,N,N
SKU-00916,Synthetic Product 00916,PALLET,AMBIENT,N,N,N
SKU-00917,Synthetic Product 00917,EA,AMBIENT,Y,N,N
SKU-00918,Synthetic Product 00918,CASE,AMBIENT,N,N,N
SKU-00919,Synthetic Product 00919,PALLET,AMBIENT,N,N,N
SKU-00920,Synthetic Product 00920,PALLET,AMBIENT,Y,N,N
SKU-00921,Synthetic Product 00921,PALLET,AMBIENT,Y,N,N
SKU-00922,Synthetic Product 00922,CASE,CHILLED,N,N,N
SKU-00923,Synthetic Product 00923,PALLET,AMBIENT,Y,N,N
SKU-00924,Synthetic Product 00924,CASE,AMBIENT,N,Y,N
SKU-00925,Synthetic Product 00925,CASE,CHILLED,N,N,N
SKU-00926,Synthetic Product 00926,EA,AMBIENT,N,N,N
SKU-00927,Synthetic Product 00927,EA,AMBIENT,Y,N,N
SKU-00928,Synthetic Product 00928,PALLET,AMBIENT,N,N,N
SKU-00929,Synthetic Product 00929,EA,FROZEN,N,N,N
SKU-00930,Synthetic Product 00930,CASE,AMBIENT,N,N,N
SKU-00931,Synthetic Product 00931,CASE,CHILLED,Y,N,N
SKU-00932,Synthetic Product 00932,EA,AMBIENT,Y,N,N
SKU-00933,Synthetic Product 00933,PALLET,AMBIENT,Y,N,N
SKU-00934,Synthetic Product 00934,PALLET,AMBIENT,N,N,N
SKU-00935,Synthetic Product 00935,EA,AMBIENT,N,N,N
SKU-00936,Synthetic Product 00936,PALLET,AMBIENT,Y,N,N
SKU-00937,Synthetic Product 00937,PALLET,CHILLED,Y,Y,N
SKU-00938,Synthetic Product 00938,PALLET,FROZEN,N,N,N
SKU-00939,Synthetic Product 00939,PALLET,FROZEN,N,N,N
SKU-00940,Synthetic Product 00940,EA,AMBIENT,N,N,N
SKU-00941,Synthetic Product 00941,CASE,CHILLED,Y,N,N
SKU-00942,Synthetic Product 00942,CASE,AMBIENT,N,N,N
SKU-00943,Synthetic Product 00943,EA,AMBIENT,Y,N,N
SKU-00944,Synthetic Product 00944,EA,AMBIENT,Y,N,N
SKU-00945,Synthetic Product 00945,PALLET,AMBIENT,N,N,N
SKU-00946,Synthetic Product 00946,EA,CHILLED,N,N,N
SKU-00947,Synthetic Product 00947,EA,AMBIENT,N,Y,N
SKU-00948,Synthetic Product 00948,EA,CHILLED,Y,N,N
SKU-00949,Synthetic Product 00949,EA,AMBIENT,N,N,Y
SKU-00950,Synthetic Product 00950,CASE,AMBIENT,N,Y,N
SKU-00951,Synthetic Product 00951,EA,AMBIENT,Y,N,N
SKU-00952,Synthetic Product 00952,PALLET,AMBIENT,N,Y,N
SKU-00953,Synthetic Product 00953,CASE,AMBIENT,Y,N,N
SKU-00954,Synthetic Product 00954,CASE,AMBIENT,Y,N,N
SKU-00955,Synthetic Product 00955,CASE,AMBIENT,N,N,N
SKU-00956,Synthetic Product 00956,PALLET,AMBIENT,N,N,Y
SKU-00957,Synthetic Product 00957,EA,AMBIENT,Y,Y,N
SKU-00958,Synthetic Product 00958,PALLET,AMBIENT,N,N,N
SKU-00959,Synthetic Product 00959,PALLET,AMBIENT,N,N,N
SKU-00960,Synthetic Product 00960,PALLET,AMBIENT,N,N,N
SKU-00961,Synthetic Product 00961,CASE,AMBIENT,Y,N,N
SKU-00962,Synthetic Product 00962,CASE,AMBIENT,Y,N,N
SKU-00963,Synthetic Product 00963,EA,AMBIENT,N,N,N
SKU-00964,Synthetic Product 00964,EA,AMBIENT,N,N,N
SKU-00965,Synthetic Product 00965,CASE,AMBIENT,N,N,N
SKU-00966,Synthetic Product 00966,CASE,AMBIENT,Y,N,N
SKU-00967,Synthetic Product 00967,EA,AMBIENT,Y,N,N
SKU-00968,Synthetic Product 00968,CASE,CHILLED,Y,N,N
SKU-00969,Synthetic Product 00969,PALLET,AMBIENT,N,N,N
SKU-00970,Synthetic Product 00970,EA,AMBIENT,N,Y,N
SKU-00971,Synthetic Product 00971,CASE,AMBIENT,N,N,N
SKU-00972,Synthetic Product 00972,EA,AMBIENT,Y,Y,N
SKU-00973,Synthetic Product 00973,CASE,AMBIENT,Y,N,N
SKU-00974,Synthetic Product 00974,CASE,AMBIENT,N,N,Y
SKU-00975,Synthetic Product 00975,EA,AMBIENT,N,N,N
SKU-00976,Synthetic Product 00976,PALLET,AMBIENT,N,N,N
SKU-00977,Synthetic Product 00977,EA,CHILLED,Y,N,Y
SKU-00978,Synthetic Product 00978,EA,AMBIENT,Y,N,N
SKU-00979,Synthetic Product 00979,PALLET,AMBIENT,N,N,N
SKU-00980,Synthetic Product 00980,CASE,AMBIENT,Y,N,N
SKU-00981,Synthetic Product 00981,EA,AMBIENT,Y,N,N
SKU-00982,Synthetic Product 00982,CASE,AMBIENT,Y,Y,N
SKU-00983,Synthetic Product 00983,CASE,AMBIENT,Y,N,N
SKU-00984,Synthetic Product 00984,EA,CHILLED,Y,N,Y
SKU-00985,Synthetic Product 00985,PALLET,AMBIENT,Y,N,N
SKU-00986,Synthetic Product 00986,CASE,AMBIENT,Y,N,N
SKU-00987,Synthetic Product 00987,PALLET,AMBIENT,N,N,N
SKU-00988,Synthetic Product 00988,PALLET,AMBIENT,N,N,N
SKU-00989,Synthetic Product 00989,EA,AMBIENT,N,N,N
SKU-00990,Synthetic Product 00990,EA,AMBIENT,Y,N,N
SKU-00991,Synthetic Product 00991,EA,AMBIENT,N,N,N
SKU-00992,Synthetic Product 00992,EA,AMBIENT,Y,N,Y
SKU-00993,Synthetic Product 00993,CASE,AMBIENT,N,N,N
SKU-00994,Synthetic Product 00994,CASE,AMBIENT,N,N,N
SKU-00995,Synthetic Product 00995,EA,AMBIENT,N,N,Y
SKU-00996,Synthetic Product 00996,PALLET,AMBIENT,N,N,N
SKU-00997,Synthetic Product 00997,PALLET,FROZEN,Y,N,N
SKU-00998,Synthetic Product 00998,CASE,AMBIENT,N,Y,N
SKU-00999,Synthetic Product 00999,PALLET,AMBIENT,N,N,N
SKU-01000,Synthetic Product 01000,CASE,AMBIENT,N,N,N
SKU-01001,Synthetic Product 01001,CASE,CHILLED,Y,N,N
SKU-01002,Synthetic Product 01002,CASE,AMBIENT,N,N,N
SKU-01003,Synthetic Product 01003,PALLET,AMBIENT,Y,N,N
SKU-01004,Synthetic Product 01004,CASE,AMBIENT,Y,N,N
SKU-01005,Synthetic Product 01005,CASE,AMBIENT,N,N,N
SKU-01006,Synthetic Product 01006,PALLET,AMBIENT,N,N,N
SKU-01007,Synthetic Product 01007,PALLET,AMBIENT,N,N,N
SKU-01008,Synthetic Product 01008,EA,CHILLED,N,N,N
SKU-01009,Synthetic Product 01009,EA,AMBIENT,N,N,N
SKU-01010,Synthetic Product 01010,PALLET,FROZEN,Y,N,N
SKU-01011,Synthetic Product 01011,CASE,AMBIENT,Y,N,N
SKU-01012,Synthetic Product 01012,PALLET,FROZEN,N,N,N
SKU-01013,Synthetic Product 01013,EA,AMBIENT,Y,N,N
SKU-01014,Synthetic Product 01014,PALLET,FROZEN,N,N,N
SKU-01015,Synthetic Product 01015,EA,AMBIENT,N,N,N
SKU-01016,Synthetic Product 01016,EA,AMBIENT,N,N,N
SKU-01017,Synthetic Product 01017,PALLET,AMBIENT,Y,N,N
SKU-01018,Synthetic Product 01018,PALLET,AMBIENT,Y,N,N
SKU-01019,Synthetic Product 01019,EA,FROZEN,N,N,N
SKU-01020,Synthetic Product 01020,PALLET,AMBIENT,N,N,N
SKU-01021,Synthetic Product 01021,EA,AMBIENT,Y,N,N
SKU-01022,Synthetic Product 01022,EA,CHILLED,Y,N,N
SKU-01023,Synthetic Product 01023,PALLET,AMBIENT,Y,Y,N
SKU-01024,Synthetic Product 01024,EA,AMBIENT,N,N,N
SKU-01025,Synthetic Product 01025,CASE,AMBIENT,N,N,Y
SKU-01026,Synthetic Product 01026,CASE,AMBIENT,N,N,N
SKU-01027,Synthetic Product 01027,PALLET,AMBIENT,Y,N,N
SKU-01028,Synthetic Product 01028,PALLET,AMBIENT,N,N,N
SKU-01029,Synthetic Product 01029,EA,FROZEN,Y,N,N
SKU-01030,Synthetic Product 01030,CASE,CHILLED,Y,N,N
SKU-01031,Synthetic Product 01031,PALLET,CHILLED,Y,N,N
SKU-01032,Synthetic Product 01032,CASE,AMBIENT,Y,N,N
SKU-01033,Synthetic Product 01033,EA,AMBIENT,N,N,N
SKU-01034,Synthetic Product 01034,EA,AMBIENT,Y,Y,N
SKU-01035,Synthetic Product 01035,CASE,AMBIENT,Y,N,N
SKU-01036,Synthetic Product 01036,PALLET,AMBIENT,Y,N,N
SKU-01037,Synthetic Product 01037,EA,AMBIENT,Y,N,N
SKU-01038,Synthetic Product 01038,EA,AMBIENT,Y,N,N
SKU-01039,Synthetic Product 01039,EA,AMBIENT,Y,N,N
SKU-01040,Synthetic Product 01040,PALLET,AMBIENT,N,N,N
SKU-01041,Synthetic Product 01041,EA,FROZEN,N,N,N
SKU-01042,Synthetic Product 01042,EA,AMBIENT,Y,N,N
SKU-01043,Synthetic Product 01043,EA,AMBIENT,N,N,N
SKU-01044,Synthetic Product 01044,PALLET,AMBIENT,N,N,Y
SKU-01045,Synthetic Product 01045,EA,CHILLED,N,N,N
SKU-01046,Synthetic Product 01046,CASE,AMBIENT,Y,N,N
SKU-01047,Synthetic Product 01047,EA,AMBIENT,Y,N,N
SKU-01048,Synthetic Product 01048,PALLET,AMBIENT,Y,Y,N
SKU-01049,Synthetic Product 01049,PALLET,AMBIENT,Y,Y,N
SKU-01050,Synthetic Product 01050,PALLET,AMBIENT,N,N,N
SKU-01051,Synthetic Product 01051,EA,AMBIENT,Y,N,N
SKU-01052,Synthetic Product 01052,EA,AMBIENT,N,N,N
SKU-01053,Synthetic Product 01053,EA,AMBIENT,N,N,N
SKU-01054,Synthetic Product 01054,EA,AMBIENT,N,N,N
SKU-01055,Synthetic Product 01055,EA,AMBIENT,N,N,N
SKU-01056,Synthetic Product 01056,PALLET,AMBIENT,Y,N,N
SKU-01057,Synthetic Product 01057,PALLET,AMBIENT,N,N,N
SKU-01058,Synthetic Product 01058,PALLET,AMBIENT,N,Y,N
SKU-01059,Synthetic Product 01059,EA,AMBIENT,N,N,N
SKU-01060,Synthetic Product 01060,EA,AMBIENT,Y,N,N
SKU-01061,Synthetic Product 01061,EA,AMBIENT,Y,N,N
SKU-01062,Synthetic Product 01062,EA,AMBIENT,N,N,N
SKU-01063,Synthetic Product 01063,CASE,AMBIENT,N,N,N
SKU-01064,Synthetic Product 01064,PALLET,AMBIENT,N,Y,N
SKU-01065,Synthetic Product 01065,CASE,AMBIENT,N,N,N
SKU-01066,Synthetic Product 01066,PALLET,AMBIENT,Y,N,N
SKU-01067,Synthetic Product 01067,CASE,AMBIENT,N,N,N
SKU-01068,Synthetic Product 01068,PALLET,AMBIENT,N,N,N
SKU-01069,Synthetic Product 01069,EA,AMBIENT,Y,N,N
SKU-01070,Synthetic Product 01070,CASE,AMBIENT,N,N,N
SKU-01071,Synthetic Product 01071,EA,AMBIENT,Y,Y,N
SKU-01072,Synthetic Product 01072,EA,AMBIENT,N,N,N
SKU-01073,Synthetic Product 01073,CASE,CHILLED,N,N,N
SKU-01074,Synthetic Product 01074,PALLET,FROZEN,N,N,N
SKU-01075,Synthetic Product 01075,PALLET,AMBIENT,Y,N,N
SKU-01076,Synthetic Product 01076,EA,FROZEN,N,N,N
SKU-01077,Synthetic Product 01077,CASE,AMBIENT,Y,N,N
SKU-01078,Synthetic Product 01078,EA,AMBIENT,N,N,N
SKU-01079,Synthetic Product 01079,PALLET,AMBIENT,N,Y,N
SKU-01080,Synthetic Product 01080,PALLET,FROZEN,Y,N,N
SKU-01081,Synthetic Product 01081,CASE,AMBIENT,Y,N,N
SKU-01082,Synthetic Product 01082,CASE,AMBIENT,N,N,N
SKU-01083,Synthetic Product 01083,PALLET,AMBIENT,Y,N,N
SKU-01084,Synthetic Product 01084,CASE,AMBIENT,Y,N,N
SKU-01085,Synthetic Product 01085,PALLET,AMBIENT,Y,N,N
SKU-01086,Synthetic Product 01086,EA,AMBIENT,N,N,N
SKU-01087,Synthetic Product 01087,PALLET,AMBIENT,Y,N,N
SKU-01088,Synthetic Product 01088,PALLET,AMBIENT,N,N,Y
SKU-01089,Synthetic Product 01089,EA,AMBIENT,N,N,Y
SKU-01090,Synthetic Product 01090,CASE,AMBIENT,Y,N,N
SKU-01091,Synthetic Product 01091,CASE,AMBIENT,Y,N,N
SKU-01092,Synthetic Product 01092,PALLET,FROZEN,Y,N,N
SKU-01093,Synthetic Product 01093,EA,AMBIENT,Y,N,N
SKU-01094,Synthetic Product 01094,PALLET,FROZEN,N,Y,N
SKU-01095,Synthetic Product 01095,CASE,CHILLED,Y,Y,N
SKU-01096,Synthetic Product 01096,CASE,AMBIENT,Y,N,N
SKU-01097,Synthetic Product 01097,CASE,AMBIENT,Y,N,N
SKU-01098,Synthetic Product 01098,CASE,AMBIENT,N,N,N
SKU-01099,Synthetic Product 01099,PALLET,AMBIENT,Y,N,N
SKU-01100,Synthetic Product 01100,EA,CHILLED,N,N,N
SKU-01101,Synthetic Product 01101,PALLET,AMBIENT,N,N,N
SKU-01102,Synthetic Product 01102,CASE,AMBIENT,Y,N,N
SKU-01103,Synthetic Product 01103,PALLET,AMBIENT,N,N,N
SKU-01104,Synthetic Product 01104,EA,AMBIENT,N,N,N
SKU-01105,Synthetic Product 01105,PALLET,AMBIENT,Y,N,N
SKU-01106,Synthetic Product 01106,EA,AMBIENT,Y,N,N
SKU-01107,Synthetic Product 01107,EA,FROZEN,N,N,N
SKU-01108,Synthetic Product 01108,CASE,AMBIENT,N,N,N
SKU-01109,Synthetic Product 01109,CASE,AMBIENT,Y,N,N
SKU-01110,Synthetic Product 01110,EA,FROZEN,Y,N,N
SKU-01111,Synthetic Product 01111,EA,AMBIENT,N,N,N
SKU-01112,Synthetic Product 01112,PALLET,CHILLED,Y,N,Y
SKU-01113,Synthetic Product 01113,PALLET,AMBIENT,Y,N,N
SKU-01114,Synthetic Product 01114,PALLET,AMBIENT,Y,N,N
SKU-01115,Synthetic Product 01115,PALLET,FROZEN,Y,N,Y
SKU-01116,Synthetic Product 01116,PALLET,AMBIENT,N,N,N
SKU-01117,Synthetic Product 01117,PALLET,AMBIENT,N,N,N
SKU-01118,Synthetic Product 01118,EA,FROZEN,N,Y,N
SKU-01119,Synthetic Product 01119,CASE,AMBIENT,Y,N,N
SKU-01120,Synthetic Product 01120,CASE,CHILLED,N,N,N
SKU-01121,Synthetic Product 01121,PALLET,AMBIENT,Y,N,N
SKU-01122,Synthetic Product 01122,EA,AMBIENT,N,N,N
SKU-01123,Synthetic Product 01123,CASE,AMBIENT,N,N,N
SKU-01124,Synthetic Product 01124,PALLET,AMBIENT,Y,N,N
SKU-01125,Synthetic Product 01125,EA,AMBIENT,Y,N,N
SKU-01126,Synthetic Product 01126,PALLET,AMBIENT,N,N,N
SKU-01127,Synthetic Product 01127,CASE,AMBIENT,Y,N,N
SKU-01128,Synthetic Product 01128,EA,AMBIENT,Y,N,N
SKU-01129,Synthetic Product 01129,CASE,AMBIENT,Y,N,Y
SKU-01130,Synthetic Product 01130,PALLET,AMBIENT,N,N,N
SKU-01131,Synthetic Product 01131,CASE,AMBIENT,N,N,N
SKU-01132,Synthetic Product 01132,CASE,CHILLED,Y,N,N
SKU-01133,Synthetic Product 01133,CASE,AMBIENT,Y,N,N
SKU-01134,Synthetic Product 01134,EA,FROZEN,Y,Y,N
SKU-01135,Synthetic Product 01135,CASE,AMBIENT,Y,N,N
SKU-01136,Synthetic Product 01136,CASE,AMBIENT,N,N,N
SKU-01137,Synthetic Product 01137,PALLET,AMBIENT,Y,N,N
SKU-01138,Synthetic Product 01138,PALLET,FROZEN,N,N,N
SKU-01139,Synthetic Product 01139,EA,AMBIENT,N,Y,N
SKU-01140,Synthetic Product 01140,PALLET,AMBIENT,Y,Y,N
SKU-01141,Synthetic Product 01141,EA,AMBIENT,Y,N,N
SKU-01142,Synthetic Product 01142,EA,AMBIENT,Y,N,N
SKU-01143,Synthetic Product 01143,CASE,FROZEN,N,N,N
SKU-01144,Synthetic Product 01144,PALLET,AMBIENT,N,N,N
SKU-01145,Synthetic Product 01145,EA,FROZEN,N,N,N
SKU-01146,Synthetic Product 01146,CASE,AMBIENT,N,Y,N
SKU-01147,Synthetic Product 01147,PALLET,AMBIENT,N,N,N
SKU-01148,Synthetic Product 01148,PALLET,AMBIENT,N,N,N
SKU-01149,Synthetic Product 01149,CASE,FROZEN,N,N,N
SKU-01150,Synthetic Product 01150,EA,AMBIENT,Y,N,N
SKU-01151,Synthetic Product 01151,EA,AMBIENT,N,N,N
SKU-01152,Synthetic Product 01152,PALLET,CHILLED,Y,N,N
SKU-01153,Synthetic Product 01153,EA,AMBIENT,Y,Y,N
SKU-01154,Synthetic Product 01154,EA,AMBIENT,N,N,N
SKU-01155,Synthetic Product 01155,CASE,AMBIENT,N,N,N
SKU-01156,Synthetic Product 01156,CASE,AMBIENT,N,N,Y
SKU-01157,Synthetic Product 01157,PALLET,AMBIENT,N,N,N
SKU-01158,Synthetic Product 01158,EA,AMBIENT,N,Y,N
SKU-01159,Synthetic Product 01159,CASE,CHILLED,N,N,N
SKU-01160,Synthetic Product 01160,CASE,AMBIENT,Y,N,N
SKU-01161,Synthetic Product 01161,PALLET,AMBIENT,Y,Y,N
SKU-01162,Synthetic Product 01162,PALLET,AMBIENT,N,N,N
SKU-01163,Synthetic Product 01163,CASE,AMBIENT,Y,N,N
SKU-01164,Synthetic Product 01164,EA,AMBIENT,Y,N,N
SKU-01165,Synthetic Product 01165,PALLET,AMBIENT,N,N,N
SKU-01166,Synthetic Product 01166,PALLET,FROZEN,Y,N,N
SKU-01167,Synthetic Product 01167,CASE,AMBIENT,N,N,N
SKU-01168,Synthetic Product 01168,CASE,AMBIENT,Y,N,N
SKU-01169,Synthetic Product 01169,CASE,AMBIENT,Y,N,N
SKU-01170,Synthetic Product 01170,CASE,AMBIENT,Y,N,N
SKU-01171,Synthetic Product 01171,PALLET,AMBIENT,Y,N,Y
SKU-01172,Synthetic Product 01172,EA,AMBIENT,Y,N,Y
SKU-01173,Synthetic Product 01173,CASE,AMBIENT,Y,N,N
SKU-01174,Synthetic Product 01174,PALLET,AMBIENT,N,N,N
SKU-01175,Synthetic Product 01175,PALLET,AMBIENT,N,Y,N
SKU-01176,Synthetic Product 01176,PALLET,AMBIENT,Y,N,N
SKU-01177,Synthetic Product 01177,EA,AMBIENT,Y,N,N
SKU-01178,Synthetic Product 01178,EA,FROZEN,Y,N,N
SKU-01179,Synthetic Product 01179,EA,AMBIENT,Y,N,N
SKU-01180,Synthetic Product 01180,CASE,AMBIENT,Y,N,N
SKU-01181,Synthetic Product 01181,CASE,AMBIENT,N,N,N
SKU-01182,Synthetic Product 01182,PALLET,CHILLED,N,N,N
SKU-01183,Synthetic Product 01183,PALLET,AMBIENT,N,Y,N
SKU-01184,Synthetic Product 01184,PALLET,AMBIENT,Y,N,N
SKU-01185,Synthetic Product 01185,CASE,AMBIENT,N,N,N
SKU-01186,Synthetic Product 01186,EA,AMBIENT,N,N,N
SKU-01187,Synthetic Product 01187,EA,AMBIENT,N,N,N
SKU-01188,Synthetic Product 01188,CASE,AMBIENT,Y,N,N
SKU-01189,Synthetic Product 01189,EA,AMBIENT,N,N,N
SKU-01190,Synthetic Product 01190,EA,AMBIENT,Y,N,N
SKU-01191,Synthetic Product 01191,EA,AMBIENT,Y,N,N
SKU-01192,Synthetic Product 01192,EA,AMBIENT,Y,N,N
SKU-01193,Synthetic Product 01193,CASE,AMBIENT,N,N,N
SKU-01194,Synthetic Product 01194,PALLET,AMBIENT,Y,N,N
SKU-01195,Synthetic Product 01195,EA,CHILLED,Y,N,N
SKU-01196,Synthetic Product 01196,EA,AMBIENT,N,N,N
SKU-01197,Synthetic Product 01197,PALLET,AMBIENT,Y,N,N
SKU-01198,Synthetic Product 01198,CASE,AMBIENT,N,N,N
SKU-01199,Synthetic Product 01199,PALLET,AMBIENT,N,N,N
SKU-01200,Synthetic Product 01200,EA,FROZEN,N,N,N
SKU-09999,Happy-path demo case,CASE,AMBIENT,N,N,N
